season,week,defense,offense,position_group,pass_attempts_allowed,completions_allowed,passing_yards_allowed,passing_tds_allowed,interceptions_forced,rush_attempts_allowed,rushing_yards_allowed,rushing_tds_allowed,targets_allowed,receptions_allowed,receiving_yards_allowed,receiving_tds_allowed
2025,1,ARI,NO,ALL,46,27,214,0,0,22,107,1,41,27,214,0
2025,1,ARI,NO,DB,0,0,0,0,0,0,0,0,0,0,0,0
2025,1,ARI,NO,DL,0,0,0,0,0,0,0,0,0,0,0,0
2025,1,ARI,NO,LB,0,0,0,0,0,0,0,0,0,0,0,0
2025,1,ARI,NO,OL,0,0,0,0,0,0,0,0,0,0,0,0
2025,1,ARI,NO,QB,46,27,214,0,0,4,29,0,0,0,0,0
2025,1,ARI,NO,RB,0,0,0,0,0,18,78,1,2,2,12,0
2025,1,ARI,NO,SPEC,0,0,0,0,0,0,0,0,0,0,0,0
2025,1,ARI,NO,TE,0,0,0,0,0,0,0,0,11,8,76,0
2025,1,ARI,NO,WR,0,0,0,0,0,0,0,0,28,17,126,0
2025,1,ATL,TB,ALL,32,17,167,3,0,23,101,0,30,17,167,3
2025,1,ATL,TB,DB,0,0,0,0,0,0,0,0,0,0,0,0
2025,1,ATL,TB,DL,0,0,0,0,0,0,0,0,0,0,0,0
2025,1,ATL,TB,LB,0,0,0,0,0,0,0,0,0,0,0,0
2025,1,ATL,TB,OL,0,0,0,0,0,0,0,0,0,0,0,0
2025,1,ATL,TB,QB,32,17,167,3,0,5,39,0,0,0,0,0
2025,1,ATL,TB,RB,0,0,0,0,0,17,53,0,5,5,10,1
2025,1,ATL,TB,SPEC,0,0,0,0,0,0,0,0,0,0,0,0
2025,1,ATL,TB,TE,0,0,0,0,0,0,0,0,3,0,0,0
2025,1,ATL,TB,WR,0,0,0,0,0,1,9,0,22,12,157,2
2025,1,BAL,BUF,ALL,46,33,394,2,0,31,108,3,45,33,394,2
2025,1,BAL,BUF,DB,0,0,0,0,0,0,0,0,0,0,0,0
2025,1,BAL,BUF,DL,0,0,0,0,0,0,0,0,0,0,0,0
2025,1,BAL,BUF,LB,0,0,0,0,0,0,0,0,0,0,0,0
2025,1,BAL,BUF,OL,0,0,0,0,0,0,0,0,0,0,0,0
2025,1,BAL,BUF,QB,46,33,394,2,0,14,30,2,0,0,0,0
2025,1,BAL,BUF,RB,0,0,0,0,0,16,70,1,8,6,57,0
2025,1,BAL,BUF,SPEC,0,0,0,0,0,0,0,0,0,0,0,0
2025,1,BAL,BUF,TE,0,0,0,0,0,0,0,0,7,7,97,1
2025,1,BAL,BUF,WR,0,0,0,0,0,1,8,0,30,20,240,1
2025,1,BUF,BAL,ALL,19,14,209,2,0,29,238,3,19,14,209,2
2025,1,BUF,BAL,DB,0,0,0,0,0,0,0,0,0,0,0,0
2025,1,BUF,BAL,DL,0,0,0,0,0,0,0,0,0,0,0,0
2025,1,BUF,BAL,LB,0,0,0,0,0,0,0,0,0,0,0,0
2025,1,BUF,BAL,OL,0,0,0,0,0,0,0,0,0,0,0,0
2025,1,BUF,BAL,QB,19,14,209,2,0,6,70,1,0,0,0,0
2025,1,BUF,BAL,RB,0,0,0,0,0,21,160,2,3,2,16,0
2025,1,BUF,BAL,SPEC,0,0,0,0,0,0,0,0,0,0,0,0
2025,1,BUF,BAL,TE,0,0,0,0,0,0,0,0,1,1,5,0
2025,1,BUF,BAL,WR,0,0,0,0,0,2,8,0,15,11,188,2
2025,1,CAR,JAX,ALL,31,19,178,1,0,32,200,1,29,19,178,1
2025,1,CAR,JAX,DB,0,0,0,0,0,0,0,0,8,6,33,0
2025,1,CAR,JAX,DL,0,0,0,0,0,0,0,0,0,0,0,0
2025,1,CAR,JAX,LB,0,0,0,0,0,0,0,0,0,0,0,0
2025,1,CAR,JAX,OL,0,0,0,0,0,0,0,0,0,0,0,0
2025,1,CAR,JAX,QB,31,19,178,1,0,4,12,0,0,0,0,0
2025,1,CAR,JAX,RB,0,0,0,0,0,25,173,0,4,4,17,0
2025,1,CAR,JAX,SPEC,0,0,0,0,0,0,0,0,0,0,0,0
2025,1,CAR,JAX,TE,0,0,0,0,0,0,0,0,6,5,65,1
2025,1,CAR,JAX,WR,0,0,0,0,0,3,15,1,11,4,63,0
2025,1,CHI,MIN,ALL,20,13,143,2,0,26,120,1,20,13,143,2
2025,1,CHI,MIN,DB,0,0,0,0,0,0,0,0,0,0,0,0
2025,1,CHI,MIN,DL,0,0,0,0,0,0,0,0,0,0,0,0
2025,1,CHI,MIN,LB,0,0,0,0,0,0,0,0,0,0,0,0
2025,1,CHI,MIN,OL,0,0,0,0,0,0,0,0,0,0,0,0
2025,1,CHI,MIN,QB,20,13,143,2,0,2,25,1,0,0,0,0
2025,1,CHI,MIN,RB,0,0,0,0,0,23,91,0,4,4,51,1
2025,1,CHI,MIN,SPEC,0,0,0,0,0,0,0,0,0,0,0,0
2025,1,CHI,MIN,TE,0,0,0,0,0,0,0,0,5,4,20,0
2025,1,CHI,MIN,WR,0,0,0,0,0,1,4,0,11,5,72,1
2025,1,CIN,CLE,ALL,45,31,290,1,0,24,49,1,42,31,290,1
2025,1,CIN,CLE,DB,0,0,0,0,0,0,0,0,0,0,0,0
2025,1,CIN,CLE,DL,0,0,0,0,0,0,0,0,0,0,0,0
2025,1,CIN,CLE,LB,0,0,0,0,0,0,0,0,0,0,0,0
2025,1,CIN,CLE,OL,0,0,0,0,0,0,0,0,0,0,0,0
2025,1,CIN,CLE,QB,45,31,290,1,0,2,6,0,0,0,0,0
2025,1,CIN,CLE,RB,0,0,0,0,0,21,40,1,9,9,61,0
2025,1,CIN,CLE,SPEC,0,0,0,0,0,0,0,0,0,0,0,0
2025,1,CIN,CLE,TE,0,0,0,0,0,1,3,0,15,10,100,0
2025,1,CIN,CLE,WR,0,0,0,0,0,0,0,0,18,12,129,1
2025,1,CLE,CIN,ALL,23,14,113,1,0,23,46,1,23,14,113,1
2025,1,CLE,CIN,DB,0,0,0,0,0,0,0,0,0,0,0,0
2025,1,CLE,CIN,DL,0,0,0,0,0,0,0,0,0,0,0,0
2025,1,CLE,CIN,LB,0,0,0,0,0,0,0,0,0,0,0,0
2025,1,CLE,CIN,OL,0,0,0,0,0,0,0,0,0,0,0,0
2025,1,CLE,CIN,QB,23,14,113,1,0,2,3,0,0,0,0,0
2025,1,CLE,CIN,RB,0,0,0,0,0,21,43,1,5,4,14,0
2025,1,CLE,CIN,SPEC,0,0,0,0,0,0,0,0,0,0,0,0
2025,1,CLE,CIN,TE,0,0,0,0,0,0,0,0,9,5,40,1
2025,1,CLE,CIN,WR,0,0,0,0,0,0,0,0,9,5,59,0
2025,1,DAL,PHI,ALL,23,19,152,0,0,38,158,3,20,19,152,0
2025,1,DAL,PHI,DB,0,0,0,0,0,0,0,0,0,0,0,0
2025,1,DAL,PHI,DL,0,0,0,0,0,0,0,0,0,0,0,0
2025,1,DAL,PHI,LB,0,0,0,0,0,0,0,0,0,0,0,0
2025,1,DAL,PHI,QB,23,19,152,0,0,14,62,2,0,0,0,0
2025,1,DAL,PHI,RB,0,0,0,0,0,24,96,1,5,4,24,0
2025,1,DAL,PHI,SPEC,0,0,0,0,0,0,0,0,0,0,0,0
2025,1,DAL,PHI,TE,0,0,0,0,0,0,0,0,8,8,45,0
2025,1,DAL,PHI,WR,0,0,0,0,0,0,0,0,7,7,83,0
2025,1,DEN,TEN,ALL,28,12,112,0,0,21,71,0,25,12,112,0
2025,1,DEN,TEN,DB,0,0,0,0,0,0,0,0,0,0,0,0
2025,1,DEN,TEN,DL,0,0,0,0,0,0,0,0,0,0,0,0
2025,1,DEN,TEN,LB,0,0,0,0,0,0,0,0,0,0,0,0
2025,1,DEN,TEN,OL,0,0,0,0,0,0,0,0,0,0,0,0
2025,1,DEN,TEN,QB,28,12,112,0,0,0,0,0,0,0,0,0
2025,1,DEN,TEN,RB,0,0,0,0,0,20,62,0,1,1,29,0
2025,1,DEN,TEN,SPEC,0,0,0,0,0,0,0,0,0,0,0,0
2025,1,DEN,TEN,TE,0,0,0,0,0,0,0,0,6,4,35,0
2025,1,DEN,TEN,WR,0,0,0,0,0,1,9,0,18,7,48,0
2025,1,DET,GB,ALL,22,16,188,2,0,25,78,1,22,16,188,2
2025,1,DET,GB,DB,0,0,0,0,0,0,0,0,0,0,0,0
2025,1,DET,GB,DL,0,0,0,0,0,0,0,0,0,0,0,0
2025,1,DET,GB,LB,0,0,0,0,0,0,0,0,0,0,0,0
2025,1,DET,GB,QB,22,16,188,2,0,3,4,0,0,0,0,0
2025,1,DET,GB,RB,0,0,0,0,0,21,71,1,2,2,6,0
2025,1,DET,GB,SPEC,0,0,0,0,0,0,0,0,0,0,0,0
2025,1,DET,GB,TE,0,0,0,0,0,1,3,0,6,4,22,1
2025,1,DET,GB,WR,0,0,0,0,0,0,0,0,14,10,160,1
2025,1,GB,DET,ALL,39,31,225,1,0,22,46,0,38,31,225,1
2025,1,GB,DET,DB,0,0,0,0,0,0,0,0,0,0,0,0
2025,1,GB,DET,DL,0,0,0,0,0,0,0,0,0,0,0,0
2025,1,GB,DET,LB,0,0,0,0,0,0,0,0,0,0,0,0
2025,1,GB,DET,QB,39,31,225,1,0,1,-1,0,0,0,0,0
2025,1,GB,DET,RB,0,0,0,0,0,20,44,0,14,14,49,0
2025,1,GB,DET,SPEC,0,0,0,0,0,0,0,0,0,0,0,0
2025,1,GB,DET,TE,0,0,0,0,0,0,0,0,9,6,79,0
2025,1,GB,DET,WR,0,0,0,0,0,1,3,0,15,11,97,1
2025,1,HOU,LA,ALL,29,21,245,1,0,25,72,1,28,21,245,1
2025,1,HOU,LA,DB,0,0,0,0,0,0,0,0,0,0,0,0
2025,1,HOU,LA,DL,0,0,0,0,0,0,0,0,0,0,0,0
2025,1,HOU,LA,LB,0,0,0,0,0,0,0,0,0,0,0,0
2025,1,HOU,LA,OL,0,0,0,0,0,0,0,0,0,0,0,0
2025,1,HOU,LA,QB,29,21,245,1,0,4,-2,0,0,0,0,0
2025,1,HOU,LA,RB,0,0,0,0,0,19,68,1,3,2,17,0
2025,1,HOU,LA,SPEC,0,0,0,0,0,0,0,0,0,0,0,0
2025,1,HOU,LA,TE,0,0,0,0,0,0,0,0,4,3,7,1
2025,1,HOU,LA,WR,0,0,0,0,0,2,6,0,21,16,221,0
2025,1,IND,MIA,ALL,31,19,146,1,0,12,78,0,31,19,146,1
2025,1,IND,MIA,DB,0,0,0,0,0,0,0,0,0,0,0,0
2025,1,IND,MIA,DL,0,0,0,0,0,0,0,0,0,0,0,0
2025,1,IND,MIA,LB,0,0,0,0,0,0,0,0,0,0,0,0
2025,1,IND,MIA,OL,0,0,0,0,0,0,0,0,0,0,0,0
2025,1,IND,MIA,QB,31,19,146,1,0,2,10,0,0,0,0,0
2025,1,IND,MIA,RB,0,0,0,0,0,9,59,0,7,5,20,1
2025,1,IND,MIA,SPEC,0,0,0,0,0,0,0,0,0,0,0,0
2025,1,IND,MIA,TE,0,0,0,0,0,0,0,0,4,2,20,0
2025,1,IND,MIA,WR,0,0,0,0,0,1,9,0,20,12,106,0
2025,1,JAX,CAR,ALL,35,18,154,1,0,25,113,0,34,18,154,1
2025,1,JAX,CAR,DB,0,0,0,0,0,0,0,0,0,0,0,0
2025,1,JAX,CAR,DL,0,0,0,0,0,0,0,0,0,0,0,0
2025,1,JAX,CAR,LB,0,0,0,0,0,0,0,0,0,0,0,0
2025,1,JAX,CAR,OL,0,0,0,0,0,0,0,0,0,0,0,0
2025,1,JAX,CAR,QB,35,18,154,1,0,5,40,0,0,0,0,0
2025,1,JAX,CAR,RB,0,0,0,0,0,20,73,0,8,5,36,1
2025,1,JAX,CAR,SPEC,0,0,0,0,0,0,0,0,0,0,0,0
2025,1,JAX,CAR,TE,0,0,0,0,0,0,0,0,4,3,29,0
2025,1,JAX,CAR,WR,0,0,0,0,0,0,0,0,22,10,89,0
2025,1,KC,LAC,ALL,34,25,318,3,0,25,90,0,34,25,318,3
2025,1,KC,LAC,DB,0,0,0,0,0,0,0,0,0,0,0,0
2025,1,KC,LAC,DL,0,0,0,0,0,0,0,0,0,0,0,0
2025,1,KC,LAC,LB,0,0,0,0,0,0,0,0,0,0,0,0
2025,1,KC,LAC,OL,0,0,0,0,0,0,0,0,0,0,0,0
2025,1,KC,LAC,QB,34,25,318,3,0,7,32,0,0,0,0,0
2025,1,KC,LAC,RB,0,0,0,0,0,16,53,0,3,3,18,0
2025,1,KC,LAC,SPEC,0,0,0,0,0,0,0,0,0,0,0,0
2025,1,KC,LAC,TE,0,0,0,0,0,1,2,0,3,3,68,0
2025,1,KC,LAC,WR,0,0,0,0,0,1,3,0,28,19,232,3
2025,1,LA,HOU,ALL,27,19,188,0,0,27,114,0,27,19,188,0
2025,1,LA,HOU,DB,0,0,0,0,0,0,0,0,0,0,0,0
2025,1,LA,HOU,DL,0,0,0,0,0,0,0,0,0,0,0,0
2025,1,LA,HOU,LB,0,0,0,0,0,0,0,0,0,0,0,0
2025,1,LA,HOU,OL,0,0,0,0,0,0,0,0,0,0,0,0
2025,1,LA,HOU,QB,27,19,188,0,0,5,32,0,0,0,0,0
2025,1,LA,HOU,RB,0,0,0,0,0,21,77,0,4,2,17,0
2025,1,LA,HOU,SPEC,0,0,0,0,0,0,0,0,0,0,0,0
2025,1,LA,HOU,TE,0,0,0,0,0,0,0,0,9,7,50,0
2025,1,LA,HOU,WR,0,0,0,0,0,1,5,0,14,10,121,0
2025,1,LAC,KC,ALL,39,24,258,1,0,17,98,1,38,24,258,1
2025,1,LAC,KC,DB,0,0,0,0,0,0,0,0,0,0,0,0
2025,1,LAC,KC,DL,0,0,0,0,0,0,0,0,0,0,0,0
2025,1,LAC,KC,LB,0,0,0,0,0,0,0,0,0,0,0,0
2025,1,LAC,KC,OL,0,0,0,0,0,0,0,0,0,0,0,0
2025,1,LAC,KC,QB,39,24,258,1,0,6,57,1,0,0,0,0
2025,1,LAC,KC,RB,0,0,0,0,0,10,41,0,6,4,13,0
2025,1,LAC,KC,SPEC,0,0,0,0,0,0,0,0,0,0,0,0
2025,1,LAC,KC,TE,0,0,0,0,0,0,0,0,5,3,50,1
2025,1,LAC,KC,WR,0,0,0,0,0,1,0,0,27,17,195,0
2025,1,LV,NE,ALL,46,30,287,1,0,18,60,0,45,30,287,1
2025,1,LV,NE,DB,0,0,0,0,0,0,0,0,0,0,0,0
2025,1,LV,NE,DL,0,0,0,0,0,0,0,0,0,0,0,0
2025,1,LV,NE,LB,0,0,0,0,0,0,0,0,0,0,0,0
2025,1,LV,NE,OL,0,0,0,0,0,0,0,0,0,0,0,0
2025,1,LV,NE,QB,46,30,287,1,0,4,11,0,1,1,2,0
2025,1,LV,NE,RB,0,0,0,0,0,13,45,0,10,8,36,0
2025,1,LV,NE,SPEC,0,0,0,0,0,0,0,0,0,0,0,0
2025,1,LV,NE,TE,0,0,0,0,0,0,0,0,9,5,76,0
2025,1,LV,NE,WR,0,0,0,0,0,1,4,0,25,16,173,1
2025,1,MIA,IND,ALL,29,22,272,1,0,40,156,2,29,22,272,1
2025,1,MIA,IND,DB,0,0,0,0,0,0,0,0,0,0,0,0
2025,1,MIA,IND,DL,0,0,0,0,0,0,0,0,0,0,0,0
2025,1,MIA,IND,LB,0,0,0,0,0,0,0,0,0,0,0,0
2025,1,MIA,IND,OL,0,0,0,0,0,0,0,0,0,0,0,0
2025,1,MIA,IND,QB,29,22,272,1,0,7,26,2,0,0,0,0
2025,1,MIA,IND,RB,0,0,0,0,0,31,112,0,3,3,27,0
2025,1,MIA,IND,SPEC,0,0,0,0,0,0,0,0,0,0,0,0
2025,1,MIA,IND,TE,0,0,0,0,0,1,3,0,10,8,96,0
2025,1,MIA,IND,WR,0,0,0,0,0,1,15,0,16,11,149,1
2025,1,MIN,CHI,ALL,35,21,210,1,0,26,119,1,34,21,210,1
2025,1,MIN,CHI,DB,0,0,0,0,0,0,0,0,0,0,0,0
2025,1,MIN,CHI,DL,0,0,0,0,0,0,0,0,0,0,0,0
2025,1,MIN,CHI,LB,0,0,0,0,0,0,0,0,0,0,0,0
2025,1,MIN,CHI,OL,0,0,0,0,0,0,0,0,0,0,0,0
2025,1,MIN,CHI,QB,35,21,210,1,0,6,58,1,0,0,0,0
2025,1,MIN,CHI,RB,0,0,0,0,0,17,53,0,6,4,23,0
2025,1,MIN,CHI,SPEC,0,0,0,0,0,0,0,0,0,0,0,0
2025,1,MIN,CHI,TE,0,0,0,0,0,0,0,0,6,3,43,0
2025,1,MIN,CHI,WR,0,0,0,0,0,3,8,0,22,14,144,1
2025,1,NE,LV,ALL,34,24,362,1,0,24,56,1,33,24,362,1
2025,1,NE,LV,DB,0,0,0,0,0,0,0,0,0,0,0,0
2025,1,NE,LV,DL,0,0,0,0,0,0,0,0,0,0,0,0
2025,1,NE,LV,LB,0,0,0,0,0,0,0,0,0,0,0,0
2025,1,NE,LV,OL,0,0,0,0,0,0,0,0,0,0,0,0
2025,1,NE,LV,QB,34,24,362,1,0,2,10,0,0,0,0,0
2025,1,NE,LV,RB,0,0,0,0,0,22,46,1,2,2,2,0
2025,1,NE,LV,SPEC,0,0,0,0,0,0,0,0,0,0,0,0
2025,1,NE,LV,TE,0,0,0,0,0,0,0,0,12,9,141,0
2025,1,NE,LV,WR,0,0,0,0,0,0,0,0,19,13,219,1
2025,1,NO,ARI,ALL,29,21,163,2,0,27,146,0,29,21,163,2
2025,1,NO,ARI,DB,0,0,0,0,0,0,0,0,0,0,0,0
2025,1,NO,ARI,DL,0,0,0,0,0,0,0,0,0,0,0,0
2025,1,NO,ARI,LB,0,0,0,0,0,0,0,0,0,0,0,0
2025,1,NO,ARI,OL,0,0,0,0,0,0,0,0,0,0,0,0
2025,1,NO,ARI,QB,29,21,163,2,0,7,38,0,0,0,0,0
2025,1,NO,ARI,RB,0,0,0,0,0,20,108,0,5,5,11,1
2025,1,NO,ARI,SPEC,0,0,0,0,0,0,0,0,0,0,0,0
2025,1,NO,ARI,TE,0,0,0,0,0,0,0,0,12,8,74,0
2025,1,NO,ARI,WR,0,0,0,0,0,0,0,0,12,8,78,1
2025,1,NYG,WAS,ALL,30,19,233,1,0,32,220,2,29,19,233,1
2025,1,NYG,WAS,DB,0,0,0,0,0,0,0,0,0,0,0,0
2025,1,NYG,WAS,DL,0,0,0,0,0,0,0,0,0,0,0,0
2025,1,NYG,WAS,LB,0,0,0,0,0,0,0,0,0,0,0,0
2025,1,NYG,WAS,OL,0,0,0,0,0,0,0,0,0,0,0,0
2025,1,NYG,WAS,QB,30,19,233,1,0,11,68,0,0,0,0,0
2025,1,NYG,WAS,RB,0,0,0,0,0,20,133,1,4,3,31,0
2025,1,NYG,WAS,SPEC,0,0,0,0,0,0,0,0,0,0,0,0
2025,1,NYG,WAS,TE,0,0,0,0,0,0,0,0,5,3,26,1
2025,1,NYG,WAS,WR,0,0,0,0,0,1,19,1,20,13,176,0
2025,1,NYJ,PIT,ALL,30,22,244,4,0,20,53,0,29,22,244,4
2025,1,NYJ,PIT,DB,0,0,0,0,0,0,0,0,0,0,0,0
2025,1,NYJ,PIT,DL,0,0,0,0,0,0,0,0,0,0,0,0
2025,1,NYJ,PIT,LB,0,0,0,0,0,0,0,0,0,0,0,0
2025,1,NYJ,PIT,QB,30,22,244,4,0,1,-1,0,0,0,0,0
2025,1,NYJ,PIT,RB,0,0,0,0,0,19,54,0,6,5,26,1
2025,1,NYJ,PIT,SPEC,0,0,0,0,0,0,0,0,0,0,0,0
2025,1,NYJ,PIT,TE,0,0,0,0,0,0,0,0,9,8,43,1
2025,1,NYJ,PIT,WR,0,0,0,0,0,0,0,0,14,9,175,2
2025,1,PHI,DAL,ALL,34,21,188,0,0,22,119,2,33,21,188,0
2025,1,PHI,DAL,DB,0,0,0,0,0,0,0,0,0,0,0,0
2025,1,PHI,DAL,DL,0,0,0,0,0,0,0,0,0,0,0,0
2025,1,PHI,DAL,LB,0,0,0,0,0,0,0,0,0,0,0,0
2025,1,PHI,DAL,OL,0,0,0,0,0,0,0,0,0,0,0,0
2025,1,PHI,DAL,OTHER,0,0,0,0,0,0,0,0,0,0,0,0
2025,1,PHI,DAL,QB,34,21,188,0,0,1,3,0,0,0,0,0
2025,1,PHI,DAL,RB,0,0,0,0,0,19,107,2,4,3,7,0
2025,1,PHI,DAL,SPEC,0,0,0,0,0,0,0,0,0,0,0,0
2025,1,PHI,DAL,TE,0,0,0,0,0,0,0,0,8,5,23,0
2025,1,PHI,DAL,WR,0,0,0,0,0,2,9,0,21,13,158,0
2025,1,PIT,NYJ,ALL,22,16,218,1,0,39,182,3,21,16,218,1
2025,1,PIT,NYJ,DB,0,0,0,0,0,0,0,0,0,0,0,0
2025,1,PIT,NYJ,DL,0,0,0,0,0,0,0,0,0,0,0,0
2025,1,PIT,NYJ,LB,0,0,0,0,0,0,0,0,0,0,0,0
2025,1,PIT,NYJ,OL,0,0,0,0,0,0,0,0,0,0,0,0
2025,1,PIT,NYJ,QB,22,16,218,1,0,12,48,2,0,0,0,0
2025,1,PIT,NYJ,RB,0,0,0,0,0,27,134,1,4,2,38,0
2025,1,PIT,NYJ,SPEC,0,0,0,0,0,0,0,0,0,0,0,0
2025,1,PIT,NYJ,TE,0,0,0,0,0,0,0,0,3,3,36,0
2025,1,PIT,NYJ,WR,0,0,0,0,0,0,0,0,14,11,144,1
2025,1,SEA,SF,ALL,35,26,277,2,0,36,119,0,34,26,277,2
2025,1,SEA,SF,DB,0,0,0,0,0,0,0,0,0,0,0,0
2025,1,SEA,SF,DL,0,0,0,0,0,0,0,0,0,0,0,0
2025,1,SEA,SF,LB,0,0,0,0,0,0,0,0,0,0,0,0
2025,1,SEA,SF,OL,0,0,0,0,0,0,0,0,0,0,0,0
2025,1,SEA,SF,QB,35,26,277,2,0,5,17,0,0,0,0,0
2025,1,SEA,SF,RB,0,0,0,0,0,31,102,0,14,12,109,0
2025,1,SEA,SF,SPEC,0,0,0,0,0,0,0,0,0,0,0,0
2025,1,SEA,SF,TE,0,0,0,0,0,0,0,0,8,8,44,2
2025,1,SEA,SF,WR,0,0,0,0,0,0,0,0,12,6,124,0
2025,1,SF,SEA,ALL,23,16,150,0,0,26,84,1,22,16,150,0
2025,1,SF,SEA,DB,0,0,0,0,0,0,0,0,0,0,0,0
2025,1,SF,SEA,DL,0,0,0,0,0,0,0,0,0,0,0,0
2025,1,SF,SEA,LB,0,0,0,0,0,0,0,0,0,0,0,0
2025,1,SF,SEA,QB,23,16,150,0,0,3,15,0,0,0,0,0
2025,1,SF,SEA,RB,0,0,0,0,0,22,67,1,3,3,4,0
2025,1,SF,SEA,SPEC,0,0,0,0,0,0,0,0,0,0,0,0
2025,1,SF,SEA,TE,0,0,0,0,0,1,2,0,3,2,7,0
2025,1,SF,SEA,WR,0,0,0,0,0,0,0,0,16,11,139,0
2025,1,TB,ATL,ALL,42,27,298,1,0,28,69,1,42,27,298,1
2025,1,TB,ATL,DB,0,0,0,0,0,0,0,0,0,0,0,0
2025,1,TB,ATL,DL,0,0,0,0,0,0,0,0,0,0,0,0
2025,1,TB,ATL,LB,0,0,0,0,0,0,0,0,0,0,0,0
2025,1,TB,ATL,OL,0,0,0,0,0,0,0,0,0,0,0,0
2025,1,TB,ATL,QB,42,27,298,1,0,6,21,1,0,0,0,0
2025,1,TB,ATL,RB,0,0,0,0,0,22,48,0,7,6,100,1
2025,1,TB,ATL,SPEC,0,0,0,0,0,0,0,0,0,0,0,0
2025,1,TB,ATL,TE,0,0,0,0,0,0,0,0,8,7,59,0
2025,1,TB,ATL,WR,0,0,0,0,0,0,0,0,27,14,139,0
2025,1,TEN,DEN,ALL,40,25,176,1,0,30,151,1,37,25,176,1
2025,1,TEN,DEN,DB,0,0,0,0,0,0,0,0,0,0,0,0
2025,1,TEN,DEN,DL,0,0,0,0,0,0,0,0,0,0,0,0
2025,1,TEN,DEN,LB,0,0,0,0,0,0,0,0,0,0,0,0
2025,1,TEN,DEN,OL,0,0,0,0,0,0,0,0,0,0,0,0
2025,1,TEN,DEN,QB,40,25,176,1,0,8,18,0,0,0,0,0
2025,1,TEN,DEN,RB,0,0,0,0,0,22,133,1,10,6,24,0
2025,1,TEN,DEN,SPEC,0,0,0,0,0,0,0,0,0,0,0,0
2025,1,TEN,DEN,TE,0,0,0,0,0,0,0,0,7,5,32,0
2025,1,TEN,DEN,WR,0,0,0,0,0,0,0,0,20,14,120,1
2025,1,WAS,NYG,ALL,37,17,168,0,0,23,74,0,32,17,168,0
2025,1,WAS,NYG,DB,0,0,0,0,0,0,0,0,0,0,0,0
2025,1,WAS,NYG,DL,0,0,0,0,0,0,0,0,0,0,0,0
2025,1,WAS,NYG,LB,0,0,0,0,0,0,0,0,0,0,0,0
2025,1,WAS,NYG,OL,0,0,0,0,0,0,0,0,0,0,0,0
2025,1,WAS,NYG,QB,37,17,168,0,0,8,44,0,0,0,0,0
2025,1,WAS,NYG,RB,0,0,0,0,0,15,30,0,7,4,23,0
2025,1,WAS,NYG,SPEC,0,0,0,0,0,0,0,0,0,0,0,0
2025,1,WAS,NYG,TE,0,0,0,0,0,0,0,0,4,2,19,0
2025,1,WAS,NYG,WR,0,0,0,0,0,0,0,0,21,11,126,0
2025,2,ARI,CAR,ALL,55,35,328,3,0,19,49,0,53,35,328,3
2025,2,ARI,CAR,DB,0,0,0,0,0,0,0,0,0,0,0,0
2025,2,ARI,CAR,DL,0,0,0,0,0,0,0,0,0,0,0,0
2025,2,ARI,CAR,LB,0,0,0,0,0,0,0,0,0,0,0,0
2025,2,ARI,CAR,OL,0,0,0,0,0,0,0,0,0,0,0,0
2025,2,ARI,CAR,QB,55,35,328,3,0,2,2,0,0,0,0,0
2025,2,ARI,CAR,RB,0,0,0,0,0,16,47,0,8,7,51,1
2025,2,ARI,CAR,SPEC,0,0,0,0,0,0,0,0,0,0,0,0
2025,2,ARI,CAR,TE,0,0,0,0,0,0,0,0,13,11,83,0
2025,2,ARI,CAR,WR,0,0,0,0,0,1,0,0,32,17,194,2
2025,2,ATL,MIN,ALL,21,11,158,0,0,19,78,0,21,11,158,0
2025,2,ATL,MIN,DB,0,0,0,0,0,0,0,0,0,0,0,0
2025,2,ATL,MIN,DL,0,0,0,0,0,0,0,0,0,0,0,0
2025,2,ATL,MIN,LB,0,0,0,0,0,0,0,0,0,0,0,0
2025,2,ATL,MIN,OL,0,0,0,0,0,0,0,0,0,0,0,0
2025,2,ATL,MIN,QB,21,11,158,0,0,5,25,0,0,0,0,0
2025,2,ATL,MIN,RB,0,0,0,0,0,14,53,0,4,2,8,0
2025,2,ATL,MIN,SPEC,0,0,0,0,0,0,0,0,0,0,0,0
2025,2,ATL,MIN,TE,0,0,0,0,0,0,0,0,3,1,12,0
2025,2,ATL,MIN,WR,0,0,0,0,0,0,0,0,14,8,138,0
2025,2,BAL,CLE,ALL,48,28,218,2,0,22,115,0,41,28,218,2
2025,2,BAL,CLE,DB,0,0,0,0,0,0,0,0,0,0,0,0
2025,2,BAL,CLE,DL,0,0,0,0,0,0,0,0,0,0,0,0
2025,2,BAL,CLE,LB,0,0,0,0,0,0,0,0,0,0,0,0
2025,2,BAL,CLE,OL,0,0,0,0,0,0,0,0,0,0,0,0
2025,2,BAL,CLE,QB,48,28,218,2,0,1,8,0,0,0,0,0
2025,2,BAL,CLE,RB,0,0,0,0,0,20,98,0,12,11,46,1
2025,2,BAL,CLE,SPEC,0,0,0,0,0,0,0,0,0,0,0,0
2025,2,BAL,CLE,TE,0,0,0,0,0,0,0,0,10,9,88,0
2025,2,BAL,CLE,WR,0,0,0,0,0,1,9,0,19,8,84,1
2025,2,BUF,NYJ,ALL,22,10,83,1,0,21,100,0,21,10,83,1
2025,2,BUF,NYJ,DB,0,0,0,0,0,0,0,0,0,0,0,0
2025,2,BUF,NYJ,DL,0,0,0,0,0,0,0,0,0,0,0,0
2025,2,BUF,NYJ,LB,0,0,0,0,0,0,0,0,0,0,0,0
2025,2,BUF,NYJ,OL,0,0,0,0,0,0,0,0,0,0,0,0
2025,2,BUF,NYJ,QB,22,10,83,1,0,8,70,0,0,0,0,0
2025,2,BUF,NYJ,RB,0,0,0,0,0,12,40,0,7,3,15,0
2025,2,BUF,NYJ,SPEC,0,0,0,0,0,0,0,0,0,0,0,0
2025,2,BUF,NYJ,TE,0,0,0,0,0,0,0,0,3,2,10,1
2025,2,BUF,NYJ,WR,0,0,0,0,0,1,-10,0,11,5,58,0
2025,2,CAR,ARI,ALL,25,17,220,1,0,22,82,1,25,17,220,1
2025,2,CAR,ARI,DB,0,0,0,0,0,0,0,0,0,0,0,0
2025,2,CAR,ARI,DL,0,0,0,0,0,0,0,0,0,0,0,0
2025,2,CAR,ARI,LB,0,0,0,0,0,0,0,0,0,0,0,0
2025,2,CAR,ARI,OL,0,0,0,0,0,0,0,0,0,0,0,0
2025,2,CAR,ARI,QB,25,17,220,1,0,8,34,0,0,0,0,0
2025,2,CAR,ARI,RB,0,0,0,0,0,14,48,1,7,5,48,0
2025,2,CAR,ARI,SPEC,0,0,0,0,0,0,0,0,0,0,0,0
2025,2,CAR,ARI,TE,0,0,0,0,0,0,0,0,10,8,123,0
2025,2,CAR,ARI,WR,0,0,0,0,0,0,0,0,8,4,49,1
2025,2,CHI,DET,ALL,28,23,334,5,0,30,177,2,28,23,334,5
2025,2,CHI,DET,DB,0,0,0,0,0,0,0,0,0,0,0,0
2025,2,CHI,DET,DL,0,0,0,0,0,0,0,0,0,0,0,0
2025,2,CHI,DET,LB,0,0,0,0,0,0,0,0,0,0,0,0
2025,2,CHI,DET,QB,28,23,334,5,0,1,6,0,0,0,0,0
2025,2,CHI,DET,RB,0,0,0,0,0,26,155,2,4,4,14,0
2025,2,CHI,DET,SPEC,0,0,0,0,0,0,0,0,0,0,0,0
2025,2,CHI,DET,TE,0,0,0,0,0,0,0,0,7,6,54,1
2025,2,CHI,DET,WR,0,0,0,0,0,3,16,0,17,13,266,4
2025,2,CIN,JAX,ALL,42,24,271,3,0,27,139,0,41,24,271,3
2025,2,CIN,JAX,DB,0,0,0,0,0,0,0,0,6,3,22,0
2025,2,CIN,JAX,DL,0,0,0,0,0,0,0,0,0,0,0,0
2025,2,CIN,JAX,LB,0,0,0,0,0,0,0,0,0,0,0,0
2025,2,CIN,JAX,OL,0,0,0,0,0,0,0,0,0,0,0,0
2025,2,CIN,JAX,QB,42,24,271,3,0,2,4,0,0,0,0,0
2025,2,CIN,JAX,RB,0,0,0,0,0,24,126,0,5,4,50,2
2025,2,CIN,JAX,SPEC,0,0,0,0,0,0,0,0,0,0,0,0
2025,2,CIN,JAX,TE,0,0,0,0,0,0,0,0,5,3,17,0
2025,2,CIN,JAX,WR,0,0,0,0,0,1,9,0,25,14,182,1
2025,2,CLE,BAL,ALL,29,19,225,4,0,21,45,0,28,19,225,4
2025,2,CLE,BAL,DB,0,0,0,0,0,0,0,0,0,0,0,0
2025,2,CLE,BAL,DL,0,0,0,0,0,0,0,0,0,0,0,0
2025,2,CLE,BAL,LB,0,0,0,0,0,0,0,0,0,0,0,0
2025,2,CLE,BAL,QB,29,19,225,4,0,5,9,0,0,0,0,0
2025,2,CLE,BAL,RB,0,0,0,0,0,14,30,0,3,3,18,0
2025,2,CLE,BAL,SPEC,0,0,0,0,0,0,0,0,0,0,0,0
2025,2,CLE,BAL,TE,0,0,0,0,0,1,2,0,4,1,2,0
2025,2,CLE,BAL,WR,0,0,0,0,0,1,4,0,21,15,205,4
2025,2,DAL,NYG,ALL,41,30,450,3,0,21,84,1,40,30,450,3
2025,2,DAL,NYG,DB,0,0,0,0,0,0,0,0,0,0,0,0
2025,2,DAL,NYG,DL,0,0,0,0,0,0,0,0,0,0,0,0
2025,2,DAL,NYG,LB,0,0,0,0,0,0,0,0,0,0,0,0
2025,2,DAL,NYG,OL,0,0,0,0,0,0,0,0,0,0,0,0
2025,2,DAL,NYG,QB,41,30,450,3,0,4,20,0,0,0,0,0
2025,2,DAL,NYG,RB,0,0,0,0,0,17,64,1,9,7,46,0
2025,2,DAL,NYG,SPEC,0,0,0,0,0,0,0,0,0,0,0,0
2025,2,DAL,NYG,TE,0,0,0,0,0,0,0,0,5,4,34,0
2025,2,DAL,NYG,WR,0,0,0,0,0,0,0,0,26,19,370,3
2025,2,DEN,IND,ALL,34,23,316,1,0,32,167,1,33,23,316,1
2025,2,DEN,IND,DB,0,0,0,0,0,0,0,0,0,0,0,0
2025,2,DEN,IND,DL,0,0,0,0,0,0,0,0,0,0,0,0
2025,2,DEN,IND,LB,0,0,0,0,0,0,0,0,0,0,0,0
2025,2,DEN,IND,OL,0,0,0,0,0,0,0,0,0,0,0,0
2025,2,DEN,IND,QB,34,23,316,1,0,6,2,1,0,0,0,0
2025,2,DEN,IND,RB,0,0,0,0,0,25,165,0,3,2,50,1
2025,2,DEN,IND,SPEC,0,0,0,0,0,0,0,0,0,0,0,0
2025,2,DEN,IND,TE,0,0,0,0,0,1,0,0,8,5,87,0
2025,2,DEN,IND,WR,0,0,0,0,0,0,0,0,22,16,179,0
2025,2,DET,CHI,ALL,33,21,234,2,0,27,134,1,33,21,234,2
2025,2,DET,CHI,DB,0,0,0,0,0,0,0,0,0,0,0,0
2025,2,DET,CHI,DL,0,0,0,0,0,0,0,0,0,0,0,0
2025,2,DET,CHI,LB,0,0,0,0,0,0,0,0,0,0,0,0
2025,2,DET,CHI,OL,0,0,0,0,0,0,0,0,0,0,0,0
2025,2,DET,CHI,QB,33,21,234,2,0,7,34,0,0,0,0,0
2025,2,DET,CHI,RB,0,0,0,0,0,19,91,1,6,4,14,0
2025,2,DET,CHI,SPEC,0,0,0,0,0,0,0,0,0,0,0,0
2025,2,DET,CHI,TE,0,0,0,0,0,0,0,0,3,2,29,0
2025,2,DET,CHI,WR,0,0,0,0,0,1,9,0,24,15,191,2
2025,2,GB,WAS,ALL,42,24,200,2,0,19,51,0,40,24,200,2
2025,2,GB,WAS,DB,0,0,0,0,0,0,0,0,0,0,0,0
2025,2,GB,WAS,DL,0,0,0,0,0,0,0,0,0,0,0,0
2025,2,GB,WAS,LB,0,0,0,0,0,0,0,0,0,0,0,0
2025,2,GB,WAS,OL,0,0,0,0,0,0,0,0,0,0,0,0
2025,2,GB,WAS,QB,42,24,200,2,0,7,17,0,0,0,0,0
2025,2,GB,WAS,RB,0,0,0,0,0,12,34,0,5,2,7,0
2025,2,GB,WAS,SPEC,0,0,0,0,0,0,0,0,0,0,0,0
2025,2,GB,WAS,TE,0,0,0,0,0,0,0,0,9,7,71,1
2025,2,GB,WAS,WR,0,0,0,0,0,0,0,0,26,15,122,1
2025,2,HOU,TB,ALL,38,25,215,2,0,30,169,1,36,25,215,2
2025,2,HOU,TB,DB,0,0,0,0,0,0,0,0,0,0,0,0
2025,2,HOU,TB,DL,0,0,0,0,0,0,0,0,0,0,0,0
2025,2,HOU,TB,LB,0,0,0,0,0,0,0,0,0,0,0,0
2025,2,HOU,TB,OL,0,0,0,0,0,0,0,0,0,0,0,0
2025,2,HOU,TB,QB,38,25,215,2,0,3,33,0,0,0,0,0
2025,2,HOU,TB,RB,0,0,0,0,0,27,136,1,8,8,51,0
2025,2,HOU,TB,SPEC,0,0,0,0,0,0,0,0,0,0,0,0
2025,2,HOU,TB,TE,0,0,0,0,0,0,0,0,5,3,25,0
2025,2,HOU,TB,WR,0,0,0,0,0,0,0,0,23,14,139,2
2025,2,IND,DEN,ALL,30,22,206,3,0,24,118,1,30,22,206,3
2025,2,IND,DEN,DB,0,0,0,0,0,0,0,0,0,0,0,0
2025,2,IND,DEN,DL,0,0,0,0,0,0,0,0,0,0,0,0
2025,2,IND,DEN,LB,0,0,0,0,0,0,0,0,0,0,0,0
2025,2,IND,DEN,QB,30,22,206,3,0,3,20,0,0,0,0,0
2025,2,IND,DEN,RB,0,0,0,0,0,20,87,1,6,4,44,0
2025,2,IND,DEN,SPEC,0,0,0,0,0,0,0,0,0,0,0,0
2025,2,IND,DEN,TE,0,0,0,0,0,0,0,0,5,4,22,1
2025,2,IND,DEN,WR,0,0,0,0,0,1,11,0,19,14,140,2
2025,2,JAX,CIN,ALL,45,28,317,3,0,17,48,1,43,28,317,3
2025,2,JAX,CIN,DB,0,0,0,0,0,0,0,0,0,0,0,0
2025,2,JAX,CIN,DL,0,0,0,0,0,0,0,0,0,0,0,0
2025,2,JAX,CIN,LB,0,0,0,0,0,0,0,0,0,0,0,0
2025,2,JAX,CIN,OL,0,0,0,0,0,0,0,0,0,0,0,0
2025,2,JAX,CIN,QB,45,28,317,3,0,1,1,1,0,0,0,0
2025,2,JAX,CIN,RB,0,0,0,0,0,16,47,0,3,2,18,0
2025,2,JAX,CIN,SPEC,0,0,0,0,0,0,0,0,0,0,0,0
2025,2,JAX,CIN,TE,0,0,0,0,0,0,0,0,10,7,53,0
2025,2,JAX,CIN,WR,0,0,0,0,0,0,0,0,30,19,246,3
2025,2,KC,PHI,ALL,22,15,101,0,0,34,122,2,21,15,101,0
2025,2,KC,PHI,DB,0,0,0,0,0,0,0,0,0,0,0,0
2025,2,KC,PHI,DL,0,0,0,0,0,0,0,0,0,0,0,0
2025,2,KC,PHI,LB,0,0,0,0,0,0,0,0,0,0,0,0
2025,2,KC,PHI,OL,0,0,0,0,0,0,0,0,0,0,0,0
2025,2,KC,PHI,QB,22,15,101,0,0,9,15,1,0,0,0,0
2025,2,KC,PHI,RB,0,0,0,0,0,25,107,1,2,2,6,0
2025,2,KC,PHI,SPEC,0,0,0,0,0,0,0,0,0,0,0,0
2025,2,KC,PHI,TE,0,0,0,0,0,0,0,0,3,2,11,0
2025,2,KC,PHI,WR,0,0,0,0,0,0,0,0,16,11,84,0
2025,2,LA,TEN,ALL,33,19,175,1,0,26,109,0,31,19,175,1
2025,2,LA,TEN,DB,0,0,0,0,0,0,0,0,0,0,0,0
2025,2,LA,TEN,DL,0,0,0,0,0,0,0,0,0,0,0,0
2025,2,LA,TEN,LB,0,0,0,0,0,0,0,0,0,0,0,0
2025,2,LA,TEN,OL,0,0,0,0,0,0,0,0,0,0,0,0
2025,2,LA,TEN,QB,33,19,175,1,0,4,8,0,0,0,0,0
2025,2,LA,TEN,RB,0,0,0,0,0,20,92,0,1,0,0,0
2025,2,LA,TEN,SPEC,0,0,0,0,0,0,0,0,0,0,0,0
2025,2,LA,TEN,TE,0,0,0,0,0,0,0,0,8,6,44,0
2025,2,LA,TEN,WR,0,0,0,0,0,2,9,0,22,13,131,1
2025,2,LAC,LV,ALL,43,24,180,0,0,19,68,0,43,24,180,0
2025,2,LAC,LV,DB,0,0,0,0,0,0,0,0,0,0,0,0
2025,2,LAC,LV,DL,0,0,0,0,0,0,0,0,0,0,0,0
2025,2,LAC,LV,LB,0,0,0,0,0,0,0,0,0,0,0,0
2025,2,LAC,LV,OL,0,0,0,0,0,0,0,0,0,0,0,0
2025,2,LAC,LV,QB,43,24,180,0,0,5,20,0,0,0,0,0
2025,2,LAC,LV,RB,0,0,0,0,0,13,41,0,9,7,33,0
2025,2,LAC,LV,SPEC,0,0,0,0,0,0,0,0,0,0,0,0
2025,2,LAC,LV,TE,0,0,0,0,0,0,0,0,10,7,47,0
2025,2,LAC,LV,WR,0,0,0,0,0,1,7,0,24,10,100,0
2025,2,LV,LAC,ALL,27,19,242,2,0,26,81,0,27,19,242,2
2025,2,LV,LAC,DB,0,0,0,0,0,0,0,0,0,0,0,0
2025,2,LV,LAC,DL,0,0,0,0,0,0,0,0,0,0,0,0
2025,2,LV,LAC,LB,0,0,0,0,0,0,0,0,0,0,0,0
2025,2,LV,LAC,OL,0,0,0,0,0,0,0,0,0,0,0,0
2025,2,LV,LAC,QB,27,19,242,2,0,9,31,0,0,0,0,0
2025,2,LV,LAC,RB,0,0,0,0,0,16,52,0,4,3,21,0
2025,2,LV,LAC,SPEC,0,0,0,0,0,0,0,0,0,0,0,0
2025,2,LV,LAC,TE,0,0,0,0,0,0,0,0,1,1,7,0
2025,2,LV,LAC,WR,0,0,0,0,0,1,-2,0,22,15,214,2
2025,2,MIA,NE,ALL,23,19,230,2,0,29,122,1,23,19,230,2
2025,2,MIA,NE,DB,0,0,0,0,0,0,0,0,0,0,0,0
2025,2,MIA,NE,DL,0,0,0,0,0,0,0,0,0,0,0,0
2025,2,MIA,NE,LB,0,0,0,0,0,0,0,0,0,0,0,0
2025,2,MIA,NE,OL,0,0,0,0,0,0,0,0,0,0,0,0
2025,2,MIA,NE,QB,23,19,230,2,0,10,31,1,0,0,0,0
2025,2,MIA,NE,RB,0,0,0,0,0,19,91,0,8,8,119,0
2025,2,MIA,NE,SPEC,0,0,0,0,0,0,0,0,0,0,0,0
2025,2,MIA,NE,TE,0,0,0,0,0,0,0,0,6,4,47,0
2025,2,MIA,NE,WR,0,0,0,0,0,0,0,0,9,7,64,2
2025,2,MIN,ATL,ALL,21,13,135,0,0,39,218,1,21,13,135,0
2025,2,MIN,ATL,DB,0,0,0,0,0,0,0,0,0,0,0,0
2025,2,MIN,ATL,DL,0,0,0,0,0,0,0,0,0,0,0,0
2025,2,MIN,ATL,LB,0,0,0,0,0,0,0,0,0,0,0,0
2025,2,MIN,ATL,OL,0,0,0,0,0,0,0,0,0,0,0,0
2025,2,MIN,ATL,QB,21,13,135,0,0,1,-1,0,0,0,0,0
2025,2,MIN,ATL,RB,0,0,0,0,0,38,219,1,6,4,29,0
2025,2,MIN,ATL,SPEC,0,0,0,0,0,0,0,0,0,0,0,0
2025,2,MIN,ATL,TE,0,0,0,0,0,0,0,0,5,4,37,0
2025,2,MIN,ATL,WR,0,0,0,0,0,0,0,0,10,5,69,0
2025,2,NE,MIA,ALL,32,26,315,2,0,15,61,0,32,26,315,2
2025,2,NE,MIA,DB,0,0,0,0,0,0,0,0,0,0,0,0
2025,2,NE,MIA,DL,0,0,0,0,0,0,0,0,0,0,0,0
2025,2,NE,MIA,LB,0,0,0,0,0,0,0,0,0,0,0,0
2025,2,NE,MIA,OL,0,0,0,0,0,0,0,0,0,0,0,0
2025,2,NE,MIA,QB,32,26,315,2,0,0,0,0,0,0,0,0
2025,2,NE,MIA,RB,0,0,0,0,0,12,38,0,13,11,110,1
2025,2,NE,MIA,SPEC,0,0,0,0,0,0,0,0,0,0,0,0
2025,2,NE,MIA,WR,0,0,0,0,0,3,23,0,19,15,205,1
2025,2,NO,SF,ALL,39,26,279,3,0,26,77,0,38,26,279,3
2025,2,NO,SF,DB,0,0,0,0,0,0,0,0,0,0,0,0
2025,2,NO,SF,DL,0,0,0,0,0,0,0,0,0,0,0,0
2025,2,NO,SF,LB,0,0,0,0,0,0,0,0,0,0,0,0
2025,2,NO,SF,QB,39,26,279,3,0,6,6,0,0,0,0,0
2025,2,NO,SF,RB,0,0,0,0,0,19,75,0,9,8,56,1
2025,2,NO,SF,SPEC,0,0,0,0,0,0,0,0,0,0,0,0
2025,2,NO,SF,TE,0,0,0,0,0,0,0,0,9,6,46,1
2025,2,NO,SF,WR,0,0,0,0,0,1,-4,0,20,12,177,1
2025,2,NYG,DAL,ALL,52,38,361,2,0,28,135,2,52,38,361,2
2025,2,NYG,DAL,DB,0,0,0,0,0,0,0,0,0,0,0,0
2025,2,NYG,DAL,DL,0,0,0,0,0,0,0,0,0,0,0,0
2025,2,NYG,DAL,LB,0,0,0,0,0,0,0,0,0,0,0,0
2025,2,NYG,DAL,OL,0,0,0,0,0,0,0,0,0,0,0,0
2025,2,NYG,DAL,QB,52,38,361,2,0,3,17,0,0,0,0,0
2025,2,NYG,DAL,RB,0,0,0,0,0,23,112,2,9,8,37,0
2025,2,NYG,DAL,SPEC,0,0,0,0,0,0,0,0,0,0,0,0
2025,2,NYG,DAL,TE,0,0,0,0,0,0,0,0,15,10,81,0
2025,2,NYG,DAL,WR,0,0,0,0,0,2,6,0,28,20,243,2
2025,2,NYJ,BUF,ALL,27,15,180,0,0,43,224,3,25,15,180,0
2025,2,NYJ,BUF,DB,0,0,0,0,0,0,0,0,0,0,0,0
2025,2,NYJ,BUF,DL,0,0,0,0,0,0,0,0,0,0,0,0
2025,2,NYJ,BUF,LB,0,0,0,0,0,0,0,0,0,0,0,0
2025,2,NYJ,BUF,OL,0,0,0,0,0,0,0,0,0,0,0,0
2025,2,NYJ,BUF,QB,27,15,180,0,0,9,56,0,0,0,0,0
2025,2,NYJ,BUF,RB,0,0,0,0,0,32,162,2,2,1,3,0
2025,2,NYJ,BUF,SPEC,0,0,0,0,0,0,0,0,0,0,0,0
2025,2,NYJ,BUF,TE,0,0,0,0,0,0,0,0,12,7,61,0
2025,2,NYJ,BUF,WR,0,0,0,0,0,2,6,1,11,7,116,0
2025,2,PHI,KC,ALL,29,16,187,1,0,26,121,1,29,16,187,1
2025,2,PHI,KC,DB,0,0,0,0,0,0,0,0,0,0,0,0
2025,2,PHI,KC,DL,0,0,0,0,0,0,0,0,0,0,0,0
2025,2,PHI,KC,LB,0,0,0,0,0,0,0,0,0,0,0,0
2025,2,PHI,KC,OL,0,0,0,0,0,0,0,0,0,0,0,0
2025,2,PHI,KC,QB,29,16,187,1,0,7,66,1,0,0,0,0
2025,2,PHI,KC,RB,0,0,0,0,0,19,55,0,4,2,10,0
2025,2,PHI,KC,SPEC,0,0,0,0,0,0,0,0,0,0,0,0
2025,2,PHI,KC,TE,0,0,0,0,0,0,0,0,11,5,62,0
2025,2,PHI,KC,WR,0,0,0,0,0,0,0,0,14,9,115,1
2025,2,PIT,SEA,ALL,33,22,295,2,0,29,117,1,30,22,295,2
2025,2,PIT,SEA,DB,0,0,0,0,0,0,0,0,0,0,0,0
2025,2,PIT,SEA,DL,0,0,0,0,0,0,0,0,0,0,0,0
2025,2,PIT,SEA,LB,0,0,0,0,0,0,0,0,0,0,0,0
2025,2,PIT,SEA,QB,33,22,295,2,0,0,0,0,0,0,0,0
2025,2,PIT,SEA,RB,0,0,0,0,0,28,115,1,1,1,13,0
2025,2,PIT,SEA,SPEC,0,0,0,0,0,0,0,0,0,0,0,0
2025,2,PIT,SEA,TE,0,0,0,0,0,1,2,0,6,4,57,1
2025,2,PIT,SEA,WR,0,0,0,0,0,0,0,0,23,17,225,1
2025,2,SEA,PIT,ALL,35,20,215,1,0,21,72,0,31,20,215,1
2025,2,SEA,PIT,DB,0,0,0,0,0,0,0,0,0,0,0,0
2025,2,SEA,PIT,DL,0,0,0,0,0,0,0,0,0,0,0,0
2025,2,SEA,PIT,LB,0,0,0,0,0,0,0,0,0,0,0,0
2025,2,SEA,PIT,OL,0,0,0,0,0,0,0,0,0,0,0,0
2025,2,SEA,PIT,QB,35,20,215,1,0,1,3,0,0,0,0,0
2025,2,SEA,PIT,RB,0,0,0,0,0,20,69,0,10,8,108,0
2025,2,SEA,PIT,SPEC,0,0,0,0,0,0,0,0,0,0,0,0
2025,2,SEA,PIT,TE,0,0,0,0,0,0,0,0,9,7,58,0
2025,2,SEA,PIT,WR,0,0,0,0,0,0,0,0,12,5,49,1
2025,2,SF,NO,ALL,34,25,207,3,0,30,121,0,34,25,207,3
2025,2,SF,NO,DB,0,0,0,0,0,0,0,0,0,0,0,0
2025,2,SF,NO,DL,0,0,0,0,0,0,0,0,0,0,0,0
2025,2,SF,NO,LB,0,0,0,0,0,0,0,0,0,0,0,0
2025,2,SF,NO,OL,0,0,0,0,0,0,0,0,0,0,0,0
2025,2,SF,NO,QB,34,25,207,3,0,4,14,0,0,0,0,0
2025,2,SF,NO,RB,0,0,0,0,0,26,107,0,7,7,23,0
2025,2,SF,NO,SPEC,0,0,0,0,0,0,0,0,0,0,0,0
2025,2,SF,NO,TE,0,0,0,0,0,0,0,0,9,5,49,1
2025,2,SF,NO,WR,0,0,0,0,0,0,0,0,18,13,135,2
2025,2,TB,HOU,ALL,24,13,207,1,0,19,84,1,23,13,207,1
2025,2,TB,HOU,DB,0,0,0,0,0,0,0,0,0,0,0,0
2025,2,TB,HOU,DL,0,0,0,0,0,0,0,0,0,0,0,0
2025,2,TB,HOU,LB,0,0,0,0,0,0,0,0,0,0,0,0
2025,2,TB,HOU,OL,0,0,0,0,0,0,0,0,0,0,0,0
2025,2,TB,HOU,QB,24,13,207,1,0,4,27,0,0,0,0,0
2025,2,TB,HOU,RB,0,0,0,0,0,15,57,1,3,3,66,0
2025,2,TB,HOU,SPEC,0,0,0,0,0,0,0,0,0,0,0,0
2025,2,TB,HOU,TE,0,0,0,0,0,0,0,0,5,3,29,0
2025,2,TB,HOU,WR,0,0,0,0,0,0,0,0,15,7,112,1
2025,2,TEN,LA,ALL,33,23,298,2,0,25,149,2,32,23,298,2
2025,2,TEN,LA,DB,0,0,0,0,0,0,0,0,0,0,0,0
2025,2,TEN,LA,DL,0,0,0,0,0,0,0,0,0,0,0,0
2025,2,TEN,LA,LB,0,0,0,0,0,0,0,0,0,0,0,0
2025,2,TEN,LA,QB,33,23,298,2,0,2,-6,0,0,0,0,0
2025,2,TEN,LA,RB,0,0,0,0,0,22,110,1,2,2,14,0
2025,2,TEN,LA,SPEC,0,0,0,0,0,0,0,0,0,0,0,0
2025,2,TEN,LA,TE,0,0,0,0,0,0,0,0,5,5,45,1
2025,2,TEN,LA,WR,0,0,0,0,0,1,45,1,25,16,239,1
2025,2,WAS,GB,ALL,31,19,292,2,0,30,135,1,27,19,292,2
2025,2,WAS,GB,DB,0,0,0,0,0,0,0,0,0,0,0,0
2025,2,WAS,GB,DL,0,0,0,0,0,0,0,0,0,0,0,0
2025,2,WAS,GB,LB,0,0,0,0,0,0,0,0,0,0,0,0
2025,2,WAS,GB,OL,0,0,0,0,0,0,0,0,0,0,0,0
2025,2,WAS,GB,OTHER,0,0,0,0,0,0,0,0,0,0,0,0
2025,2,WAS,GB,QB,31,19,292,2,0,3,12,0,0,0,0,0
2025,2,WAS,GB,RB,0,0,0,0,0,23,84,1,4,3,27,0
2025,2,WAS,GB,SPEC,0,0,0,0,0,0,0,0,0,0,0,0
2025,2,WAS,GB,TE,0,0,0,0,0,0,0,0,9,8,156,1
2025,2,WAS,GB,WR,0,0,0,0,0,4,39,0,14,8,109,1
2025,3,ARI,SF,ALL,41,27,284,1,0,20,73,0,38,27,284,1
2025,3,ARI,SF,DB,0,0,0,0,0,0,0,0,0,0,0,0
2025,3,ARI,SF,DL,0,0,0,0,0,0,0,0,0,0,0,0
2025,3,ARI,SF,LB,0,0,0,0,0,0,0,0,0,0,0,0
2025,3,ARI,SF,OL,0,0,0,0,0,0,0,0,0,0,0,0
2025,3,ARI,SF,QB,41,27,284,1,0,1,-1,0,0,0,0,0
2025,3,ARI,SF,RB,0,0,0,0,0,19,74,0,16,11,89,1
2025,3,ARI,SF,SPEC,0,0,0,0,0,0,0,0,0,0,0,0
2025,3,ARI,SF,TE,0,0,0,0,0,0,0,0,3,2,21,0
2025,3,ARI,SF,WR,0,0,0,0,0,0,0,0,19,14,174,0
2025,3,ATL,CAR,ALL,24,16,121,0,0,30,110,2,24,16,121,0
2025,3,ATL,CAR,DB,0,0,0,0,0,0,0,0,0,0,0,0
2025,3,ATL,CAR,DL,0,0,0,0,0,0,0,0,0,0,0,0
2025,3,ATL,CAR,LB,0,0,0,0,0,0,0,0,0,0,0,0
2025,3,ATL,CAR,OL,0,0,0,0,0,0,0,0,0,0,0,0
2025,3,ATL,CAR,QB,24,16,121,0,0,3,7,1,0,0,0,0
2025,3,ATL,CAR,RB,0,0,0,0,0,27,103,1,4,3,11,0
2025,3,ATL,CAR,SPEC,0,0,0,0,0,0,0,0,0,0,0,0
2025,3,ATL,CAR,TE,0,0,0,0,0,0,0,0,5,5,36,0
2025,3,ATL,CAR,WR,0,0,0,0,0,0,0,0,15,8,74,0
2025,3,BAL,DET,ALL,28,20,202,1,0,38,224,4,26,20,202,1
2025,3,BAL,DET,DB,0,0,0,0,0,0,0,0,0,0,0,0
2025,3,BAL,DET,DL,0,0,0,0,0,0,0,0,0,0,0,0
2025,3,BAL,DET,LB,0,0,0,0,0,0,0,0,0,0,0,0
2025,3,BAL,DET,OL,0,0,0,0,0,0,0,0,0,0,0,0
2025,3,BAL,DET,QB,28,20,202,1,0,4,6,0,0,0,0,0
2025,3,BAL,DET,RB,0,0,0,0,0,34,218,4,7,6,45,0
2025,3,BAL,DET,SPEC,0,0,0,0,0,0,0,0,0,0,0,0
2025,3,BAL,DET,TE,0,0,0,0,0,0,0,0,4,4,33,0
2025,3,BAL,DET,WR,0,0,0,0,0,0,0,0,15,10,124,1
2025,3,BUF,MIA,ALL,34,22,146,2,0,25,130,1,33,22,146,2
2025,3,BUF,MIA,DB,0,0,0,0,0,0,0,0,0,0,0,0
2025,3,BUF,MIA,DL,0,0,0,0,0,0,0,0,0,0,0,0
2025,3,BUF,MIA,LB,0,0,0,0,0,0,0,0,0,0,0,0
2025,3,BUF,MIA,OL,0,0,0,0,0,0,0,0,0,0,0,0
2025,3,BUF,MIA,OTHER,0,0,0,0,0,0,0,0,0,0,0,0
2025,3,BUF,MIA,QB,34,22,146,2,0,2,10,0,0,0,0,0
2025,3,BUF,MIA,RB,0,0,0,0,0,21,100,1,9,7,29,0
2025,3,BUF,MIA,SPEC,0,0,0,0,0,0,0,0,0,0,0,0
2025,3,BUF,MIA,TE,0,0,0,0,0,0,0,0,3,2,17,0
2025,3,BUF,MIA,WR,0,0,0,0,0,2,20,0,21,13,100,2
2025,3,CAR,ATL,ALL,43,23,201,0,0,23,131,0,41,23,201,0
2025,3,CAR,ATL,DB,0,0,0,0,0,0,0,0,0,0,0,0
2025,3,CAR,ATL,DL,0,0,0,0,0,0,0,0,0,0,0,0
2025,3,CAR,ATL,LB,0,0,0,0,0,0,0,0,0,0,0,0
2025,3,CAR,ATL,OL,0,0,0,0,0,0,0,0,0,0,0,0
2025,3,CAR,ATL,QB,43,23,201,0,0,2,9,0,0,0,0,0
2025,3,CAR,ATL,RB,0,0,0,0,0,21,122,0,8,6,39,0
2025,3,CAR,ATL,SPEC,0,0,0,0,0,0,0,0,0,0,0,0
2025,3,CAR,ATL,TE,0,0,0,0,0,0,0,0,7,5,34,0
2025,3,CAR,ATL,WR,0,0,0,0,0,0,0,0,26,12,128,0
2025,3,CHI,DAL,ALL,45,34,292,1,0,20,121,0,44,34,292,1
2025,3,CHI,DAL,DB,0,0,0,0,0,0,0,0,0,0,0,0
2025,3,CHI,DAL,DL,0,0,0,0,0,0,0,0,0,0,0,0
2025,3,CHI,DAL,LB,0,0,0,0,0,0,0,0,0,0,0,0
2025,3,CHI,DAL,OL,0,0,0,0,0,0,0,0,0,0,0,0
2025,3,CHI,DAL,QB,45,34,292,1,0,0,0,0,0,0,0,0
2025,3,CHI,DAL,RB,0,0,0,0,0,19,117,0,8,8,28,0
2025,3,CHI,DAL,SPEC,0,0,0,0,0,0,0,0,0,0,0,0
2025,3,CHI,DAL,TE,0,0,0,0,0,0,0,0,15,14,87,0
2025,3,CHI,DAL,WR,0,0,0,0,0,1,4,0,21,12,177,1
2025,3,CIN,MIN,ALL,24,16,202,2,0,31,169,2,24,16,202,2
2025,3,CIN,MIN,DB,0,0,0,0,0,0,0,0,0,0,0,0
2025,3,CIN,MIN,DL,0,0,0,0,0,0,0,0,0,0,0,0
2025,3,CIN,MIN,LB,0,0,0,0,0,0,0,0,0,0,0,0
2025,3,CIN,MIN,OL,0,0,0,0,0,0,0,0,0,0,0,0
2025,3,CIN,MIN,QB,24,16,202,2,0,2,4,0,0,0,0,0
2025,3,CIN,MIN,RB,0,0,0,0,0,29,165,2,2,1,20,0
2025,3,CIN,MIN,SPEC,0,0,0,0,0,0,0,0,0,0,0,0
2025,3,CIN,MIN,TE,0,0,0,0,0,0,0,0,7,6,61,2
2025,3,CIN,MIN,WR,0,0,0,0,0,0,0,0,15,9,121,0
2025,3,CLE,GB,ALL,25,18,183,1,0,31,81,0,25,18,183,1
2025,3,CLE,GB,DB,0,0,0,0,0,0,0,0,0,0,0,0
2025,3,CLE,GB,DL,0,0,0,0,0,0,0,0,0,0,0,0
2025,3,CLE,GB,LB,0,0,0,0,0,0,0,0,0,0,0,0
2025,3,CLE,GB,OL,0,0,0,0,0,0,0,0,0,0,0,0
2025,3,CLE,GB,QB,25,18,183,1,0,4,18,0,0,0,0,0
2025,3,CLE,GB,RB,0,0,0,0,0,22,55,0,9,5,44,0
2025,3,CLE,GB,SPEC,0,0,0,0,0,0,0,0,0,0,0,0
2025,3,CLE,GB,TE,0,0,0,0,0,0,0,0,6,5,41,1
2025,3,CLE,GB,WR,0,0,0,0,0,5,8,0,10,8,98,0
2025,3,DAL,CHI,ALL,28,19,298,4,0,29,87,0,28,19,298,4
2025,3,DAL,CHI,DB,0,0,0,0,0,0,0,0,0,0,0,0
2025,3,DAL,CHI,DL,0,0,0,0,0,0,0,0,0,0,0,0
2025,3,DAL,CHI,LB,0,0,0,0,0,0,0,0,0,0,0,0
2025,3,DAL,CHI,OL,0,0,0,0,0,0,0,0,0,0,0,0
2025,3,DAL,CHI,QB,28,19,298,4,0,5,12,0,0,0,0,0
2025,3,DAL,CHI,RB,0,0,0,0,0,19,49,0,5,4,49,0
2025,3,DAL,CHI,SPEC,0,0,0,0,0,0,0,0,0,0,0,0
2025,3,DAL,CHI,TE,0,0,0,0,0,0,0,0,4,2,41,1
2025,3,DAL,CHI,WR,0,0,0,0,0,5,26,0,19,13,208,3
2025,3,DEN,LAC,ALL,47,28,300,1,0,28,106,1,45,28,300,1
2025,3,DEN,LAC,DB,0,0,0,0,0,0,0,0,0,0,0,0
2025,3,DEN,LAC,DL,0,0,0,0,0,0,0,0,0,0,0,0
2025,3,DEN,LAC,LB,0,0,0,0,0,0,0,0,0,0,0,0
2025,3,DEN,LAC,OL,0,0,0,0,0,0,0,0,0,0,0,0
2025,3,DEN,LAC,QB,47,28,300,1,0,2,6,0,0,0,0,0
2025,3,DEN,LAC,RB,0,0,0,0,0,25,98,1,7,6,59,0
2025,3,DEN,LAC,SPEC,0,0,0,0,0,0,0,0,0,0,0,0
2025,3,DEN,LAC,TE,0,0,0,0,0,0,0,0,10,5,46,0
2025,3,DEN,LAC,WR,0,0,0,0,0,1,2,0,28,17,195,1
2025,3,DET,BAL,ALL,28,21,288,3,0,19,85,1,28,21,288,3
2025,3,DET,BAL,DB,0,0,0,0,0,0,0,0,0,0,0,0
2025,3,DET,BAL,DL,0,0,0,0,0,0,0,0,0,0,0,0
2025,3,DET,BAL,LB,0,0,0,0,0,0,0,0,0,0,0,0
2025,3,DET,BAL,QB,27,21,288,3,0,7,35,0,0,0,0,0
2025,3,DET,BAL,RB,1,0,0,0,0,12,50,1,5,4,52,0
2025,3,DET,BAL,SPEC,0,0,0,0,0,0,0,0,0,0,0,0
2025,3,DET,BAL,TE,0,0,0,0,0,0,0,0,9,8,113,2
2025,3,DET,BAL,WR,0,0,0,0,0,0,0,0,14,9,123,1
2025,3,GB,CLE,ALL,36,21,142,0,0,19,96,1,33,21,142,0
2025,3,GB,CLE,DB,0,0,0,0,0,0,0,0,0,0,0,0
2025,3,GB,CLE,DL,0,0,0,0,0,0,0,0,0,0,0,0
2025,3,GB,CLE,LB,0,0,0,0,0,0,0,0,0,0,0,0
2025,3,GB,CLE,OL,0,0,0,0,0,0,0,0,1,0,0,0
2025,3,GB,CLE,QB,36,21,142,0,0,0,0,0,0,0,0,0
2025,3,GB,CLE,RB,0,0,0,0,0,19,96,1,6,5,11,0
2025,3,GB,CLE,SPEC,0,0,0,0,0,0,0,0,0,0,0,0
2025,3,GB,CLE,TE,0,0,0,0,0,0,0,0,11,8,65,0
2025,3,GB,CLE,WR,0,0,0,0,0,0,0,0,15,8,66,0
2025,3,HOU,JAX,ALL,40,20,222,0,0,24,86,2,38,20,222,0
2025,3,HOU,JAX,DB,0,0,0,0,0,0,0,0,2,1,21,0
2025,3,HOU,JAX,DL,0,0,0,0,0,0,0,0,0,0,0,0
2025,3,HOU,JAX,LB,0,0,0,0,0,0,0,0,0,0,0,0
2025,3,HOU,JAX,OL,0,0,0,0,0,0,0,0,0,0,0,0
2025,3,HOU,JAX,QB,40,20,222,0,0,2,9,0,0,0,0,0
2025,3,HOU,JAX,RB,0,0,0,0,0,22,77,2,4,1,9,0
2025,3,HOU,JAX,SPEC,0,0,0,0,0,0,0,0,0,0,0,0
2025,3,HOU,JAX,TE,0,0,0,0,0,0,0,0,11,9,80,0
2025,3,HOU,JAX,WR,0,0,0,0,0,0,0,0,21,9,112,0
2025,3,IND,TEN,ALL,38,23,219,1,0,23,86,1,34,23,219,1
2025,3,IND,TEN,DB,0,0,0,0,0,0,0,0,0,0,0,0
2025,3,IND,TEN,DL,0,0,0,0,0,0,0,0,0,0,0,0
2025,3,IND,TEN,LB,0,0,0,0,0,0,0,0,0,0,0,0
2025,3,IND,TEN,OL,0,0,0,0,0,0,0,0,0,0,0,0
2025,3,IND,TEN,QB,38,23,219,1,0,3,12,0,0,0,0,0
2025,3,IND,TEN,RB,0,0,0,0,0,18,71,1,4,2,14,0
2025,3,IND,TEN,SPEC,0,0,0,0,0,0,0,0,0,0,0,0
2025,3,IND,TEN,TE,0,0,0,0,0,0,0,0,9,8,93,0
2025,3,IND,TEN,WR,0,0,0,0,0,2,3,0,21,13,112,1
2025,3,JAX,HOU,ALL,38,25,204,1,0,19,87,0,36,25,204,1
2025,3,JAX,HOU,DB,0,0,0,0,0,0,0,0,0,0,0,0
2025,3,JAX,HOU,DL,0,0,0,0,0,0,0,0,0,0,0,0
2025,3,JAX,HOU,LB,0,0,0,0,0,0,0,0,0,0,0,0
2025,3,JAX,HOU,OL,0,0,0,0,0,0,0,0,0,0,0,0
2025,3,JAX,HOU,QB,38,25,204,1,0,4,22,0,0,0,0,0
2025,3,JAX,HOU,RB,0,0,0,0,0,15,65,0,6,4,11,0
2025,3,JAX,HOU,SPEC,0,0,0,0,0,0,0,0,0,0,0,0
2025,3,JAX,HOU,TE,0,0,0,0,0,0,0,0,6,5,39,0
2025,3,JAX,HOU,WR,0,0,0,0,0,0,0,0,24,16,154,1
2025,3,KC,NYG,ALL,32,18,160,0,0,27,130,1,30,18,160,0
2025,3,KC,NYG,DB,0,0,0,0,0,0,0,0,0,0,0,0
2025,3,KC,NYG,DL,0,0,0,0,0,0,0,0,0,0,0,0
2025,3,KC,NYG,LB,0,0,0,0,0,0,0,0,0,0,0,0
2025,3,KC,NYG,OL,0,0,0,0,0,0,0,0,0,0,0,0
2025,3,KC,NYG,QB,32,18,160,0,0,6,30,0,0,0,0,0
2025,3,KC,NYG,RB,0,0,0,0,0,21,100,1,11,8,68,0
2025,3,KC,NYG,SPEC,0,0,0,0,0,0,0,0,0,0,0,0
2025,3,KC,NYG,TE,0,0,0,0,0,0,0,0,4,3,23,0
2025,3,KC,NYG,WR,0,0,0,0,0,0,0,0,15,7,69,0
2025,3,LA,PHI,ALL,32,21,226,3,0,27,86,1,30,21,226,3
2025,3,LA,PHI,DB,0,0,0,0,0,0,0,0,0,0,0,0
2025,3,LA,PHI,DL,0,0,0,0,0,0,0,0,0,0,0,0
2025,3,LA,PHI,LB,0,0,0,0,0,0,0,0,0,0,0,0
2025,3,LA,PHI,OL,0,0,0,0,0,0,0,0,0,0,0,0
2025,3,LA,PHI,QB,32,21,226,3,0,9,40,1,0,0,0,0
2025,3,LA,PHI,RB,0,0,0,0,0,18,46,0,5,4,9,0
2025,3,LA,PHI,SPEC,0,0,0,0,0,0,0,0,0,0,0,0
2025,3,LA,PHI,TE,0,0,0,0,0,0,0,0,2,1,33,1
2025,3,LA,PHI,WR,0,0,0,0,0,0,0,0,23,16,184,2
2025,3,LAC,DEN,ALL,25,14,153,1,0,21,118,1,23,14,153,1
2025,3,LAC,DEN,DB,0,0,0,0,0,0,0,0,0,0,0,0
2025,3,LAC,DEN,DL,0,0,0,0,0,0,0,0,0,0,0,0
2025,3,LAC,DEN,LB,0,0,0,0,0,0,0,0,0,0,0,0
2025,3,LAC,DEN,OL,0,0,0,0,0,0,0,0,0,0,0,0
2025,3,LAC,DEN,QB,25,14,153,1,0,8,33,0,0,0,0,0
2025,3,LAC,DEN,RB,0,0,0,0,0,13,85,1,5,4,14,0
2025,3,LAC,DEN,SPEC,0,0,0,0,0,0,0,0,0,0,0,0
2025,3,LAC,DEN,TE,0,0,0,0,0,0,0,0,2,1,9,0
2025,3,LAC,DEN,WR,0,0,0,0,0,0,0,0,16,9,130,1
2025,3,LV,WAS,ALL,21,15,207,1,0,32,201,3,18,15,207,1
2025,3,LV,WAS,DB,0,0,0,0,0,0,0,0,0,0,0,0
2025,3,LV,WAS,DL,0,0,0,0,0,0,0,0,0,0,0,0
2025,3,LV,WAS,LB,0,0,0,0,0,0,0,0,0,0,0,0
2025,3,LV,WAS,OL,0,0,0,0,0,0,0,0,0,0,0,0
2025,3,LV,WAS,QB,21,15,207,1,0,6,40,1,0,0,0,0
2025,3,LV,WAS,RB,0,0,0,0,0,23,143,2,1,1,5,0
2025,3,LV,WAS,SPEC,0,0,0,0,0,0,0,0,0,0,0,0
2025,3,LV,WAS,TE,0,0,0,0,0,0,0,0,3,3,38,0
2025,3,LV,WAS,WR,0,0,0,0,0,3,18,0,14,11,164,1
2025,3,MIA,BUF,ALL,28,22,213,3,0,27,157,1,27,22,213,3
2025,3,MIA,BUF,DB,0,0,0,0,0,0,0,0,0,0,0,0
2025,3,MIA,BUF,DL,0,0,0,0,0,0,0,0,0,0,0,0
2025,3,MIA,BUF,LB,0,0,0,0,0,0,0,0,0,0,0,0
2025,3,MIA,BUF,OL,0,0,0,0,0,0,0,0,0,0,0,0
2025,3,MIA,BUF,QB,28,22,213,3,0,4,25,0,0,0,0,0
2025,3,MIA,BUF,RB,0,0,0,0,0,22,121,1,6,4,18,0
2025,3,MIA,BUF,SPEC,0,0,0,0,0,0,0,0,0,0,0,0
2025,3,MIA,BUF,TE,0,0,0,0,0,0,0,0,7,6,71,2
2025,3,MIA,BUF,WR,0,0,0,0,0,1,11,0,14,12,124,1
2025,3,MIN,CIN,ALL,27,19,140,1,0,21,53,0,26,19,140,1
2025,3,MIN,CIN,DB,0,0,0,0,0,0,0,0,0,0,0,0
2025,3,MIN,CIN,DL,0,0,0,0,0,0,0,0,0,0,0,0
2025,3,MIN,CIN,LB,0,0,0,0,0,0,0,0,0,0,0,0
2025,3,MIN,CIN,OL,0,0,0,0,0,0,0,0,0,0,0,0
2025,3,MIN,CIN,QB,27,19,140,1,0,1,3,0,0,0,0,0
2025,3,MIN,CIN,RB,0,0,0,0,0,19,41,0,5,4,17,0
2025,3,MIN,CIN,SPEC,0,0,0,0,0,0,0,0,0,0,0,0
2025,3,MIN,CIN,TE,0,0,0,0,0,0,0,0,12,9,58,1
2025,3,MIN,CIN,WR,0,0,0,0,0,1,9,0,9,6,65,0
2025,3,NE,PIT,ALL,23,16,139,2,0,26,64,1,22,16,139,2
2025,3,NE,PIT,DB,0,0,0,0,0,0,0,0,0,0,0,0
2025,3,NE,PIT,DL,0,0,0,0,0,0,0,0,0,0,0,0
2025,3,NE,PIT,LB,0,0,0,0,0,0,0,0,0,0,0,0
2025,3,NE,PIT,OL,0,0,0,0,0,0,0,0,0,0,0,0
2025,3,NE,PIT,QB,23,16,139,2,0,4,1,0,0,0,0,0
2025,3,NE,PIT,RB,0,0,0,0,0,22,63,1,7,6,44,0
2025,3,NE,PIT,SPEC,0,0,0,0,0,0,0,0,0,0,0,0
2025,3,NE,PIT,TE,0,0,0,0,0,0,0,0,6,4,29,0
2025,3,NE,PIT,WR,0,0,0,0,0,0,0,0,9,6,66,2
2025,3,NO,SEA,ALL,21,16,233,2,0,33,87,2,20,16,233,2
2025,3,NO,SEA,DB,0,0,0,0,0,0,0,0,0,0,0,0
2025,3,NO,SEA,DL,0,0,0,0,0,0,0,0,0,0,0,0
2025,3,NO,SEA,LB,0,0,0,0,0,0,0,0,0,0,0,0
2025,3,NO,SEA,OL,0,0,0,0,0,0,0,0,0,0,0,0
2025,3,NO,SEA,QB,21,16,233,2,0,2,2,0,0,0,0,0
2025,3,NO,SEA,RB,0,0,0,0,0,31,85,2,3,3,27,0
2025,3,NO,SEA,SPEC,0,0,0,0,0,0,0,0,0,0,0,0
2025,3,NO,SEA,TE,0,0,0,0,0,0,0,0,3,2,35,0
2025,3,NO,SEA,WR,0,0,0,0,0,0,0,0,14,11,171,2
2025,3,NYG,KC,ALL,37,22,224,1,0,28,105,1,35,22,224,1
2025,3,NYG,KC,DB,0,0,0,0,0,0,0,0,0,0,0,0
2025,3,NYG,KC,DL,0,0,0,0,0,0,0,0,0,0,0,0
2025,3,NYG,KC,LB,0,0,0,0,0,0,0,0,0,0,0,0
2025,3,NYG,KC,OL,0,0,0,0,0,0,0,0,0,0,0,0
2025,3,NYG,KC,QB,37,22,224,1,0,5,2,0,0,0,0,0
2025,3,NYG,KC,RB,0,0,0,0,0,22,92,1,3,2,13,0
2025,3,NYG,KC,SPEC,0,0,0,0,0,0,0,0,0,0,0,0
2025,3,NYG,KC,TE,0,0,0,0,0,0,0,0,13,7,43,0
2025,3,NYG,KC,WR,0,0,0,0,0,1,11,0,19,13,168,1
2025,3,NYJ,TB,ALL,29,19,233,1,0,34,122,0,29,19,233,1
2025,3,NYJ,TB,DB,0,0,0,0,0,0,0,0,0,0,0,0
2025,3,NYJ,TB,DL,0,0,0,0,0,0,0,0,0,0,0,0
2025,3,NYJ,TB,LB,0,0,0,0,0,0,0,0,0,0,0,0
2025,3,NYJ,TB,OL,0,0,0,0,0,0,0,0,0,0,0,0
2025,3,NYJ,TB,QB,29,19,233,1,0,4,44,0,0,0,0,0
2025,3,NYJ,TB,RB,0,0,0,0,0,30,78,0,5,5,35,0
2025,3,NYJ,TB,SPEC,0,0,0,0,0,0,0,0,0,0,0,0
2025,3,NYJ,TB,TE,0,0,0,0,0,0,0,0,0,0,0,0
2025,3,NYJ,TB,WR,0,0,0,0,0,0,0,0,24,14,198,1
2025,3,PHI,LA,ALL,34,19,196,2,0,31,160,0,33,19,196,2
2025,3,PHI,LA,DB,0,0,0,0,0,0,0,0,0,0,0,0
2025,3,PHI,LA,DL,0,0,0,0,0,0,0,0,0,0,0,0
2025,3,PHI,LA,LB,0,0,0,0,0,0,0,0,0,0,0,0
2025,3,PHI,LA,OL,0,0,0,0,0,0,0,0,0,0,0,0
2025,3,PHI,LA,QB,33,19,196,2,0,0,0,0,0,0,0,0
2025,3,PHI,LA,RB,0,0,0,0,0,28,147,0,3,2,18,1
2025,3,PHI,LA,SPEC,1,0,0,0,0,0,0,0,0,0,0,0
2025,3,PHI,LA,TE,0,0,0,0,0,0,0,0,3,1,3,0
2025,3,PHI,LA,WR,0,0,0,0,0,3,13,0,27,16,175,1
2025,3,PIT,NE,ALL,37,28,268,2,0,29,119,0,36,28,268,2
2025,3,PIT,NE,DB,0,0,0,0,0,0,0,0,0,0,0,0
2025,3,PIT,NE,DL,0,0,0,0,0,0,0,0,0,0,0,0
2025,3,PIT,NE,LB,0,0,0,0,0,0,0,0,0,0,0,0
2025,3,PIT,NE,OL,0,0,0,0,0,0,0,0,0,0,0,0
2025,3,PIT,NE,QB,37,28,268,2,0,7,45,0,0,0,0,0
2025,3,PIT,NE,RB,0,0,0,0,0,22,74,0,6,6,57,0
2025,3,PIT,NE,SPEC,0,0,0,0,0,0,0,0,0,0,0,0
2025,3,PIT,NE,TE,0,0,0,0,0,0,0,0,14,10,118,2
2025,3,PIT,NE,WR,0,0,0,0,0,0,0,0,16,12,93,0
2025,3,SEA,NO,ALL,41,28,218,1,0,27,79,0,41,28,218,1
2025,3,SEA,NO,DB,0,0,0,0,0,0,0,0,0,0,0,0
2025,3,SEA,NO,DL,0,0,0,0,0,0,0,0,0,0,0,0
2025,3,SEA,NO,LB,0,0,0,0,0,0,0,0,0,0,0,0
2025,3,SEA,NO,OL,0,0,0,0,0,0,0,0,0,0,0,0
2025,3,SEA,NO,QB,41,28,218,1,0,2,10,0,0,0,0,0
2025,3,SEA,NO,RB,0,0,0,0,0,25,69,0,4,3,23,0
2025,3,SEA,NO,SPEC,0,0,0,0,0,0,0,0,0,0,0,0
2025,3,SEA,NO,TE,0,0,0,0,0,0,0,0,11,8,72,1
2025,3,SEA,NO,WR,0,0,0,0,0,0,0,0,26,17,123,0
2025,3,SF,ARI,ALL,35,22,159,1,0,28,106,0,34,22,159,1
2025,3,SF,ARI,DB,0,0,0,0,0,0,0,0,0,0,0,0
2025,3,SF,ARI,DL,0,0,0,0,0,0,0,0,0,0,0,0
2025,3,SF,ARI,LB,0,0,0,0,0,0,0,0,0,0,0,0
2025,3,SF,ARI,OL,0,0,0,0,0,0,0,0,0,0,0,0
2025,3,SF,ARI,QB,35,22,159,1,0,6,37,0,0,0,0,0
2025,3,SF,ARI,RB,0,0,0,0,0,21,64,0,9,6,24,0
2025,3,SF,ARI,SPEC,0,0,0,0,0,0,0,0,0,0,0,0
2025,3,SF,ARI,TE,0,0,0,0,0,0,0,0,12,8,58,1
2025,3,SF,ARI,WR,0,0,0,0,0,1,5,0,13,8,77,0
2025,3,TB,NYJ,ALL,36,26,197,2,0,23,99,0,35,26,197,2
2025,3,TB,NYJ,DB,0,0,0,0,0,0,0,0,0,0,0,0
2025,3,TB,NYJ,DL,0,0,0,0,0,0,0,0,0,0,0,0
2025,3,TB,NYJ,LB,0,0,0,0,0,0,0,0,0,0,0,0
2025,3,TB,NYJ,OL,0,0,0,0,0,0,0,0,0,0,0,0
2025,3,TB,NYJ,QB,36,26,197,2,0,8,48,0,0,0,0,0
2025,3,TB,NYJ,RB,0,0,0,0,0,15,51,0,8,6,48,0
2025,3,TB,NYJ,SPEC,0,0,0,0,0,0,0,0,0,0,0,0
2025,3,TB,NYJ,TE,0,0,0,0,0,0,0,0,6,4,18,0
2025,3,TB,NYJ,WR,0,0,0,0,0,0,0,0,21,16,131,2
2025,3,TEN,IND,ALL,25,18,228,1,0,28,137,3,25,18,228,1
2025,3,TEN,IND,DB,0,0,0,0,0,0,0,0,0,0,0,0
2025,3,TEN,IND,DL,0,0,0,0,0,0,0,0,0,0,0,0
2025,3,TEN,IND,LB,0,0,0,0,0,0,0,0,0,0,0,0
2025,3,TEN,IND,OL,0,0,0,0,0,0,0,0,0,0,0,0
2025,3,TEN,IND,QB,25,18,228,1,0,8,26,0,0,0,0,0
2025,3,TEN,IND,RB,0,0,0,0,0,20,111,3,4,3,16,0
2025,3,TEN,IND,SPEC,0,0,0,0,0,0,0,0,0,0,0,0
2025,3,TEN,IND,TE,0,0,0,0,0,0,0,0,5,3,38,0
2025,3,TEN,IND,WR,0,0,0,0,0,0,0,0,16,12,174,1
2025,3,WAS,LV,ALL,29,19,289,3,0,28,93,0,27,19,289,3
2025,3,WAS,LV,DB,0,0,0,0,0,0,0,0,0,0,0,0
2025,3,WAS,LV,DL,0,0,0,0,0,0,0,0,0,0,0,0
2025,3,WAS,LV,LB,0,0,0,0,0,0,0,0,0,0,0,0
2025,3,WAS,LV,OL,0,0,0,0,0,0,0,0,0,0,0,0
2025,3,WAS,LV,QB,29,19,289,3,0,2,5,0,0,0,0,0
2025,3,WAS,LV,RB,0,0,0,0,0,25,84,0,3,1,4,0
2025,3,WAS,LV,SPEC,0,0,0,0,0,0,0,0,0,0,0,0
2025,3,WAS,LV,TE,0,0,0,0,0,0,0,0,6,4,38,0
2025,3,WAS,LV,WR,0,0,0,0,0,1,4,0,18,14,247,3
2025,4,ARI,SEA,ALL,26,18,242,1,0,35,155,1,24,18,242,1
2025,4,ARI,SEA,DB,0,0,0,0,0,0,0,0,0,0,0,0
2025,4,ARI,SEA,DL,0,0,0,0,0,0,0,0,0,0,0,0
2025,4,ARI,SEA,LB,0,0,0,0,0,0,0,0,0,0,0,0
2025,4,ARI,SEA,QB,26,18,242,1,0,1,24,0,0,0,0,0
2025,4,ARI,SEA,RB,0,0,0,0,0,31,120,1,4,3,34,0
2025,4,ARI,SEA,SPEC,0,0,0,0,0,0,0,0,0,0,0,0
2025,4,ARI,SEA,TE,0,0,0,0,0,0,0,0,7,5,76,1
2025,4,ARI,SEA,WR,0,0,0,0,0,3,11,0,13,10,132,0
2025,4,ATL,WAS,ALL,27,16,156,2,0,22,147,0,24,16,156,2
2025,4,ATL,WAS,DB,0,0,0,0,0,0,0,0,0,0,0,0
2025,4,ATL,WAS,DL,0,0,0,0,0,0,0,0,0,0,0,0
2025,4,ATL,WAS,LB,0,0,0,0,0,0,0,0,0,0,0,0
2025,4,ATL,WAS,QB,27,16,156,2,0,2,20,0,0,0,0,0
2025,4,ATL,WAS,RB,0,0,0,0,0,16,109,0,4,3,10,0
2025,4,ATL,WAS,SPEC,0,0,0,0,0,0,0,0,0,0,0,0
2025,4,ATL,WAS,TE,0,0,0,0,0,0,0,0,4,2,21,0
2025,4,ATL,WAS,WR,0,0,0,0,0,4,18,0,16,11,125,2
2025,4,BAL,KC,ALL,37,25,270,4,0,32,118,0,35,25,270,4
2025,4,BAL,KC,DB,0,0,0,0,0,0,0,0,0,0,0,0
2025,4,BAL,KC,DL,0,0,0,0,0,0,0,0,0,0,0,0
2025,4,BAL,KC,LB,0,0,0,0,0,0,0,0,0,0,0,0
2025,4,BAL,KC,OL,0,0,0,0,0,0,0,0,0,0,0,0
2025,4,BAL,KC,QB,37,25,270,4,0,6,2,0,0,0,0,0
2025,4,BAL,KC,RB,0,0,0,0,0,24,78,0,8,6,53,1
2025,4,BAL,KC,SPEC,0,0,0,0,0,0,0,0,0,0,0,0
2025,4,BAL,KC,TE,0,0,0,0,0,0,0,0,6,6,49,0
2025,4,BAL,KC,WR,0,0,0,0,0,2,38,0,21,13,168,3
2025,4,BUF,NO,ALL,28,18,126,1,0,34,189,1,25,18,126,1
2025,4,BUF,NO,DB,0,0,0,0,0,0,0,0,0,0,0,0
2025,4,BUF,NO,DL,0,0,0,0,0,0,0,0,0,0,0,0
2025,4,BUF,NO,LB,0,0,0,0,0,0,0,0,0,0,0,0
2025,4,BUF,NO,OL,0,0,0,0,0,0,0,0,0,0,0,0
2025,4,BUF,NO,QB,27,18,126,1,0,6,49,0,1,0,0,0
2025,4,BUF,NO,RB,0,0,0,0,0,26,135,1,5,4,2,0
2025,4,BUF,NO,SPEC,0,0,0,0,0,0,0,0,0,0,0,0
2025,4,BUF,NO,TE,0,0,0,0,0,0,0,0,4,4,35,0
2025,4,BUF,NO,WR,1,0,0,0,0,2,5,0,15,10,89,1
2025,4,CAR,NE,ALL,18,14,203,2,0,29,104,3,17,14,203,2
2025,4,CAR,NE,DB,0,0,0,0,0,0,0,0,0,0,0,0
2025,4,CAR,NE,DL,0,0,0,0,0,0,0,0,0,0,0,0
2025,4,CAR,NE,LB,0,0,0,0,0,0,0,0,0,0,0,0
2025,4,CAR,NE,QB,18,14,203,2,0,6,9,1,0,0,0,0
2025,4,CAR,NE,RB,0,0,0,0,0,22,97,2,3,3,17,0
2025,4,CAR,NE,SPEC,0,0,0,0,0,0,0,0,0,0,0,0
2025,4,CAR,NE,TE,0,0,0,0,0,0,0,0,3,3,63,1
2025,4,CAR,NE,WR,0,0,0,0,0,1,-2,0,11,8,123,1
2025,4,CHI,LV,ALL,21,14,117,2,0,31,240,1,20,14,117,2
2025,4,CHI,LV,DB,0,0,0,0,0,0,0,0,0,0,0,0
2025,4,CHI,LV,DL,0,0,0,0,0,0,0,0,0,0,0,0
2025,4,CHI,LV,LB,0,0,0,0,0,0,0,0,0,0,0,0
2025,4,CHI,LV,OL,0,0,0,0,0,0,0,0,0,0,0,0
2025,4,CHI,LV,QB,21,14,117,2,0,4,31,0,0,0,0,0
2025,4,CHI,LV,RB,0,0,0,0,0,25,200,1,3,3,28,2
2025,4,CHI,LV,SPEC,0,0,0,0,0,0,0,0,0,0,0,0
2025,4,CHI,LV,TE,0,0,0,0,0,0,0,0,6,5,46,0
2025,4,CHI,LV,WR,0,0,0,0,0,2,9,0,11,6,43,0
2025,4,CIN,DEN,ALL,42,29,326,2,0,38,186,2,42,29,326,2
2025,4,CIN,DEN,DB,0,0,0,0,0,0,0,0,0,0,0,0
2025,4,CIN,DEN,DL,0,0,0,0,0,0,0,0,0,0,0,0
2025,4,CIN,DEN,LB,0,0,0,0,0,0,0,0,0,0,0,0
2025,4,CIN,DEN,OL,0,0,0,0,0,0,0,0,0,0,0,0
2025,4,CIN,DEN,QB,42,29,326,2,0,6,7,1,0,0,0,0
2025,4,CIN,DEN,RB,0,0,0,0,0,31,163,0,8,6,55,1
2025,4,CIN,DEN,SPEC,0,0,0,0,0,0,0,0,0,0,0,0
2025,4,CIN,DEN,TE,0,0,0,0,0,0,0,0,13,8,66,0
2025,4,CIN,DEN,WR,0,0,0,0,0,1,16,1,21,15,205,1
2025,4,CLE,DET,ALL,27,16,168,2,0,29,109,1,25,16,168,2
2025,4,CLE,DET,DB,0,0,0,0,0,0,0,0,0,0,0,0
2025,4,CLE,DET,DL,0,0,0,0,0,0,0,0,0,0,0,0
2025,4,CLE,DET,LB,0,0,0,0,0,0,0,0,0,0,0,0
2025,4,CLE,DET,OL,0,0,0,0,0,0,0,0,0,0,0,0
2025,4,CLE,DET,QB,27,16,168,2,0,2,-2,0,0,0,0,0
2025,4,CLE,DET,RB,0,0,0,0,0,26,114,1,3,2,6,0
2025,4,CLE,DET,SPEC,0,0,0,0,0,0,0,0,0,0,0,0
2025,4,CLE,DET,TE,0,0,0,0,0,0,0,0,4,3,39,0
2025,4,CLE,DET,WR,0,0,0,0,0,1,-3,0,18,11,123,2
2025,4,DAL,GB,ALL,43,31,337,3,0,35,164,2,36,31,337,3
2025,4,DAL,GB,DB,0,0,0,0,0,0,0,0,0,0,0,0
2025,4,DAL,GB,DL,0,0,0,0,0,0,0,0,0,0,0,0
2025,4,DAL,GB,LB,0,0,0,0,0,0,0,0,0,0,0,0
2025,4,DAL,GB,OL,0,0,0,0,0,0,0,0,0,0,0,0
2025,4,DAL,GB,QB,43,31,337,3,0,3,28,0,0,0,0,0
2025,4,DAL,GB,RB,0,0,0,0,0,30,130,2,8,8,109,0
2025,4,DAL,GB,SPEC,0,0,0,0,0,0,0,0,0,0,0,0
2025,4,DAL,GB,TE,0,0,0,0,0,0,0,0,6,6,62,0
2025,4,DAL,GB,WR,0,0,0,0,0,2,6,0,22,17,166,3
2025,4,DEN,CIN,ALL,25,14,125,0,0,15,53,0,22,14,125,0
2025,4,DEN,CIN,DB,0,0,0,0,0,0,0,0,0,0,0,0
2025,4,DEN,CIN,DL,0,0,0,0,0,0,0,0,0,0,0,0
2025,4,DEN,CIN,LB,0,0,0,0,0,0,0,0,0,0,0,0
2025,4,DEN,CIN,OL,0,0,0,0,0,0,0,0,0,0,0,0
2025,4,DEN,CIN,QB,25,14,125,0,0,3,4,0,0,0,0,0
2025,4,DEN,CIN,RB,0,0,0,0,0,11,44,0,4,3,31,0
2025,4,DEN,CIN,SPEC,0,0,0,0,0,0,0,0,0,0,0,0
2025,4,DEN,CIN,TE,0,0,0,0,0,0,0,0,1,1,8,0
2025,4,DEN,CIN,WR,0,0,0,0,0,1,5,0,17,10,86,0
2025,4,DET,CLE,ALL,35,16,184,0,0,27,79,1,34,16,184,0
2025,4,DET,CLE,DB,0,0,0,0,0,0,0,0,0,0,0,0
2025,4,DET,CLE,DL,0,0,0,0,0,0,0,0,0,0,0,0
2025,4,DET,CLE,LB,0,0,0,0,0,0,0,0,0,0,0,0
2025,4,DET,CLE,OL,0,0,0,0,0,0,0,0,0,0,0,0
2025,4,DET,CLE,QB,35,16,184,0,0,3,-1,0,0,0,0,0
2025,4,DET,CLE,RB,0,0,0,0,0,23,79,1,7,5,37,0
2025,4,DET,CLE,SPEC,0,0,0,0,0,0,0,0,0,0,0,0
2025,4,DET,CLE,TE,0,0,0,0,0,1,1,0,10,4,35,0
2025,4,DET,CLE,WR,0,0,0,0,0,0,0,0,17,7,112,0
2025,4,GB,DAL,ALL,40,31,319,3,0,26,117,2,38,31,319,3
2025,4,GB,DAL,DB,0,0,0,0,0,0,0,0,0,0,0,0
2025,4,GB,DAL,DL,0,0,0,0,0,0,0,0,0,0,0,0
2025,4,GB,DAL,LB,0,0,0,0,0,0,0,0,0,0,0,0
2025,4,GB,DAL,OL,0,0,0,0,0,0,0,0,0,0,0,0
2025,4,GB,DAL,QB,40,31,319,3,0,1,2,1,0,0,0,0
2025,4,GB,DAL,RB,0,0,0,0,0,23,99,1,6,5,32,0
2025,4,GB,DAL,SPEC,0,0,0,0,0,0,0,0,0,0,0,0
2025,4,GB,DAL,TE,0,0,0,0,0,0,0,0,9,9,48,1
2025,4,GB,DAL,WR,0,0,0,0,0,2,16,0,23,17,239,2
2025,4,HOU,TEN,ALL,26,10,108,0,0,18,82,0,23,10,108,0
2025,4,HOU,TEN,DB,0,0,0,0,0,0,0,0,0,0,0,0
2025,4,HOU,TEN,DL,0,0,0,0,0,0,0,0,0,0,0,0
2025,4,HOU,TEN,LB,0,0,0,0,0,0,0,0,0,0,0,0
2025,4,HOU,TEN,OL,0,0,0,0,0,0,0,0,0,0,0,0
2025,4,HOU,TEN,QB,26,10,108,0,0,2,22,0,0,0,0,0
2025,4,HOU,TEN,RB,0,0,0,0,0,15,64,0,4,3,12,0
2025,4,HOU,TEN,SPEC,0,0,0,0,0,0,0,0,0,0,0,0
2025,4,HOU,TEN,TE,0,0,0,0,0,0,0,0,4,2,16,0
2025,4,HOU,TEN,WR,0,0,0,0,0,1,-4,0,15,5,80,0
2025,4,IND,LA,ALL,41,29,375,3,0,26,102,0,40,29,375,3
2025,4,IND,LA,DB,0,0,0,0,0,0,0,0,0,0,0,0
2025,4,IND,LA,DL,0,0,0,0,0,0,0,0,0,0,0,0
2025,4,IND,LA,LB,0,0,0,0,0,0,0,0,0,0,0,0
2025,4,IND,LA,OL,0,0,0,0,0,0,0,0,0,0,0,0
2025,4,IND,LA,QB,41,29,375,3,0,4,4,0,0,0,0,0
2025,4,IND,LA,RB,0,0,0,0,0,22,98,0,8,5,12,0
2025,4,IND,LA,SPEC,0,0,0,0,0,0,0,0,0,0,0,0
2025,4,IND,LA,TE,0,0,0,0,0,0,0,0,8,5,42,0
2025,4,IND,LA,WR,0,0,0,0,0,0,0,0,24,19,321,3
2025,4,JAX,SF,ALL,38,22,309,2,0,24,83,0,37,22,309,2
2025,4,JAX,SF,DB,0,0,0,0,0,0,0,0,0,0,0,0
2025,4,JAX,SF,DL,0,0,0,0,0,0,0,0,0,0,0,0
2025,4,JAX,SF,LB,0,0,0,0,0,0,0,0,0,0,0,0
2025,4,JAX,SF,OL,0,0,0,0,0,0,0,0,0,0,0,0
2025,4,JAX,SF,QB,38,22,309,2,0,2,13,0,0,0,0,0
2025,4,JAX,SF,RB,0,0,0,0,0,22,70,0,14,9,124,1
2025,4,JAX,SF,SPEC,0,0,0,0,0,0,0,0,0,0,0,0
2025,4,JAX,SF,TE,0,0,0,0,0,0,0,0,7,5,78,1
2025,4,JAX,SF,WR,0,0,0,0,0,0,0,0,16,8,107,0
2025,4,KC,BAL,ALL,33,23,199,1,0,17,166,1,30,23,199,1
2025,4,KC,BAL,DB,0,0,0,0,0,0,0,0,0,0,0,0
2025,4,KC,BAL,DL,0,0,0,0,0,0,0,0,0,0,0,0
2025,4,KC,BAL,LB,0,0,0,0,0,0,0,0,0,0,0,0
2025,4,KC,BAL,OL,0,0,0,0,0,0,0,0,0,0,0,0
2025,4,KC,BAL,QB,33,23,199,1,0,6,48,0,0,0,0,0
2025,4,KC,BAL,RB,0,0,0,0,0,11,118,1,9,7,57,1
2025,4,KC,BAL,SPEC,0,0,0,0,0,0,0,0,0,0,0,0
2025,4,KC,BAL,TE,0,0,0,0,0,0,0,0,8,7,30,0
2025,4,KC,BAL,WR,0,0,0,0,0,0,0,0,13,9,112,0
2025,4,LA,IND,ALL,33,24,262,1,0,21,85,1,32,24,262,1
2025,4,LA,IND,DB,0,0,0,0,0,0,0,0,0,0,0,0
2025,4,LA,IND,DL,0,0,0,0,0,0,0,0,0,0,0,0
2025,4,LA,IND,LB,0,0,0,0,0,0,0,0,0,0,0,0
2025,4,LA,IND,OL,0,0,0,0,0,0,0,0,0,0,0,0
2025,4,LA,IND,QB,33,24,262,1,0,1,-1,0,0,0,0,0
2025,4,LA,IND,RB,0,0,0,0,0,17,76,0,6,6,20,0
2025,4,LA,IND,SPEC,0,0,0,0,0,0,0,0,0,0,0,0
2025,4,LA,IND,TE,0,0,0,0,0,2,3,1,6,5,70,0
2025,4,LA,IND,WR,0,0,0,0,0,1,7,0,20,13,172,1
2025,4,LAC,NYG,ALL,21,14,119,1,0,42,161,1,20,14,119,1
2025,4,LAC,NYG,DB,0,0,0,0,0,0,0,0,0,0,0,0
2025,4,LAC,NYG,DL,0,0,0,0,0,0,0,0,0,0,0,0
2025,4,LAC,NYG,LB,0,0,0,0,0,0,0,0,0,0,0,0
2025,4,LAC,NYG,OL,0,0,0,0,0,0,0,0,0,0,0,0
2025,4,LAC,NYG,QB,21,14,119,1,0,10,54,1,0,0,0,0
2025,4,LAC,NYG,RB,0,0,0,0,0,32,107,0,2,2,11,0
2025,4,LAC,NYG,SPEC,0,0,0,0,0,0,0,0,0,0,0,0
2025,4,LAC,NYG,TE,0,0,0,0,0,0,0,0,6,4,30,1
2025,4,LAC,NYG,WR,0,0,0,0,0,0,0,0,12,8,78,0
2025,4,LV,CHI,ALL,37,22,212,1,0,26,69,1,36,22,212,1
2025,4,LV,CHI,DB,0,0,0,0,0,0,0,0,0,0,0,0
2025,4,LV,CHI,DL,0,0,0,0,0,0,0,0,0,0,0,0
2025,4,LV,CHI,LB,0,0,0,0,0,0,0,0,0,0,0,0
2025,4,LV,CHI,OL,0,0,0,0,0,0,0,0,0,0,0,0
2025,4,LV,CHI,QB,37,22,212,1,0,8,13,0,0,0,0,0
2025,4,LV,CHI,RB,0,0,0,0,0,18,56,1,6,4,22,0
2025,4,LV,CHI,SPEC,0,0,0,0,0,0,0,0,0,0,0,0
2025,4,LV,CHI,TE,0,0,0,0,0,0,0,0,9,3,46,0
2025,4,LV,CHI,WR,0,0,0,0,0,0,0,0,21,15,144,1
2025,4,MIA,NYJ,ALL,27,20,226,1,0,28,197,1,27,20,226,1
2025,4,MIA,NYJ,DB,0,0,0,0,0,0,0,0,0,0,0,0
2025,4,MIA,NYJ,DL,0,0,0,0,0,0,0,0,0,0,0,0
2025,4,MIA,NYJ,LB,0,0,0,0,0,0,0,0,0,0,0,0
2025,4,MIA,NYJ,OL,0,0,0,0,0,0,0,0,0,0,0,0
2025,4,MIA,NYJ,QB,27,20,226,1,0,7,81,1,0,0,0,0
2025,4,MIA,NYJ,RB,0,0,0,0,0,21,116,0,8,7,48,0
2025,4,MIA,NYJ,SPEC,0,0,0,0,0,0,0,0,0,0,0,0
2025,4,MIA,NYJ,TE,0,0,0,0,0,0,0,0,8,6,88,0
2025,4,MIA,NYJ,WR,0,0,0,0,0,0,0,0,11,7,90,1
2025,4,MIN,PIT,ALL,22,18,200,1,0,29,131,2,22,18,200,1
2025,4,MIN,PIT,DB,0,0,0,0,0,0,0,0,0,0,0,0
2025,4,MIN,PIT,DL,0,0,0,0,0,0,0,0,0,0,0,0
2025,4,MIN,PIT,LB,0,0,0,0,0,0,0,0,0,0,0,0
2025,4,MIN,PIT,OL,0,0,0,0,0,0,0,0,0,0,0,0
2025,4,MIN,PIT,QB,22,18,200,1,0,3,8,0,0,0,0,0
2025,4,MIN,PIT,RB,0,0,0,0,0,26,123,2,7,6,35,0
2025,4,MIN,PIT,SPEC,0,0,0,0,0,0,0,0,0,0,0,0
2025,4,MIN,PIT,TE,0,0,0,0,0,0,0,0,6,5,26,0
2025,4,MIN,PIT,WR,0,0,0,0,0,0,0,0,9,7,139,1
2025,4,NE,CAR,ALL,36,23,208,2,0,28,129,0,32,23,208,2
2025,4,NE,CAR,DB,0,0,0,0,0,0,0,0,0,0,0,0
2025,4,NE,CAR,DL,0,0,0,0,0,0,0,0,0,0,0,0
2025,4,NE,CAR,LB,0,0,0,0,0,0,0,0,0,0,0,0
2025,4,NE,CAR,OL,0,0,0,0,0,0,0,0,0,0,0,0
2025,4,NE,CAR,QB,36,23,208,2,0,1,3,0,0,0,0,0
2025,4,NE,CAR,RB,0,0,0,0,0,26,114,0,4,4,18,0
2025,4,NE,CAR,SPEC,0,0,0,0,0,0,0,0,0,0,0,0
2025,4,NE,CAR,TE,0,0,0,0,0,0,0,0,14,10,82,2
2025,4,NE,CAR,WR,0,0,0,0,0,1,12,0,14,9,108,0
2025,4,NO,BUF,ALL,22,16,209,2,0,32,165,2,22,16,209,2
2025,4,NO,BUF,DB,0,0,0,0,0,0,0,0,0,0,0,0
2025,4,NO,BUF,DL,0,0,0,0,0,0,0,0,0,0,0,0
2025,4,NO,BUF,LB,0,0,0,0,0,0,0,0,0,0,0,0
2025,4,NO,BUF,OL,0,0,0,0,0,0,0,0,0,0,0,0
2025,4,NO,BUF,QB,22,16,209,2,0,7,45,1,0,0,0,0
2025,4,NO,BUF,RB,0,0,0,0,0,24,120,1,4,3,18,0
2025,4,NO,BUF,SPEC,0,0,0,0,0,0,0,0,0,0,0,0
2025,4,NO,BUF,TE,0,0,0,0,0,0,0,0,4,2,43,1
2025,4,NO,BUF,WR,0,0,0,0,0,1,0,0,14,11,148,1
2025,4,NYG,LAC,ALL,41,23,203,1,0,13,152,1,38,23,203,1
2025,4,NYG,LAC,DB,0,0,0,0,0,0,0,0,0,0,0,0
2025,4,NYG,LAC,DL,0,0,0,0,0,0,0,0,1,1,1,0
2025,4,NYG,LAC,LB,0,0,0,0,0,0,0,0,0,0,0,0
2025,4,NYG,LAC,OL,0,0,0,0,0,0,0,0,0,0,0,0
2025,4,NYG,LAC,QB,41,23,203,1,0,1,24,0,0,0,0,0
2025,4,NYG,LAC,RB,0,0,0,0,0,12,128,1,5,5,37,0
2025,4,NYG,LAC,SPEC,0,0,0,0,0,0,0,0,0,0,0,0
2025,4,NYG,LAC,TE,0,0,0,0,0,0,0,0,5,3,19,0
2025,4,NYG,LAC,WR,0,0,0,0,0,0,0,0,27,14,146,1
2025,4,NYJ,MIA,ALL,25,17,177,2,0,31,123,1,25,17,177,2
2025,4,NYJ,MIA,DB,0,0,0,0,0,0,0,0,0,0,0,0
2025,4,NYJ,MIA,DL,0,0,0,0,0,0,0,0,0,0,0,0
2025,4,NYJ,MIA,LB,0,0,0,0,0,0,0,0,0,0,0,0
2025,4,NYJ,MIA,OL,0,0,0,0,0,0,0,0,0,0,0,0
2025,4,NYJ,MIA,QB,25,17,177,2,0,3,6,0,0,0,0,0
2025,4,NYJ,MIA,RB,0,0,0,0,0,26,109,1,3,1,2,0
2025,4,NYJ,MIA,SPEC,0,0,0,0,0,0,0,0,0,0,0,0
2025,4,NYJ,MIA,TE,0,0,0,0,0,0,0,0,6,4,46,2
2025,4,NYJ,MIA,WR,0,0,0,0,0,2,8,0,16,12,129,0
2025,4,PHI,TB,ALL,40,22,289,2,0,26,104,0,39,22,289,2
2025,4,PHI,TB,DB,0,0,0,0,0,0,0,0,0,0,0,0
2025,4,PHI,TB,DL,0,0,0,0,0,0,0,0,0,0,0,0
2025,4,PHI,TB,LB,0,0,0,0,0,0,0,0,0,0,0,0
2025,4,PHI,TB,QB,40,22,289,2,0,2,13,0,0,0,0,0
2025,4,PHI,TB,RB,0,0,0,0,0,21,80,0,10,9,131,1
2025,4,PHI,TB,SPEC,0,0,0,0,0,0,0,0,0,0,0,0
2025,4,PHI,TB,TE,0,0,0,0,0,0,0,0,4,3,9,0
2025,4,PHI,TB,WR,0,0,0,0,0,3,11,0,25,10,149,1
2025,4,PIT,MIN,ALL,46,30,350,2,0,20,70,0,42,30,350,2
2025,4,PIT,MIN,DB,0,0,0,0,0,0,0,0,0,0,0,0
2025,4,PIT,MIN,DL,0,0,0,0,0,0,0,0,0,0,0,0
2025,4,PIT,MIN,LB,0,0,0,0,0,0,0,0,0,0,0,0
2025,4,PIT,MIN,OL,0,0,0,0,0,0,0,0,0,0,0,0
2025,4,PIT,MIN,QB,46,30,350,2,0,2,12,0,0,0,0,0
2025,4,PIT,MIN,RB,0,0,0,0,0,18,58,0,11,9,58,1
2025,4,PIT,MIN,SPEC,0,0,0,0,0,0,0,0,0,0,0,0
2025,4,PIT,MIN,TE,0,0,0,0,0,0,0,0,6,4,39,0
2025,4,PIT,MIN,WR,0,0,0,0,0,0,0,0,25,17,253,1
2025,4,SEA,ARI,ALL,41,27,200,2,0,17,89,0,40,27,200,2
2025,4,SEA,ARI,DB,0,0,0,0,0,0,0,0,0,0,0,0
2025,4,SEA,ARI,DL,0,0,0,0,0,0,0,0,0,0,0,0
2025,4,SEA,ARI,LB,0,0,0,0,0,0,0,0,0,0,0,0
2025,4,SEA,ARI,OL,0,0,0,0,0,0,0,0,0,0,0,0
2025,4,SEA,ARI,OTHER,0,0,0,0,0,0,0,0,0,0,0,0
2025,4,SEA,ARI,QB,41,27,200,2,0,5,41,0,0,0,0,0
2025,4,SEA,ARI,RB,0,0,0,0,0,11,44,0,7,7,32,1
2025,4,SEA,ARI,SPEC,0,0,0,0,0,0,0,0,0,0,0,0
2025,4,SEA,ARI,TE,0,0,0,0,0,0,0,0,11,7,52,0
2025,4,SEA,ARI,WR,0,0,0,0,0,1,4,0,22,13,116,1
2025,4,SF,JAX,ALL,31,21,174,1,0,32,151,1,30,21,174,1
2025,4,SF,JAX,DB,0,0,0,0,0,0,0,0,5,3,42,0
2025,4,SF,JAX,DL,0,0,0,0,0,0,0,0,0,0,0,0
2025,4,SF,JAX,LB,0,0,0,0,0,0,0,0,0,0,0,0
2025,4,SF,JAX,OL,0,0,0,0,0,0,0,0,0,0,0,0
2025,4,SF,JAX,QB,31,21,174,1,0,7,7,0,0,0,0,0
2025,4,SF,JAX,RB,0,0,0,0,0,23,138,1,4,3,16,0
2025,4,SF,JAX,SPEC,0,0,0,0,0,0,0,0,0,0,0,0
2025,4,SF,JAX,TE,0,0,0,0,0,0,0,0,11,9,68,1
2025,4,SF,JAX,WR,0,0,0,0,0,2,6,0,10,6,48,0
2025,4,TB,PHI,ALL,24,15,130,2,0,32,88,1,24,15,130,2
2025,4,TB,PHI,DB,0,0,0,0,0,0,0,0,0,0,0,0
2025,4,TB,PHI,DL,0,0,0,0,0,0,0,0,0,0,0,0
2025,4,TB,PHI,LB,0,0,0,0,0,0,0,0,0,0,0,0
2025,4,TB,PHI,OL,0,0,0,0,0,0,0,0,0,0,0,0
2025,4,TB,PHI,QB,24,15,130,2,0,9,62,0,0,0,0,0
2025,4,TB,PHI,RB,0,0,0,0,0,22,60,1,5,4,31,0
2025,4,TB,PHI,SPEC,0,0,0,0,0,1,-34,0,0,0,0,0
2025,4,TB,PHI,TE,0,0,0,0,0,0,0,0,6,5,53,2
2025,4,TB,PHI,WR,0,0,0,0,0,0,0,0,13,6,46,0
2025,4,TEN,HOU,ALL,28,22,233,2,0,35,129,1,28,22,233,2
2025,4,TEN,HOU,DB,0,0,0,0,0,0,0,0,0,0,0,0
2025,4,TEN,HOU,DL,0,0,0,0,0,0,0,0,0,0,0,0
2025,4,TEN,HOU,LB,0,0,0,0,0,0,0,0,0,0,0,0
2025,4,TEN,HOU,OL,0,0,0,0,0,0,0,0,0,0,0,0
2025,4,TEN,HOU,QB,28,22,233,2,0,4,11,0,0,0,0,0
2025,4,TEN,HOU,RB,0,0,0,0,0,30,116,1,7,6,65,1
2025,4,TEN,HOU,SPEC,0,0,0,0,0,0,0,0,0,0,0,0
2025,4,TEN,HOU,TE,0,0,0,0,0,0,0,0,6,5,30,0
2025,4,TEN,HOU,WR,0,0,0,0,0,1,2,0,15,11,138,1
2025,4,WAS,ATL,ALL,26,20,313,2,0,37,128,2,26,20,313,2
2025,4,WAS,ATL,DB,0,0,0,0,0,0,0,0,0,0,0,0
2025,4,WAS,ATL,DL,0,0,0,0,0,0,0,0,0,0,0,0
2025,4,WAS,ATL,LB,0,0,0,0,0,0,0,0,0,0,0,0
2025,4,WAS,ATL,QB,26,20,313,2,0,4,2,0,0,0,0,0
2025,4,WAS,ATL,RB,0,0,0,0,0,33,126,2,5,4,106,0
2025,4,WAS,ATL,SPEC,0,0,0,0,0,0,0,0,0,0,0,0
2025,4,WAS,ATL,TE,0,0,0,0,0,0,0,0,5,5,70,1
2025,4,WAS,ATL,WR,0,0,0,0,0,0,0,0,16,11,137,1
2025,5,ARI,TEN,ALL,39,21,265,0,0,24,78,1,37,21,265,0
2025,5,ARI,TEN,DB,0,0,0,0,0,0,0,0,0,0,0,0
2025,5,ARI,TEN,DL,0,0,0,0,0,0,0,0,0,0,0,0
2025,5,ARI,TEN,LB,0,0,0,0,0,0,0,0,0,0,0,0
2025,5,ARI,TEN,QB,39,21,265,0,0,5,-6,0,0,0,0,0
2025,5,ARI,TEN,RB,0,0,0,0,0,19,84,1,4,3,11,0
2025,5,ARI,TEN,SPEC,0,0,0,0,0,0,0,0,0,0,0,0
2025,5,ARI,TEN,TE,0,0,0,0,0,0,0,0,10,8,82,0
2025,5,ARI,TEN,WR,0,0,0,0,0,0,0,0,23,10,172,0
2025,5,BAL,HOU,ALL,31,25,267,4,0,33,167,1,31,25,267,4
2025,5,BAL,HOU,DB,0,0,0,0,0,0,0,0,0,0,0,0
2025,5,BAL,HOU,DL,0,0,0,0,0,0,0,0,0,0,0,0
2025,5,BAL,HOU,LB,0,0,0,0,0,0,0,0,0,0,0,0
2025,5,BAL,HOU,OL,0,0,0,0,0,0,0,0,0,0,0,0
2025,5,BAL,HOU,QB,31,25,267,4,0,4,33,0,0,0,0,0
2025,5,BAL,HOU,RB,0,0,0,0,0,27,121,1,2,0,0,0
2025,5,BAL,HOU,SPEC,0,0,0,0,0,0,0,0,0,0,0,0
2025,5,BAL,HOU,TE,0,0,0,0,0,0,0,0,10,8,88,0
2025,5,BAL,HOU,WR,0,0,0,0,0,2,13,0,19,17,179,4
2025,5,BUF,NE,ALL,30,22,273,0,0,22,71,2,28,22,273,0
2025,5,BUF,NE,DB,0,0,0,0,0,0,0,0,0,0,0,0
2025,5,BUF,NE,DL,0,0,0,0,0,0,0,0,0,0,0,0
2025,5,BUF,NE,LB,0,0,0,0,0,0,0,0,0,0,0,0
2025,5,BUF,NE,OL,0,0,0,0,0,0,0,0,0,0,0,0
2025,5,BUF,NE,QB,30,22,273,0,0,3,12,0,0,0,0,0
2025,5,BUF,NE,RB,0,0,0,0,0,19,59,2,6,5,21,0
2025,5,BUF,NE,SPEC,0,0,0,0,0,0,0,0,0,0,0,0
2025,5,BUF,NE,TE,0,0,0,0,0,0,0,0,4,2,46,0
2025,5,BUF,NE,WR,0,0,0,0,0,0,0,0,18,15,206,0
2025,5,CAR,MIA,ALL,36,27,256,3,0,14,19,0,34,27,256,3
2025,5,CAR,MIA,DB,0,0,0,0,0,0,0,0,0,0,0,0
2025,5,CAR,MIA,DL,0,0,0,0,0,0,0,0,0,0,0,0
2025,5,CAR,MIA,LB,0,0,0,0,0,0,0,0,0,0,0,0
2025,5,CAR,MIA,OL,0,0,0,0,0,0,0,0,0,0,0,0
2025,5,CAR,MIA,QB,36,27,256,3,0,1,5,0,0,0,0,0
2025,5,CAR,MIA,RB,0,0,0,0,0,13,14,0,8,6,30,1
2025,5,CAR,MIA,SPEC,0,0,0,0,0,0,0,0,0,0,0,0
2025,5,CAR,MIA,TE,0,0,0,0,0,0,0,0,12,11,116,1
2025,5,CAR,MIA,WR,0,0,0,0,0,0,0,0,14,10,110,1
2025,5,CIN,DET,ALL,24,20,261,4,0,33,118,1,23,20,261,4
2025,5,CIN,DET,DB,0,0,0,0,0,0,0,0,0,0,0,0
2025,5,CIN,DET,DL,0,0,0,0,0,0,0,0,0,0,0,0
2025,5,CIN,DET,LB,0,0,0,0,0,0,0,0,0,0,0,0
2025,5,CIN,DET,OL,0,0,0,0,0,0,0,0,0,0,0,0
2025,5,CIN,DET,QB,23,19,258,3,0,2,-2,0,0,0,0,0
2025,5,CIN,DET,RB,1,1,3,1,0,30,119,1,3,3,39,1
2025,5,CIN,DET,SPEC,0,0,0,0,0,0,0,0,0,0,0,0
2025,5,CIN,DET,TE,0,0,0,0,0,0,0,0,9,7,101,2
2025,5,CIN,DET,WR,0,0,0,0,0,1,1,0,11,10,121,1
2025,5,CLE,MIN,ALL,35,26,268,2,0,23,97,1,34,26,268,2
2025,5,CLE,MIN,DB,0,0,0,0,0,0,0,0,0,0,0,0
2025,5,CLE,MIN,DL,0,0,0,0,0,0,0,0,0,0,0,0
2025,5,CLE,MIN,LB,0,0,0,0,0,0,0,0,0,0,0,0
2025,5,CLE,MIN,OL,0,0,0,0,0,0,0,0,0,0,0,0
2025,5,CLE,MIN,QB,34,25,236,1,0,4,12,0,0,0,0,0
2025,5,CLE,MIN,RB,1,1,32,1,0,18,70,1,4,3,4,0
2025,5,CLE,MIN,SPEC,0,0,0,0,0,0,0,0,0,0,0,0
2025,5,CLE,MIN,TE,0,0,0,0,0,0,0,0,9,8,73,1
2025,5,CLE,MIN,WR,0,0,0,0,0,1,15,0,21,15,191,1
2025,5,DAL,NYJ,ALL,46,32,283,2,0,22,144,0,44,32,283,2
2025,5,DAL,NYJ,DB,0,0,0,0,0,0,0,0,0,0,0,0
2025,5,DAL,NYJ,DL,0,0,0,0,0,0,0,0,0,0,0,0
2025,5,DAL,NYJ,LB,0,0,0,0,0,0,0,0,0,0,0,0
2025,5,DAL,NYJ,OL,0,0,0,0,0,0,0,0,0,0,0,0
2025,5,DAL,NYJ,QB,46,32,283,2,0,7,26,0,0,0,0,0
2025,5,DAL,NYJ,RB,0,0,0,0,0,15,118,0,11,8,71,1
2025,5,DAL,NYJ,SPEC,0,0,0,0,0,0,0,0,0,0,0,0
2025,5,DAL,NYJ,TE,0,0,0,0,0,0,0,0,16,13,95,0
2025,5,DAL,NYJ,WR,0,0,0,0,0,0,0,0,17,11,117,1
2025,5,DEN,PHI,ALL,38,23,280,2,0,11,45,0,37,23,280,2
2025,5,DEN,PHI,DB,0,0,0,0,0,0,0,0,0,0,0,0
2025,5,DEN,PHI,DL,0,0,0,0,0,0,0,0,0,0,0,0
2025,5,DEN,PHI,LB,0,0,0,0,0,0,0,0,0,0,0,0
2025,5,DEN,PHI,OL,0,0,0,0,0,0,0,0,0,0,0,0
2025,5,DEN,PHI,QB,38,23,280,2,0,2,3,0,0,0,0,0
2025,5,DEN,PHI,RB,0,0,0,0,0,9,42,0,5,4,62,1
2025,5,DEN,PHI,SPEC,0,0,0,0,0,0,0,0,0,0,0,0
2025,5,DEN,PHI,TE,0,0,0,0,0,0,0,0,11,5,37,1
2025,5,DEN,PHI,WR,0,0,0,0,0,0,0,0,21,14,181,0
2025,5,DET,CIN,ALL,40,26,251,3,0,16,85,0,40,26,251,3
2025,5,DET,CIN,DB,0,0,0,0,0,0,0,0,0,0,0,0
2025,5,DET,CIN,DL,0,0,0,0,0,0,0,0,0,0,0,0
2025,5,DET,CIN,LB,0,0,0,0,0,0,0,0,0,0,0,0
2025,5,DET,CIN,OL,0,0,0,0,0,0,0,0,0,0,0,0
2025,5,DET,CIN,QB,40,26,251,3,0,4,31,0,0,0,0,0
2025,5,DET,CIN,RB,0,0,0,0,0,12,54,0,10,9,23,0
2025,5,DET,CIN,SPEC,0,0,0,0,0,0,0,0,0,0,0,0
2025,5,DET,CIN,TE,0,0,0,0,0,0,0,0,6,3,14,0
2025,5,DET,CIN,WR,0,0,0,0,0,0,0,0,24,14,214,3
2025,5,HOU,BAL,ALL,20,14,179,0,0,19,44,1,20,14,179,0
2025,5,HOU,BAL,DB,0,0,0,0,0,0,0,0,0,0,0,0
2025,5,HOU,BAL,DL,0,0,0,0,0,0,0,0,0,0,0,0
2025,5,HOU,BAL,LB,0,0,0,0,0,0,0,0,0,0,0,0
2025,5,HOU,BAL,QB,20,14,179,0,0,0,0,0,0,0,0,0
2025,5,HOU,BAL,RB,0,0,0,0,0,19,44,1,4,2,14,0
2025,5,HOU,BAL,SPEC,0,0,0,0,0,0,0,0,0,0,0,0
2025,5,HOU,BAL,TE,0,0,0,0,0,0,0,0,6,5,47,0
2025,5,HOU,BAL,WR,0,0,0,0,0,0,0,0,10,7,118,0
2025,5,IND,LV,ALL,36,25,228,0,0,25,106,0,36,25,228,0
2025,5,IND,LV,DB,0,0,0,0,0,0,0,0,0,0,0,0
2025,5,IND,LV,DL,0,0,0,0,0,0,0,0,0,0,0,0
2025,5,IND,LV,LB,0,0,0,0,0,0,0,0,0,0,0,0
2025,5,IND,LV,OL,0,0,0,0,0,0,0,0,0,0,0,0
2025,5,IND,LV,QB,36,25,228,0,0,3,8,0,0,0,0,0
2025,5,IND,LV,RB,0,0,0,0,0,21,89,0,7,5,42,0
2025,5,IND,LV,SPEC,0,0,0,0,0,0,0,0,0,0,0,0
2025,5,IND,LV,TE,0,0,0,0,0,0,0,0,9,8,56,0
2025,5,IND,LV,WR,0,0,0,0,0,1,9,0,20,12,130,0
2025,5,JAX,KC,ALL,41,29,318,1,0,22,158,3,40,29,318,1
2025,5,JAX,KC,DB,0,0,0,0,0,0,0,0,0,0,0,0
2025,5,JAX,KC,DL,0,0,0,0,0,0,0,0,0,0,0,0
2025,5,JAX,KC,LB,0,0,0,0,0,0,0,0,0,0,0,0
2025,5,JAX,KC,OL,0,0,0,0,0,0,0,0,0,0,0,0
2025,5,JAX,KC,QB,41,29,318,1,0,6,60,1,0,0,0,0
2025,5,JAX,KC,RB,0,0,0,0,0,15,89,2,7,7,60,0
2025,5,JAX,KC,SPEC,0,0,0,0,0,0,0,0,0,0,0,0
2025,5,JAX,KC,TE,0,0,0,0,0,0,0,0,8,7,61,1
2025,5,JAX,KC,WR,0,0,0,0,0,1,9,0,25,15,197,0
2025,5,KC,JAX,ALL,25,18,221,1,0,26,109,2,25,18,221,1
2025,5,KC,JAX,DB,0,0,0,0,0,0,0,0,3,3,64,0
2025,5,KC,JAX,DL,0,0,0,0,0,0,0,0,0,0,0,0
2025,5,KC,JAX,LB,0,0,0,0,0,0,0,0,0,0,0,0
2025,5,KC,JAX,OL,0,0,0,0,0,0,0,0,0,0,0,0
2025,5,KC,JAX,QB,25,18,221,1,0,10,54,2,0,0,0,0
2025,5,KC,JAX,RB,0,0,0,0,0,16,55,0,5,4,14,0
2025,5,KC,JAX,SPEC,0,0,0,0,0,0,0,0,0,0,0,0
2025,5,KC,JAX,TE,0,0,0,0,0,0,0,0,3,3,32,0
2025,5,KC,JAX,WR,0,0,0,0,0,0,0,0,14,8,111,1
2025,5,LA,SF,ALL,49,33,342,2,0,33,74,0,48,33,342,2
2025,5,LA,SF,DB,0,0,0,0,0,0,0,0,0,0,0,0
2025,5,LA,SF,DL,0,0,0,0,0,0,0,0,0,0,0,0
2025,5,LA,SF,LB,0,0,0,0,0,0,0,0,0,0,0,0
2025,5,LA,SF,OL,0,0,0,0,0,0,0,0,0,0,0,0
2025,5,LA,SF,OTHER,0,0,0,0,0,0,0,0,0,0,0,0
2025,5,LA,SF,QB,49,33,342,2,0,4,5,0,0,0,0,0
2025,5,LA,SF,RB,0,0,0,0,0,28,68,0,13,11,103,1
2025,5,LA,SF,SPEC,0,0,0,0,0,0,0,0,0,0,0,0
2025,5,LA,SF,TE,0,0,0,0,0,0,0,0,13,8,49,1
2025,5,LA,SF,WR,0,0,0,0,0,1,1,0,22,14,190,0
2025,5,LAC,WAS,ALL,26,15,231,1,0,28,163,2,23,15,231,1
2025,5,LAC,WAS,DB,0,0,0,0,0,0,0,0,0,0,0,0
2025,5,LAC,WAS,DL,0,0,0,0,0,0,0,0,0,0,0,0
2025,5,LAC,WAS,LB,0,0,0,0,0,0,0,0,0,0,0,0
2025,5,LAC,WAS,OL,0,0,0,0,0,0,0,0,0,0,0,0
2025,5,LAC,WAS,QB,26,15,231,1,0,8,39,0,0,0,0,0
2025,5,LAC,WAS,RB,0,0,0,0,0,20,124,2,4,3,51,0
2025,5,LAC,WAS,SPEC,0,0,0,0,0,0,0,0,0,0,0,0
2025,5,LAC,WAS,TE,0,0,0,0,0,0,0,0,2,1,9,0
2025,5,LAC,WAS,WR,0,0,0,0,0,0,0,0,17,11,171,1
2025,5,LV,IND,ALL,32,21,221,2,0,25,96,4,31,21,221,2
2025,5,LV,IND,DB,0,0,0,0,0,0,0,0,0,0,0,0
2025,5,LV,IND,DL,0,0,0,0,0,0,0,0,0,0,0,0
2025,5,LV,IND,LB,0,0,0,0,0,0,0,0,0,0,0,0
2025,5,LV,IND,OL,0,0,0,0,0,0,0,0,1,0,0,0
2025,5,LV,IND,QB,31,21,221,2,0,1,2,0,1,1,9,0
2025,5,LV,IND,RB,0,0,0,0,0,24,94,4,5,3,20,0
2025,5,LV,IND,SPEC,0,0,0,0,0,0,0,0,0,0,0,0
2025,5,LV,IND,TE,1,0,0,0,0,0,0,0,4,4,44,1
2025,5,LV,IND,WR,0,0,0,0,0,0,0,0,20,13,148,1
2025,5,MIA,CAR,ALL,30,19,198,2,0,32,239,1,27,19,198,2
2025,5,MIA,CAR,DB,0,0,0,0,0,0,0,0,0,0,0,0
2025,5,MIA,CAR,DL,0,0,0,0,0,0,0,0,0,0,0,0
2025,5,MIA,CAR,LB,0,0,0,0,0,0,0,0,0,0,0,0
2025,5,MIA,CAR,OL,0,0,0,0,0,0,0,0,0,0,0,0
2025,5,MIA,CAR,QB,30,19,198,2,0,3,1,0,0,0,0,0
2025,5,MIA,CAR,RB,0,0,0,0,0,27,228,1,5,4,35,0
2025,5,MIA,CAR,SPEC,0,0,0,0,0,0,0,0,0,0,0,0
2025,5,MIA,CAR,TE,0,0,0,0,0,0,0,0,4,3,22,1
2025,5,MIA,CAR,WR,0,0,0,0,0,2,10,0,18,12,141,1
2025,5,MIN,CLE,ALL,33,19,190,2,0,32,140,0,32,19,190,2
2025,5,MIN,CLE,DB,0,0,0,0,0,0,0,0,0,0,0,0
2025,5,MIN,CLE,DL,0,0,0,0,0,0,0,0,0,0,0,0
2025,5,MIN,CLE,LB,0,0,0,0,0,0,0,0,0,0,0,0
2025,5,MIN,CLE,OL,0,0,0,0,0,0,0,0,0,0,0,0
2025,5,MIN,CLE,QB,33,19,190,2,0,2,5,0,0,0,0,0
2025,5,MIN,CLE,RB,0,0,0,0,0,29,124,0,6,4,44,0
2025,5,MIN,CLE,SPEC,0,0,0,0,0,0,0,0,0,0,0,0
2025,5,MIN,CLE,TE,0,0,0,0,0,0,0,0,13,10,80,2
2025,5,MIN,CLE,WR,0,0,0,0,0,1,11,0,13,5,66,0
2025,5,NE,BUF,ALL,31,22,253,2,0,29,118,0,30,22,253,2
2025,5,NE,BUF,DB,0,0,0,0,0,0,0,0,0,0,0,0
2025,5,NE,BUF,DL,0,0,0,0,0,0,0,0,0,0,0,0
2025,5,NE,BUF,LB,0,0,0,0,0,0,0,0,0,0,0,0
2025,5,NE,BUF,OL,0,0,0,0,0,0,0,0,0,0,0,0
2025,5,NE,BUF,QB,31,22,253,2,0,9,53,0,0,0,0,0
2025,5,NE,BUF,RB,0,0,0,0,0,19,60,0,1,0,0,0
2025,5,NE,BUF,SPEC,0,0,0,0,0,0,0,0,0,0,0,0
2025,5,NE,BUF,TE,0,0,0,0,0,0,0,0,8,8,123,0
2025,5,NE,BUF,WR,0,0,0,0,0,1,5,0,21,14,130,2
2025,5,NO,NYG,ALL,40,26,202,2,0,29,136,0,39,26,202,2
2025,5,NO,NYG,DB,0,0,0,0,0,0,0,0,0,0,0,0
2025,5,NO,NYG,DL,0,0,0,0,0,0,0,0,0,0,0,0
2025,5,NO,NYG,LB,0,0,0,0,0,0,0,0,0,0,0,0
2025,5,NO,NYG,OL,0,0,0,0,0,0,0,0,0,0,0,0
2025,5,NO,NYG,QB,40,26,202,2,0,7,55,0,0,0,0,0
2025,5,NO,NYG,RB,0,0,0,0,0,21,79,0,9,7,49,0
2025,5,NO,NYG,SPEC,0,0,0,0,0,0,0,0,0,0,0,0
2025,5,NO,NYG,TE,0,0,0,0,0,0,0,0,11,10,85,2
2025,5,NO,NYG,WR,0,0,0,0,0,1,2,0,19,9,68,0
2025,5,NYG,NO,ALL,32,22,244,1,0,30,88,0,31,22,244,1
2025,5,NYG,NO,DB,0,0,0,0,0,0,0,0,0,0,0,0
2025,5,NYG,NO,DL,0,0,0,0,0,0,0,0,0,0,0,0
2025,5,NYG,NO,LB,0,0,0,0,0,0,0,0,0,0,0,0
2025,5,NYG,NO,OL,0,0,0,0,0,0,0,0,0,0,0,0
2025,5,NYG,NO,QB,31,21,225,1,0,6,21,0,1,1,0,0
2025,5,NYG,NO,RB,0,0,0,0,0,18,68,0,7,5,36,0
2025,5,NYG,NO,SPEC,0,0,0,0,0,0,0,0,0,0,0,0
2025,5,NYG,NO,TE,1,1,19,0,0,6,-1,0,4,2,17,0
2025,5,NYG,NO,WR,0,0,0,0,0,0,0,0,19,14,191,1
2025,5,NYJ,DAL,ALL,29,18,237,4,0,29,180,1,28,18,237,4
2025,5,NYJ,DAL,DB,0,0,0,0,0,0,0,0,0,0,0,0
2025,5,NYJ,DAL,DL,0,0,0,0,0,0,0,0,0,0,0,0
2025,5,NYJ,DAL,LB,0,0,0,0,0,0,0,0,0,0,0,0
2025,5,NYJ,DAL,OL,0,0,0,0,0,0,0,0,0,0,0,0
2025,5,NYJ,DAL,QB,29,18,237,4,0,7,28,0,0,0,0,0
2025,5,NYJ,DAL,RB,0,0,0,0,0,20,142,1,3,2,14,1
2025,5,NYJ,DAL,SPEC,0,0,0,0,0,0,0,0,0,0,0,0
2025,5,NYJ,DAL,TE,0,0,0,0,0,0,0,0,11,8,52,2
2025,5,NYJ,DAL,WR,0,0,0,0,0,2,10,0,14,8,171,1
2025,5,PHI,DEN,ALL,39,24,242,1,0,29,130,1,36,24,242,1
2025,5,PHI,DEN,DB,0,0,0,0,0,0,0,0,0,0,0,0
2025,5,PHI,DEN,DL,0,0,0,0,0,0,0,0,0,0,0,0
2025,5,PHI,DEN,LB,0,0,0,0,0,0,0,0,0,0,0,0
2025,5,PHI,DEN,OL,0,0,0,0,0,0,0,0,0,0,0,0
2025,5,PHI,DEN,QB,39,24,242,1,0,3,22,0,0,0,0,0
2025,5,PHI,DEN,RB,0,0,0,0,0,25,99,1,6,5,39,0
2025,5,PHI,DEN,SPEC,0,0,0,0,0,0,0,0,0,0,0,0
2025,5,PHI,DEN,TE,0,0,0,0,0,0,0,0,8,5,44,1
2025,5,PHI,DEN,WR,0,0,0,0,0,1,9,0,22,14,159,0
2025,5,SEA,TB,ALL,33,29,379,2,0,24,56,2,32,29,379,2
2025,5,SEA,TB,DB,0,0,0,0,0,0,0,0,0,0,0,0
2025,5,SEA,TB,DL,0,0,0,0,0,0,0,0,0,0,0,0
2025,5,SEA,TB,LB,0,0,0,0,0,0,0,0,0,0,0,0
2025,5,SEA,TB,QB,33,29,379,2,0,5,15,0,0,0,0,0
2025,5,SEA,TB,RB,0,0,0,0,0,17,44,2,7,7,26,0
2025,5,SEA,TB,SPEC,0,0,0,0,0,0,0,0,0,0,0,0
2025,5,SEA,TB,TE,0,0,0,0,0,0,0,0,5,4,81,0
2025,5,SEA,TB,WR,0,0,0,0,0,2,-3,0,20,18,272,2
2025,5,SF,LA,ALL,47,30,389,3,0,16,78,0,46,30,389,3
2025,5,SF,LA,DB,0,0,0,0,0,0,0,0,0,0,0,0
2025,5,SF,LA,DL,0,0,0,0,0,0,0,0,0,0,0,0
2025,5,SF,LA,LB,0,0,0,0,0,0,0,0,0,0,0,0
2025,5,SF,LA,OL,0,0,0,0,0,0,0,0,0,0,0,0
2025,5,SF,LA,QB,47,30,389,3,0,1,0,0,0,0,0,0
2025,5,SF,LA,RB,0,0,0,0,0,15,78,0,12,8,66,2
2025,5,SF,LA,SPEC,0,0,0,0,0,0,0,0,0,0,0,0
2025,5,SF,LA,TE,0,0,0,0,0,0,0,0,4,3,45,0
2025,5,SF,LA,WR,0,0,0,0,0,0,0,0,30,19,278,1
2025,5,TB,SEA,ALL,34,28,341,4,0,20,122,1,34,28,341,4
2025,5,TB,SEA,DB,0,0,0,0,0,0,0,0,0,0,0,0
2025,5,TB,SEA,DL,0,0,0,0,0,0,0,0,0,0,0,0
2025,5,TB,SEA,LB,0,0,0,0,0,0,0,0,0,0,0,0
2025,5,TB,SEA,OL,0,0,0,0,0,0,0,0,0,0,0,0
2025,5,TB,SEA,QB,34,28,341,4,0,1,0,0,0,0,0,0
2025,5,TB,SEA,RB,0,0,0,0,0,19,122,1,3,2,12,0
2025,5,TB,SEA,SPEC,0,0,0,0,0,0,0,0,0,0,0,0
2025,5,TB,SEA,TE,0,0,0,0,0,0,0,0,8,8,63,2
2025,5,TB,SEA,WR,0,0,0,0,0,0,0,0,23,18,266,2
2025,5,TEN,ARI,ALL,32,23,220,0,0,29,168,3,30,23,220,0
2025,5,TEN,ARI,DB,0,0,0,0,0,0,0,0,0,0,0,0
2025,5,TEN,ARI,DL,0,0,0,0,0,0,0,0,0,0,0,0
2025,5,TEN,ARI,LB,0,0,0,0,0,0,0,0,0,0,0,0
2025,5,TEN,ARI,OL,0,0,0,0,0,0,0,0,0,0,0,0
2025,5,TEN,ARI,QB,32,23,220,0,0,4,25,1,0,0,0,0
2025,5,TEN,ARI,RB,0,0,0,0,0,25,143,2,6,6,35,0
2025,5,TEN,ARI,SPEC,0,0,0,0,0,0,0,0,0,0,0,0
2025,5,TEN,ARI,TE,0,0,0,0,0,0,0,0,10,7,51,0
2025,5,TEN,ARI,WR,0,0,0,0,0,0,0,0,14,10,134,0
2025,5,WAS,LAC,ALL,33,25,210,1,0,27,155,0,32,25,210,1
2025,5,WAS,LAC,DB,0,0,0,0,0,0,0,0,0,0,0,0
2025,5,WAS,LAC,DL,0,0,0,0,0,0,0,0,0,0,0,0
2025,5,WAS,LAC,LB,0,0,0,0,0,0,0,0,0,0,0,0
2025,5,WAS,LAC,OL,0,0,0,0,0,0,0,0,0,0,0,0
2025,5,WAS,LAC,QB,33,25,210,1,0,5,71,0,0,0,0,0
2025,5,WAS,LAC,RB,0,0,0,0,0,21,75,0,8,8,29,0
2025,5,WAS,LAC,SPEC,0,0,0,0,0,0,0,0,0,0,0,0
2025,5,WAS,LAC,TE,0,0,0,0,0,0,0,0,4,3,44,0
2025,5,WAS,LAC,WR,0,0,0,0,0,1,9,0,20,14,137,1
2025,6,ARI,IND,ALL,30,22,212,2,0,27,150,2,30,22,212,2
2025,6,ARI,IND,DB,0,0,0,0,0,0,0,0,0,0,0,0
2025,6,ARI,IND,DL,0,0,0,0,0,0,0,0,0,0,0,0
2025,6,ARI,IND,LB,0,0,0,0,0,0,0,0,0,0,0,0
2025,6,ARI,IND,QB,30,22,212,2,0,5,20,1,0,0,0,0
2025,6,ARI,IND,RB,0,0,0,0,0,22,130,1,5,5,23,0
2025,6,ARI,IND,SPEC,0,0,0,0,0,0,0,0,0,0,0,0
2025,6,ARI,IND,TE,0,0,0,0,0,0,0,0,11,7,79,1
2025,6,ARI,IND,WR,0,0,0,0,0,0,0,0,14,10,110,1
2025,6,ATL,BUF,ALL,26,15,180,2,0,24,134,0,26,15,180,2
2025,6,ATL,BUF,DB,0,0,0,0,0,0,0,0,0,0,0,0
2025,6,ATL,BUF,DL,0,0,0,0,0,0,0,0,0,0,0,0
2025,6,ATL,BUF,LB,0,0,0,0,0,0,0,0,0,0,0,0
2025,6,ATL,BUF,QB,26,15,180,2,0,6,42,0,0,0,0,0
2025,6,ATL,BUF,RB,0,0,0,0,0,18,92,0,4,3,30,1
2025,6,ATL,BUF,SPEC,0,0,0,0,0,0,0,0,0,0,0,0
2025,6,ATL,BUF,TE,0,0,0,0,0,0,0,0,2,1,19,1
2025,6,ATL,BUF,WR,0,0,0,0,0,0,0,0,20,11,131,0
2025,6,BAL,LA,ALL,26,17,181,1,0,23,74,1,26,17,181,1
2025,6,BAL,LA,DB,0,0,0,0,0,0,0,0,0,0,0,0
2025,6,BAL,LA,DL,0,0,0,0,0,0,0,0,0,0,0,0
2025,6,BAL,LA,LB,0,0,0,0,0,0,0,0,0,0,0,0
2025,6,BAL,LA,OL,0,0,0,0,0,0,0,0,0,0,0,0
2025,6,BAL,LA,QB,26,17,181,1,0,4,1,0,0,0,0,0
2025,6,BAL,LA,RB,0,0,0,0,0,18,73,1,2,2,37,0
2025,6,BAL,LA,SPEC,0,0,0,0,0,0,0,0,0,0,0,0
2025,6,BAL,LA,TE,0,0,0,0,0,1,0,0,6,5,47,1
2025,6,BAL,LA,WR,0,0,0,0,0,0,0,0,18,10,97,0
2025,6,BUF,ATL,ALL,32,20,250,1,0,32,210,2,31,20,250,1
2025,6,BUF,ATL,DB,0,0,0,0,0,0,0,0,0,0,0,0
2025,6,BUF,ATL,DL,0,0,0,0,0,0,0,0,0,0,0,0
2025,6,BUF,ATL,LB,0,0,0,0,0,0,0,0,0,0,0,0
2025,6,BUF,ATL,OL,0,0,0,0,0,0,0,0,0,0,0,0
2025,6,BUF,ATL,QB,32,20,250,1,0,2,6,0,0,0,0,0
2025,6,BUF,ATL,RB,0,0,0,0,0,29,202,2,9,7,74,0
2025,6,BUF,ATL,SPEC,0,0,0,0,0,0,0,0,0,0,0,0
2025,6,BUF,ATL,TE,0,0,0,0,0,1,2,0,4,3,18,0
2025,6,BUF,ATL,WR,0,0,0,0,0,0,0,0,18,10,158,1
2025,6,CAR,DAL,ALL,34,25,261,3,0,19,31,0,34,25,261,3
2025,6,CAR,DAL,DB,0,0,0,0,0,0,0,0,0,0,0,0
2025,6,CAR,DAL,DL,0,0,0,0,0,0,0,0,0,0,0,0
2025,6,CAR,DAL,LB,0,0,0,0,0,0,0,0,0,0,0,0
2025,6,CAR,DAL,OL,0,0,0,0,0,0,0,0,0,0,0,0
2025,6,CAR,DAL,QB,34,25,261,3,0,2,-1,0,0,0,0,0
2025,6,CAR,DAL,RB,0,0,0,0,0,16,29,0,10,7,12,1
2025,6,CAR,DAL,SPEC,0,0,0,0,0,0,0,0,0,0,0,0
2025,6,CAR,DAL,TE,0,0,0,0,0,0,0,0,6,5,43,1
2025,6,CAR,DAL,WR,0,0,0,0,0,1,3,0,18,13,206,1
2025,6,CHI,WAS,ALL,26,19,211,3,0,31,124,0,24,19,211,3
2025,6,CHI,WAS,DB,0,0,0,0,0,0,0,0,0,0,0,0
2025,6,CHI,WAS,DL,0,0,0,0,0,0,0,0,0,0,0,0
2025,6,CHI,WAS,LB,0,0,0,0,0,0,0,0,0,0,0,0
2025,6,CHI,WAS,OL,0,0,0,0,0,0,0,0,0,0,0,0
2025,6,CHI,WAS,QB,26,19,211,3,0,10,52,0,0,0,0,0
2025,6,CHI,WAS,RB,0,0,0,0,0,19,66,0,5,4,37,0
2025,6,CHI,WAS,SPEC,0,0,0,0,0,0,0,0,0,0,0,0
2025,6,CHI,WAS,TE,0,0,0,0,0,0,0,0,6,6,43,1
2025,6,CHI,WAS,WR,0,0,0,0,0,2,6,0,13,9,131,2
2025,6,CIN,GB,ALL,26,19,259,1,0,33,153,2,26,19,259,1
2025,6,CIN,GB,DB,0,0,0,0,0,0,0,0,0,0,0,0
2025,6,CIN,GB,DL,0,0,0,0,0,0,0,0,0,0,0,0
2025,6,CIN,GB,LB,0,0,0,0,0,0,0,0,0,0,0,0
2025,6,CIN,GB,QB,26,19,259,1,0,7,26,0,0,0,0,0
2025,6,CIN,GB,RB,0,0,0,0,0,22,105,2,6,6,53,0
2025,6,CIN,GB,SPEC,0,0,0,0,0,0,0,0,0,0,0,0
2025,6,CIN,GB,TE,0,0,0,0,0,0,0,0,4,3,50,1
2025,6,CIN,GB,WR,0,0,0,0,0,4,22,0,16,10,156,0
2025,6,CLE,PIT,ALL,30,21,235,2,0,28,100,0,29,21,235,2
2025,6,CLE,PIT,DB,0,0,0,0,0,0,0,0,0,0,0,0
2025,6,CLE,PIT,DL,0,0,0,0,0,0,0,0,0,0,0,0
2025,6,CLE,PIT,LB,0,0,0,0,0,0,0,0,0,0,0,0
2025,6,CLE,PIT,OL,0,0,0,0,0,0,0,0,0,0,0,0
2025,6,CLE,PIT,QB,30,21,235,2,0,4,1,0,0,0,0,0
2025,6,CLE,PIT,RB,0,0,0,0,0,23,89,0,9,9,37,1
2025,6,CLE,PIT,SPEC,0,0,0,0,0,0,0,0,0,0,0,0
2025,6,CLE,PIT,TE,0,0,0,0,0,1,10,0,10,7,91,0
2025,6,CLE,PIT,WR,0,0,0,0,0,0,0,0,10,5,107,1
2025,6,DAL,CAR,ALL,25,17,199,3,0,38,216,0,21,17,199,3
2025,6,DAL,CAR,DB,0,0,0,0,0,0,0,0,0,0,0,0
2025,6,DAL,CAR,DL,0,0,0,0,0,0,0,0,0,0,0,0
2025,6,DAL,CAR,LB,0,0,0,0,0,0,0,0,0,0,0,0
2025,6,DAL,CAR,OL,0,0,0,0,0,0,0,0,0,0,0,0
2025,6,DAL,CAR,QB,25,17,199,3,0,3,5,0,0,0,0,0
2025,6,DAL,CAR,RB,0,0,0,0,0,34,200,0,5,4,56,1
2025,6,DAL,CAR,SPEC,0,0,0,0,0,0,0,0,0,0,0,0
2025,6,DAL,CAR,TE,0,0,0,0,0,0,0,0,5,5,60,0
2025,6,DAL,CAR,WR,0,0,0,0,0,1,11,0,11,8,83,2
2025,6,DEN,NYJ,ALL,17,9,45,0,0,31,92,0,16,9,45,0
2025,6,DEN,NYJ,DB,0,0,0,0,0,0,0,0,0,0,0,0
2025,6,DEN,NYJ,DL,0,0,0,0,0,0,0,0,0,0,0,0
2025,6,DEN,NYJ,LB,0,0,0,0,0,0,0,0,0,0,0,0
2025,6,DEN,NYJ,OL,0,0,0,0,0,0,0,0,0,0,0,0
2025,6,DEN,NYJ,QB,17,9,45,0,0,7,31,0,0,0,0,0
2025,6,DEN,NYJ,RB,0,0,0,0,0,24,61,0,2,2,5,0
2025,6,DEN,NYJ,SPEC,0,0,0,0,0,0,0,0,0,0,0,0
2025,6,DEN,NYJ,TE,0,0,0,0,0,0,0,0,1,1,2,0
2025,6,DEN,NYJ,WR,0,0,0,0,0,0,0,0,13,6,38,0
2025,6,DET,KC,ALL,30,22,257,3,0,29,112,1,28,22,257,3
2025,6,DET,KC,DB,0,0,0,0,0,0,0,0,0,0,0,0
2025,6,DET,KC,DL,0,0,0,0,0,0,0,0,0,0,0,0
2025,6,DET,KC,LB,0,0,0,0,0,0,0,0,0,0,0,0
2025,6,DET,KC,QB,30,22,257,3,0,10,32,1,0,0,0,0
2025,6,DET,KC,RB,0,0,0,0,0,18,74,0,8,5,32,0
2025,6,DET,KC,SPEC,0,0,0,0,0,0,0,0,0,0,0,0
2025,6,DET,KC,TE,0,0,0,0,0,0,0,0,9,8,103,0
2025,6,DET,KC,WR,0,0,0,0,0,1,6,0,11,9,122,3
2025,6,GB,CIN,ALL,45,29,219,2,0,16,55,0,40,29,219,2
2025,6,GB,CIN,DB,0,0,0,0,0,0,0,0,0,0,0,0
2025,6,GB,CIN,DL,0,0,0,0,0,0,0,0,0,0,0,0
2025,6,GB,CIN,LB,0,0,0,0,0,0,0,0,0,0,0,0
2025,6,GB,CIN,OL,0,0,0,0,0,0,0,0,0,0,0,0
2025,6,GB,CIN,QB,45,29,219,2,0,0,0,0,0,0,0,0
2025,6,GB,CIN,RB,0,0,0,0,0,15,58,0,5,4,23,0
2025,6,GB,CIN,SPEC,0,0,0,0,0,0,0,0,0,0,0,0
2025,6,GB,CIN,TE,0,0,0,0,0,0,0,0,11,9,35,1
2025,6,GB,CIN,WR,0,0,0,0,0,1,-3,0,24,16,161,1
2025,6,IND,ARI,ALL,44,27,320,2,0,24,88,1,39,27,320,2
2025,6,IND,ARI,DB,0,0,0,0,0,0,0,0,0,0,0,0
2025,6,IND,ARI,DL,0,0,0,0,0,0,0,0,0,0,0,0
2025,6,IND,ARI,LB,0,0,0,0,0,0,0,0,0,0,0,0
2025,6,IND,ARI,OL,0,0,0,0,0,0,0,0,0,0,0,0
2025,6,IND,ARI,QB,44,27,320,2,0,3,19,0,0,0,0,0
2025,6,IND,ARI,RB,0,0,0,0,0,21,69,1,8,3,50,0
2025,6,IND,ARI,SPEC,0,0,0,0,0,0,0,0,0,0,0,0
2025,6,IND,ARI,TE,0,0,0,0,0,0,0,0,13,10,106,1
2025,6,IND,ARI,WR,0,0,0,0,0,0,0,0,18,14,164,1
2025,6,JAX,SEA,ALL,27,16,295,2,0,26,60,0,24,16,295,2
2025,6,JAX,SEA,DB,0,0,0,0,0,0,0,0,0,0,0,0
2025,6,JAX,SEA,DL,0,0,0,0,0,0,0,0,0,0,0,0
2025,6,JAX,SEA,LB,0,0,0,0,0,0,0,0,0,0,0,0
2025,6,JAX,SEA,OL,0,0,0,0,0,0,0,0,0,0,0,0
2025,6,JAX,SEA,QB,27,16,295,2,0,4,2,0,0,0,0,0
2025,6,JAX,SEA,RB,0,0,0,0,0,22,58,0,2,2,16,0
2025,6,JAX,SEA,SPEC,0,0,0,0,0,0,0,0,0,0,0,0
2025,6,JAX,SEA,TE,0,0,0,0,0,0,0,0,5,4,77,0
2025,6,JAX,SEA,WR,0,0,0,0,0,0,0,0,17,10,202,2
2025,6,KC,DET,ALL,29,23,203,2,0,23,98,0,27,23,203,2
2025,6,KC,DET,DB,0,0,0,0,0,0,0,0,0,0,0,0
2025,6,KC,DET,DL,0,0,0,0,0,0,0,0,0,0,0,0
2025,6,KC,DET,LB,0,0,0,0,0,0,0,0,0,0,0,0
2025,6,KC,DET,QB,29,23,203,2,0,1,7,0,0,0,0,0
2025,6,KC,DET,RB,0,0,0,0,0,21,89,0,4,3,37,0
2025,6,KC,DET,SPEC,0,0,0,0,0,0,0,0,0,0,0,0
2025,6,KC,DET,TE,0,0,0,0,0,0,0,0,6,5,55,1
2025,6,KC,DET,WR,0,0,0,0,0,1,2,0,17,15,111,1
2025,6,LA,BAL,ALL,34,21,140,0,0,37,179,0,32,21,140,0
2025,6,LA,BAL,DB,0,0,0,0,0,0,0,0,0,0,0,0
2025,6,LA,BAL,DL,0,0,0,0,0,0,0,0,0,0,0,0
2025,6,LA,BAL,LB,0,0,0,0,0,0,0,0,0,0,0,0
2025,6,LA,BAL,OL,0,0,0,0,0,0,0,0,0,0,0,0
2025,6,LA,BAL,QB,34,21,140,0,0,4,39,0,0,0,0,0
2025,6,LA,BAL,RB,0,0,0,0,0,30,138,0,8,6,36,0
2025,6,LA,BAL,SPEC,0,0,0,0,0,0,0,0,0,0,0,0
2025,6,LA,BAL,TE,0,0,0,0,0,3,2,0,9,6,30,0
2025,6,LA,BAL,WR,0,0,0,0,0,0,0,0,15,9,74,0
2025,6,LAC,MIA,ALL,33,22,213,1,0,21,137,2,30,22,213,1
2025,6,LAC,MIA,DB,0,0,0,0,0,0,0,0,0,0,0,0
2025,6,LAC,MIA,DL,0,0,0,0,0,0,0,0,0,0,0,0
2025,6,LAC,MIA,LB,0,0,0,0,0,0,0,0,0,0,0,0
2025,6,LAC,MIA,OL,0,0,0,0,0,0,0,0,0,0,0,0
2025,6,LAC,MIA,QB,32,21,205,1,0,1,4,0,0,0,0,0
2025,6,LAC,MIA,RB,0,0,0,0,0,19,132,2,8,6,45,0
2025,6,LAC,MIA,SPEC,0,0,0,0,0,0,0,0,0,0,0,0
2025,6,LAC,MIA,TE,0,0,0,0,0,0,0,0,7,6,51,1
2025,6,LAC,MIA,WR,1,1,8,0,0,1,1,0,15,10,117,0
2025,6,LV,TEN,ALL,38,26,222,1,0,15,65,0,34,26,222,1
2025,6,LV,TEN,DB,0,0,0,0,0,0,0,0,0,0,0,0
2025,6,LV,TEN,DL,0,0,0,0,0,0,0,0,0,0,0,0
2025,6,LV,TEN,LB,0,0,0,0,0,0,0,0,0,0,0,0
2025,6,LV,TEN,OL,0,0,0,0,0,0,0,0,0,0,0,0
2025,6,LV,TEN,QB,38,26,222,1,0,0,0,0,0,0,0,0
2025,6,LV,TEN,RB,0,0,0,0,0,15,65,0,6,6,32,0
2025,6,LV,TEN,SPEC,0,0,0,0,0,0,0,0,0,0,0,0
2025,6,LV,TEN,TE,0,0,0,0,0,0,0,0,10,9,62,1
2025,6,LV,TEN,WR,0,0,0,0,0,0,0,0,18,11,128,0
2025,6,MIA,LAC,ALL,38,29,264,2,0,25,140,0,38,29,264,2
2025,6,MIA,LAC,DB,0,0,0,0,0,0,0,0,0,0,0,0
2025,6,MIA,LAC,DL,0,0,0,0,0,0,0,0,0,0,0,0
2025,6,MIA,LAC,LB,0,0,0,0,0,0,0,0,0,0,0,0
2025,6,MIA,LAC,OL,0,0,0,0,0,0,0,0,0,0,0,0
2025,6,MIA,LAC,QB,38,29,264,2,0,1,2,0,0,0,0,0
2025,6,MIA,LAC,RB,0,0,0,0,0,24,138,0,5,4,23,1
2025,6,MIA,LAC,SPEC,0,0,0,0,0,0,0,0,0,0,0,0
2025,6,MIA,LAC,TE,0,0,0,0,0,0,0,0,10,9,86,0
2025,6,MIA,LAC,WR,0,0,0,0,0,0,0,0,23,16,155,1
2025,6,NE,NO,ALL,26,20,227,0,0,23,73,1,26,20,227,0
2025,6,NE,NO,DB,0,0,0,0,0,0,0,0,0,0,0,0
2025,6,NE,NO,DL,0,0,0,0,0,0,0,0,0,0,0,0
2025,6,NE,NO,LB,0,0,0,0,0,0,0,0,0,0,0,0
2025,6,NE,NO,OL,0,0,0,0,0,0,0,0,0,0,0,0
2025,6,NE,NO,QB,26,20,227,0,0,4,20,0,0,0,0,0
2025,6,NE,NO,RB,0,0,0,0,0,18,52,0,6,6,56,0
2025,6,NE,NO,SPEC,0,0,0,0,0,0,0,0,0,0,0,0
2025,6,NE,NO,TE,0,0,0,0,0,1,1,1,3,3,24,0
2025,6,NE,NO,WR,0,0,0,0,0,0,0,0,17,11,147,0
2025,6,NO,NE,ALL,26,18,261,3,0,31,73,0,24,18,261,3
2025,6,NO,NE,DB,0,0,0,0,0,0,0,0,0,0,0,0
2025,6,NO,NE,DL,0,0,0,0,0,0,0,0,0,0,0,0
2025,6,NO,NE,LB,0,0,0,0,0,0,0,0,0,0,0,0
2025,6,NO,NE,OL,0,0,0,0,0,0,0,0,0,0,0,0
2025,6,NO,NE,QB,26,18,261,3,0,9,28,0,0,0,0,0
2025,6,NO,NE,RB,0,0,0,0,0,22,45,0,3,1,9,0
2025,6,NO,NE,SPEC,0,0,0,0,0,0,0,0,0,0,0,0
2025,6,NO,NE,TE,0,0,0,0,0,0,0,0,4,4,32,0
2025,6,NO,NE,WR,0,0,0,0,0,0,0,0,17,13,220,3
2025,6,NYG,PHI,ALL,33,24,283,1,0,20,73,1,32,24,283,1
2025,6,NYG,PHI,DB,0,0,0,0,0,0,0,0,0,0,0,0
2025,6,NYG,PHI,DL,0,0,0,0,0,0,0,0,0,0,0,0
2025,6,NYG,PHI,LB,0,0,0,0,0,0,0,0,0,0,0,0
2025,6,NYG,PHI,OTHER,0,0,0,0,0,0,0,0,0,0,0,0
2025,6,NYG,PHI,QB,33,24,283,1,0,7,13,1,0,0,0,0
2025,6,NYG,PHI,RB,0,0,0,0,0,13,60,0,5,4,27,0
2025,6,NYG,PHI,SPEC,0,0,0,0,0,0,0,0,0,0,0,0
2025,6,NYG,PHI,TE,0,0,0,0,0,0,0,0,11,9,110,1
2025,6,NYG,PHI,WR,0,0,0,0,0,0,0,0,16,11,146,0
2025,6,NYJ,DEN,ALL,30,19,174,1,0,26,78,0,26,19,174,1
2025,6,NYJ,DEN,DB,0,0,0,0,0,0,0,0,0,0,0,0
2025,6,NYJ,DEN,DL,0,0,0,0,0,0,0,0,0,0,0,0
2025,6,NYJ,DEN,LB,0,0,0,0,0,0,0,0,0,0,0,0
2025,6,NYJ,DEN,OL,0,0,0,0,0,0,0,0,0,0,0,0
2025,6,NYJ,DEN,QB,30,19,174,1,0,5,24,0,0,0,0,0
2025,6,NYJ,DEN,RB,0,0,0,0,0,18,47,0,6,4,21,0
2025,6,NYJ,DEN,SPEC,0,0,0,0,0,0,0,0,0,0,0,0
2025,6,NYJ,DEN,TE,0,0,0,0,0,1,7,0,8,7,65,1
2025,6,NYJ,DEN,WR,0,0,0,0,0,2,0,0,12,8,88,0
2025,6,PHI,NYG,ALL,26,17,195,1,0,39,172,4,26,17,195,1
2025,6,PHI,NYG,DB,0,0,0,0,0,0,0,0,0,0,0,0
2025,6,PHI,NYG,DL,0,0,0,0,0,0,0,0,0,0,0,0
2025,6,PHI,NYG,LB,0,0,0,0,0,0,0,0,0,0,0,0
2025,6,PHI,NYG,OL,0,0,0,0,0,0,0,0,0,0,0,0
2025,6,PHI,NYG,QB,26,17,195,1,0,13,58,1,0,0,0,0
2025,6,PHI,NYG,RB,0,0,0,0,0,26,114,3,2,2,12,0
2025,6,PHI,NYG,SPEC,0,0,0,0,0,0,0,0,0,0,0,0
2025,6,PHI,NYG,TE,0,0,0,0,0,0,0,0,4,2,27,0
2025,6,PHI,NYG,WR,0,0,0,0,0,0,0,0,20,13,156,1
2025,6,PIT,CLE,ALL,52,29,221,0,0,17,65,0,51,29,221,0
2025,6,PIT,CLE,DB,0,0,0,0,0,0,0,0,0,0,0,0
2025,6,PIT,CLE,DL,0,0,0,0,0,0,0,0,0,0,0,0
2025,6,PIT,CLE,LB,0,0,0,0,0,0,0,0,0,0,0,0
2025,6,PIT,CLE,OL,0,0,0,0,0,0,0,0,0,0,0,0
2025,6,PIT,CLE,QB,52,29,221,0,0,0,0,0,0,0,0,0
2025,6,PIT,CLE,RB,0,0,0,0,0,17,65,0,9,7,25,0
2025,6,PIT,CLE,SPEC,0,0,0,0,0,0,0,0,0,0,0,0
2025,6,PIT,CLE,TE,0,0,0,0,0,0,0,0,17,11,109,0
2025,6,PIT,CLE,WR,0,0,0,0,0,0,0,0,25,11,87,0
2025,6,SEA,JAX,ALL,42,27,258,2,0,19,59,0,42,27,258,2
2025,6,SEA,JAX,DB,0,0,0,0,0,0,0,0,7,4,15,0
2025,6,SEA,JAX,DL,0,0,0,0,0,0,0,0,0,0,0,0
2025,6,SEA,JAX,LB,0,0,0,0,0,0,0,0,0,0,0,0
2025,6,SEA,JAX,OL,0,0,0,0,0,0,0,0,0,0,0,0
2025,6,SEA,JAX,QB,42,27,258,2,0,3,9,0,0,0,0,0
2025,6,SEA,JAX,RB,0,0,0,0,0,15,43,0,10,7,52,0
2025,6,SEA,JAX,SPEC,0,0,0,0,0,0,0,0,0,0,0,0
2025,6,SEA,JAX,TE,0,0,0,0,0,0,0,0,5,3,33,0
2025,6,SEA,JAX,WR,0,0,0,0,0,1,7,0,20,13,158,2
2025,6,SF,TB,ALL,23,17,256,2,0,26,104,2,23,17,256,2
2025,6,SF,TB,DB,0,0,0,0,0,0,0,0,0,0,0,0
2025,6,SF,TB,DL,0,0,0,0,0,0,0,0,0,0,0,0
2025,6,SF,TB,LB,0,0,0,0,0,0,0,0,0,0,0,0
2025,6,SF,TB,OL,0,0,0,0,0,0,0,0,0,0,0,0
2025,6,SF,TB,QB,23,17,256,2,0,3,14,0,0,0,0,0
2025,6,SF,TB,RB,0,0,0,0,0,23,90,2,3,3,21,0
2025,6,SF,TB,SPEC,0,0,0,0,0,0,0,0,0,0,0,0
2025,6,SF,TB,TE,0,0,0,0,0,0,0,0,6,5,51,0
2025,6,SF,TB,WR,0,0,0,0,0,0,0,0,14,9,184,2
2025,6,TB,SF,ALL,39,27,347,0,0,22,67,1,37,27,347,0
2025,6,TB,SF,DB,0,0,0,0,0,0,0,0,0,0,0,0
2025,6,TB,SF,DL,0,0,0,0,0,0,0,0,0,0,0,0
2025,6,TB,SF,LB,0,0,0,0,0,0,0,0,0,0,0,0
2025,6,TB,SF,OL,0,0,0,0,0,0,0,0,0,0,0,0
2025,6,TB,SF,QB,39,27,347,0,0,5,13,0,0,0,0,0
2025,6,TB,SF,RB,0,0,0,0,0,17,54,1,12,11,74,0
2025,6,TB,SF,SPEC,0,0,0,0,0,0,0,0,0,0,0,0
2025,6,TB,SF,TE,0,0,0,0,0,0,0,0,7,6,58,0
2025,6,TB,SF,WR,0,0,0,0,0,0,0,0,18,10,215,0
2025,6,TEN,LV,ALL,23,17,174,1,0,32,68,1,23,17,174,1
2025,6,TEN,LV,DB,0,0,0,0,0,0,0,0,0,0,0,0
2025,6,TEN,LV,DL,0,0,0,0,0,0,0,0,0,0,0,0
2025,6,TEN,LV,LB,0,0,0,0,0,0,0,0,0,0,0,0
2025,6,TEN,LV,OL,0,0,0,0,0,0,0,0,1,0,0,0
2025,6,TEN,LV,QB,23,17,174,1,0,4,-3,0,0,0,0,0
2025,6,TEN,LV,RB,0,0,0,0,0,28,71,1,4,2,11,0
2025,6,TEN,LV,SPEC,0,0,0,0,0,0,0,0,0,0,0,0
2025,6,TEN,LV,TE,0,0,0,0,0,0,0,0,8,6,54,1
2025,6,TEN,LV,WR,0,0,0,0,0,0,0,0,10,9,109,0
2025,6,WAS,CHI,ALL,29,17,252,1,0,27,150,1,29,17,252,1
2025,6,WAS,CHI,DB,0,0,0,0,0,0,0,0,0,0,0,0
2025,6,WAS,CHI,DL,0,0,0,0,0,0,0,0,0,0,0,0
2025,6,WAS,CHI,LB,0,0,0,0,0,0,0,0,0,0,0,0
2025,6,WAS,CHI,OL,0,0,0,0,0,0,0,0,0,0,0,0
2025,6,WAS,CHI,QB,29,17,252,1,0,4,3,1,0,0,0,0
2025,6,WAS,CHI,RB,0,0,0,0,0,20,133,0,4,3,92,1
2025,6,WAS,CHI,SPEC,0,0,0,0,0,0,0,0,0,0,0,0
2025,6,WAS,CHI,TE,0,0,0,0,0,0,0,0,5,3,11,0
2025,6,WAS,CHI,WR,0,0,0,0,0,3,14,0,20,11,149,0
2025,7,ARI,GB,ALL,29,19,179,1,0,23,94,2,28,19,179,1
2025,7,ARI,GB,DB,0,0,0,0,0,0,0,0,0,0,0,0
2025,7,ARI,GB,DL,0,0,0,0,0,0,0,0,0,0,0,0
2025,7,ARI,GB,LB,0,0,0,0,0,0,0,0,0,0,0,0
2025,7,ARI,GB,OL,0,0,0,0,0,0,0,0,0,0,0,0
2025,7,ARI,GB,QB,29,19,179,1,0,4,22,0,0,0,0,0
2025,7,ARI,GB,RB,0,0,0,0,0,19,72,2,3,2,1,0
2025,7,ARI,GB,SPEC,0,0,0,0,0,0,0,0,0,0,0,0
2025,7,ARI,GB,TE,0,0,0,0,0,0,0,0,11,6,64,1
2025,7,ARI,GB,WR,0,0,0,0,0,0,0,0,14,11,114,0
2025,7,ATL,SF,ALL,26,17,152,0,0,39,174,2,24,17,152,0
2025,7,ATL,SF,DB,0,0,0,0,0,0,0,0,0,0,0,0
2025,7,ATL,SF,DL,0,0,0,0,0,0,0,0,0,0,0,0
2025,7,ATL,SF,LB,0,0,0,0,0,0,0,0,0,0,0,0
2025,7,ATL,SF,OL,0,0,0,0,0,0,0,0,1,1,-1,0
2025,7,ATL,SF,QB,26,17,152,0,0,5,11,0,0,0,0,0
2025,7,ATL,SF,RB,0,0,0,0,0,34,163,2,9,8,82,0
2025,7,ATL,SF,SPEC,0,0,0,0,0,0,0,0,0,0,0,0
2025,7,ATL,SF,TE,0,0,0,0,0,0,0,0,3,1,11,0
2025,7,ATL,SF,WR,0,0,0,0,0,0,0,0,11,7,60,0
2025,7,CAR,NYJ,ALL,34,16,172,0,0,20,81,0,31,16,172,0
2025,7,CAR,NYJ,DB,0,0,0,0,0,0,0,0,0,0,0,0
2025,7,CAR,NYJ,DL,0,0,0,0,0,0,0,0,0,0,0,0
2025,7,CAR,NYJ,LB,0,0,0,0,0,0,0,0,0,0,0,0
2025,7,CAR,NYJ,OL,0,0,0,0,0,0,0,0,0,0,0,0
2025,7,CAR,NYJ,QB,34,16,172,0,0,7,33,0,0,0,0,0
2025,7,CAR,NYJ,RB,0,0,0,0,0,13,48,0,7,4,36,0
2025,7,CAR,NYJ,SPEC,0,0,0,0,0,0,0,0,0,0,0,0
2025,7,CAR,NYJ,TE,0,0,0,0,0,0,0,0,6,3,31,0
2025,7,CAR,NYJ,WR,0,0,0,0,0,0,0,0,18,9,105,0
2025,7,CHI,NO,ALL,32,20,233,2,0,17,44,0,31,20,233,2
2025,7,CHI,NO,DB,0,0,0,0,0,0,0,0,0,0,0,0
2025,7,CHI,NO,DL,0,0,0,0,0,0,0,0,0,0,0,0
2025,7,CHI,NO,LB,0,0,0,0,0,0,0,0,0,0,0,0
2025,7,CHI,NO,QB,32,20,233,2,0,2,12,0,0,0,0,0
2025,7,CHI,NO,RB,0,0,0,0,0,13,36,0,3,3,1,0
2025,7,CHI,NO,SPEC,0,0,0,0,0,0,0,0,0,0,0,0
2025,7,CHI,NO,TE,0,0,0,0,0,2,-4,0,10,7,91,0
2025,7,CHI,NO,WR,0,0,0,0,0,0,0,0,18,10,141,2
2025,7,CIN,PIT,ALL,34,23,249,4,0,20,147,0,33,23,249,4
2025,7,CIN,PIT,DB,0,0,0,0,0,0,0,0,0,0,0,0
2025,7,CIN,PIT,DL,0,0,0,0,0,0,0,0,0,0,0,0
2025,7,CIN,PIT,LB,0,0,0,0,0,0,0,0,0,0,0,0
2025,7,CIN,PIT,OL,0,0,0,0,0,0,0,0,0,0,0,0
2025,7,CIN,PIT,OTHER,0,0,0,0,0,0,0,0,0,0,0,0
2025,7,CIN,PIT,QB,34,23,249,4,0,1,6,0,0,0,0,0
2025,7,CIN,PIT,RB,0,0,0,0,0,19,141,0,8,6,32,0
2025,7,CIN,PIT,SPEC,0,0,0,0,0,0,0,0,0,0,0,0
2025,7,CIN,PIT,TE,0,0,0,0,0,0,0,0,17,11,141,4
2025,7,CIN,PIT,WR,0,0,0,0,0,0,0,0,8,6,76,0
2025,7,CLE,MIA,ALL,31,17,153,0,0,22,99,0,30,17,153,0
2025,7,CLE,MIA,DB,0,0,0,0,0,0,0,0,0,0,0,0
2025,7,CLE,MIA,DL,0,0,0,0,0,0,0,0,0,0,0,0
2025,7,CLE,MIA,LB,0,0,0,0,0,0,0,0,0,0,0,0
2025,7,CLE,MIA,OL,0,0,0,0,0,0,0,0,0,0,0,0
2025,7,CLE,MIA,QB,31,17,153,0,0,4,6,0,0,0,0,0
2025,7,CLE,MIA,RB,0,0,0,0,0,18,93,0,7,4,18,0
2025,7,CLE,MIA,SPEC,0,0,0,0,0,0,0,0,0,0,0,0
2025,7,CLE,MIA,TE,0,0,0,0,0,0,0,0,5,2,29,0
2025,7,CLE,MIA,WR,0,0,0,0,0,0,0,0,18,11,106,0
2025,7,DAL,WAS,ALL,32,16,219,1,0,28,136,2,31,16,219,1
2025,7,DAL,WAS,DB,0,0,0,0,0,0,0,0,0,0,0,0
2025,7,DAL,WAS,DL,0,0,0,0,0,0,0,0,0,0,0,0
2025,7,DAL,WAS,LB,0,0,0,0,0,0,0,0,0,0,0,0
2025,7,DAL,WAS,OL,0,0,0,0,0,0,0,0,0,0,0,0
2025,7,DAL,WAS,QB,32,16,219,1,0,10,69,1,0,0,0,0
2025,7,DAL,WAS,RB,0,0,0,0,0,18,67,1,5,3,22,0
2025,7,DAL,WAS,SPEC,0,0,0,0,0,0,0,0,0,0,0,0
2025,7,DAL,WAS,TE,0,0,0,0,0,0,0,0,9,4,42,1
2025,7,DAL,WAS,WR,0,0,0,0,0,0,0,0,17,9,155,0
2025,7,DEN,NYG,ALL,33,15,283,3,0,32,119,2,33,15,283,3
2025,7,DEN,NYG,DB,0,0,0,0,0,0,0,0,0,0,0,0
2025,7,DEN,NYG,DL,0,0,0,0,0,0,0,0,0,0,0,0
2025,7,DEN,NYG,LB,0,0,0,0,0,0,0,0,0,0,0,0
2025,7,DEN,NYG,OL,0,0,0,0,0,0,0,0,0,0,0,0
2025,7,DEN,NYG,QB,33,15,283,3,0,5,11,1,0,0,0,0
2025,7,DEN,NYG,RB,0,0,0,0,0,27,108,1,6,3,34,1
2025,7,DEN,NYG,SPEC,0,0,0,0,0,0,0,0,0,0,0,0
2025,7,DEN,NYG,TE,0,0,0,0,0,0,0,0,11,6,154,2
2025,7,DEN,NYG,WR,0,0,0,0,0,0,0,0,16,6,95,0
2025,7,DET,TB,ALL,50,28,228,1,0,12,41,0,50,28,228,1
2025,7,DET,TB,DB,0,0,0,0,0,0,0,0,0,0,0,0
2025,7,DET,TB,DL,0,0,0,0,0,0,0,0,0,0,0,0
2025,7,DET,TB,LB,0,0,0,0,0,0,0,0,0,0,0,0
2025,7,DET,TB,OL,0,0,0,0,0,0,0,0,0,0,0,0
2025,7,DET,TB,QB,50,28,228,1,0,1,-1,0,0,0,0,0
2025,7,DET,TB,RB,0,0,0,0,0,11,42,0,7,5,8,0
2025,7,DET,TB,SPEC,0,0,0,0,0,0,0,0,0,0,0,0
2025,7,DET,TB,TE,0,0,0,0,0,0,0,0,9,7,65,0
2025,7,DET,TB,WR,0,0,0,0,0,0,0,0,34,16,155,1
2025,7,GB,ARI,ALL,36,25,279,2,0,28,94,0,34,25,279,2
2025,7,GB,ARI,DB,0,0,0,0,0,0,0,0,0,0,0,0
2025,7,GB,ARI,DL,0,0,0,0,0,0,0,0,0,0,0,0
2025,7,GB,ARI,LB,0,0,0,0,0,0,0,0,0,0,0,0
2025,7,GB,ARI,OL,0,0,0,0,0,0,0,0,0,0,0,0
2025,7,GB,ARI,QB,36,25,279,2,0,6,26,0,0,0,0,0
2025,7,GB,ARI,RB,0,0,0,0,0,22,68,0,6,5,32,0
2025,7,GB,ARI,SPEC,0,0,0,0,0,0,0,0,0,0,0,0
2025,7,GB,ARI,TE,0,0,0,0,0,0,0,0,14,11,77,2
2025,7,GB,ARI,WR,0,0,0,0,0,0,0,0,14,9,170,0
2025,7,HOU,SEA,ALL,32,17,213,1,0,33,118,2,29,17,213,1
2025,7,HOU,SEA,DB,0,0,0,0,0,0,0,0,0,0,0,0
2025,7,HOU,SEA,DL,0,0,0,0,0,0,0,0,0,0,0,0
2025,7,HOU,SEA,LB,0,0,0,0,0,0,0,0,0,0,0,0
2025,7,HOU,SEA,OL,0,0,0,0,0,0,0,0,0,0,0,0
2025,7,HOU,SEA,QB,31,17,213,1,0,3,1,0,0,0,0,0
2025,7,HOU,SEA,RB,0,0,0,0,0,29,115,2,2,2,6,0
2025,7,HOU,SEA,SPEC,0,0,0,0,0,0,0,0,0,0,0,0
2025,7,HOU,SEA,TE,0,0,0,0,0,1,2,0,8,5,49,0
2025,7,HOU,SEA,WR,1,0,0,0,0,0,0,0,19,10,158,1
2025,7,IND,LAC,ALL,55,37,420,3,0,16,54,0,54,37,420,3
2025,7,IND,LAC,DB,0,0,0,0,0,0,0,0,0,0,0,0
2025,7,IND,LAC,DL,0,0,0,0,0,0,0,0,0,0,0,0
2025,7,IND,LAC,LB,0,0,0,0,0,0,0,0,0,0,0,0
2025,7,IND,LAC,OL,0,0,0,0,0,0,0,0,0,0,0,0
2025,7,IND,LAC,QB,55,37,420,3,0,6,31,0,0,0,0,0
2025,7,IND,LAC,RB,0,0,0,0,0,10,23,0,7,6,17,0
2025,7,IND,LAC,SPEC,0,0,0,0,0,0,0,0,0,0,0,0
2025,7,IND,LAC,TE,0,0,0,0,0,0,0,0,10,7,164,1
2025,7,IND,LAC,WR,0,0,0,0,0,0,0,0,37,24,239,2
2025,7,JAX,LA,ALL,33,21,182,5,0,29,89,0,33,21,182,5
2025,7,JAX,LA,DB,0,0,0,0,0,0,0,0,0,0,0,0
2025,7,JAX,LA,DL,0,0,0,0,0,0,0,0,0,0,0,0
2025,7,JAX,LA,LB,0,0,0,0,0,0,0,0,0,0,0,0
2025,7,JAX,LA,QB,33,21,182,5,0,5,-2,0,0,0,0,0
2025,7,JAX,LA,RB,0,0,0,0,0,24,91,0,4,3,17,0
2025,7,JAX,LA,SPEC,0,0,0,0,0,0,0,0,0,0,0,0
2025,7,JAX,LA,TE,0,0,0,0,0,0,0,0,13,8,101,1
2025,7,JAX,LA,WR,0,0,0,0,0,0,0,0,16,10,64,4
2025,7,KC,LV,ALL,18,12,75,0,0,11,25,0,17,12,75,0
2025,7,KC,LV,DB,0,0,0,0,0,0,0,0,0,0,0,0
2025,7,KC,LV,DL,0,0,0,0,0,0,0,0,0,0,0,0
2025,7,KC,LV,LB,0,0,0,0,0,0,0,0,0,0,0,0
2025,7,KC,LV,OL,0,0,0,0,0,0,0,0,0,0,0,0
2025,7,KC,LV,QB,18,12,75,0,0,3,1,0,0,0,0,0
2025,7,KC,LV,RB,0,0,0,0,0,8,24,0,3,3,16,0
2025,7,KC,LV,SPEC,0,0,0,0,0,0,0,0,0,0,0,0
2025,7,KC,LV,TE,0,0,0,0,0,0,0,0,3,2,13,0
2025,7,KC,LV,WR,0,0,0,0,0,0,0,0,11,7,46,0
2025,7,LA,JAX,ALL,48,23,296,1,0,19,94,0,47,23,296,1
2025,7,LA,JAX,DB,0,0,0,0,0,1,0,0,14,8,101,1
2025,7,LA,JAX,DL,0,0,0,0,0,0,0,0,0,0,0,0
2025,7,LA,JAX,LB,0,0,0,0,0,0,0,0,0,0,0,0
2025,7,LA,JAX,OL,0,0,0,0,0,0,0,0,0,0,0,0
2025,7,LA,JAX,QB,48,23,296,1,0,2,18,0,0,0,0,0
2025,7,LA,JAX,RB,0,0,0,0,0,13,66,0,4,2,15,0
2025,7,LA,JAX,SPEC,0,0,0,0,0,0,0,0,0,0,0,0
2025,7,LA,JAX,TE,0,0,0,0,0,0,0,0,7,3,25,0
2025,7,LA,JAX,WR,0,0,0,0,0,3,10,0,22,10,155,0
2025,7,LAC,IND,ALL,34,23,288,2,0,23,120,3,32,23,288,2
2025,7,LAC,IND,DB,0,0,0,0,0,0,0,0,0,0,0,0
2025,7,LAC,IND,DL,0,0,0,0,0,0,0,0,0,0,0,0
2025,7,LAC,IND,LB,0,0,0,0,0,0,0,0,0,0,0,0
2025,7,LAC,IND,OL,0,0,0,0,0,0,0,0,0,0,0,0
2025,7,LAC,IND,QB,34,23,288,2,0,5,7,0,0,0,0,0
2025,7,LAC,IND,RB,0,0,0,0,0,18,113,3,4,4,46,0
2025,7,LAC,IND,SPEC,0,0,0,0,0,0,0,0,0,0,0,0
2025,7,LAC,IND,TE,0,0,0,0,0,0,0,0,7,5,75,1
2025,7,LAC,IND,WR,0,0,0,0,0,0,0,0,21,14,167,1
2025,7,LV,KC,ALL,35,26,286,3,0,41,152,1,34,26,286,3
2025,7,LV,KC,DB,0,0,0,0,0,0,0,0,0,0,0,0
2025,7,LV,KC,DL,0,0,0,0,0,0,0,0,0,0,0,0
2025,7,LV,KC,LB,0,0,0,0,0,0,0,0,0,0,0,0
2025,7,LV,KC,OL,0,0,0,0,0,0,0,0,0,0,0,0
2025,7,LV,KC,QB,35,26,286,3,0,7,25,0,0,0,0,0
2025,7,LV,KC,RB,0,0,0,0,0,33,114,1,7,6,39,0
2025,7,LV,KC,SPEC,0,0,0,0,0,0,0,0,0,0,0,0
2025,7,LV,KC,TE,0,0,0,0,0,0,0,0,4,4,82,0
2025,7,LV,KC,WR,0,0,0,0,0,1,13,0,23,16,165,3
2025,7,MIA,CLE,ALL,18,13,116,0,0,33,104,3,18,13,116,0
2025,7,MIA,CLE,DB,0,0,0,0,0,0,0,0,0,0,0,0
2025,7,MIA,CLE,DL,0,0,0,0,0,0,0,0,0,0,0,0
2025,7,MIA,CLE,LB,0,0,0,0,0,0,0,0,0,0,0,0
2025,7,MIA,CLE,OL,0,0,0,0,0,0,0,0,0,0,0,0
2025,7,MIA,CLE,QB,18,13,116,0,0,4,12,0,0,0,0,0
2025,7,MIA,CLE,RB,0,0,0,0,0,29,92,3,3,3,19,0
2025,7,MIA,CLE,SPEC,0,0,0,0,0,0,0,0,0,0,0,0
2025,7,MIA,CLE,TE,0,0,0,0,0,0,0,0,6,5,40,0
2025,7,MIA,CLE,WR,0,0,0,0,0,0,0,0,9,5,57,0
2025,7,MIN,PHI,ALL,23,19,326,3,0,23,45,0,23,19,326,3
2025,7,MIN,PHI,DB,0,0,0,0,0,0,0,0,0,0,0,0
2025,7,MIN,PHI,DL,0,0,0,0,0,0,0,0,0,0,0,0
2025,7,MIN,PHI,LB,0,0,0,0,0,0,0,0,0,0,0,0
2025,7,MIN,PHI,OL,0,0,0,0,0,0,0,0,0,0,0,0
2025,7,MIN,PHI,QB,23,19,326,3,0,4,-10,0,0,0,0,0
2025,7,MIN,PHI,RB,0,0,0,0,0,19,55,0,3,3,4,0
2025,7,MIN,PHI,SPEC,0,0,0,0,0,0,0,0,0,0,0,0
2025,7,MIN,PHI,TE,0,0,0,0,0,0,0,0,3,3,18,0
2025,7,MIN,PHI,WR,0,0,0,0,0,0,0,0,17,13,304,3
2025,7,NE,TEN,ALL,34,25,255,1,0,12,39,0,32,25,255,1
2025,7,NE,TEN,DB,0,0,0,0,0,0,0,0,0,0,0,0
2025,7,NE,TEN,DL,0,0,0,0,0,0,0,0,0,0,0,0
2025,7,NE,TEN,LB,0,0,0,0,0,0,0,0,0,0,0,0
2025,7,NE,TEN,OL,0,0,0,0,0,0,0,0,0,0,0,0
2025,7,NE,TEN,QB,34,25,255,1,0,0,0,0,0,0,0,0
2025,7,NE,TEN,RB,0,0,0,0,0,11,40,0,10,9,61,0
2025,7,NE,TEN,SPEC,0,0,0,0,0,0,0,0,0,0,0,0
2025,7,NE,TEN,TE,0,0,0,0,0,0,0,0,7,4,36,0
2025,7,NE,TEN,WR,0,0,0,0,0,1,-1,0,15,12,158,1
2025,7,NO,CHI,ALL,26,15,172,0,0,40,222,2,25,15,172,0
2025,7,NO,CHI,DB,0,0,0,0,0,0,0,0,0,0,0,0
2025,7,NO,CHI,DL,0,0,0,0,0,0,0,0,0,0,0,0
2025,7,NO,CHI,LB,0,0,0,0,0,0,0,0,0,0,0,0
2025,7,NO,CHI,OL,0,0,0,0,0,0,0,0,0,0,0,0
2025,7,NO,CHI,QB,26,15,172,0,0,4,-2,0,0,0,0,0
2025,7,NO,CHI,RB,0,0,0,0,0,33,216,2,4,3,27,0
2025,7,NO,CHI,SPEC,0,0,0,0,0,0,0,0,0,0,0,0
2025,7,NO,CHI,TE,0,0,0,0,0,0,0,0,5,4,40,0
2025,7,NO,CHI,WR,0,0,0,0,0,3,8,0,16,8,105,0
2025,7,NYG,DEN,ALL,50,27,279,2,0,24,142,2,49,27,279,2
2025,7,NYG,DEN,DB,0,0,0,0,0,0,0,0,0,0,0,0
2025,7,NYG,DEN,DL,0,0,0,0,0,0,0,0,0,0,0,0
2025,7,NYG,DEN,LB,0,0,0,0,0,0,0,0,0,0,0,0
2025,7,NYG,DEN,OL,0,0,0,0,0,0,0,0,1,0,0,0
2025,7,NYG,DEN,QB,50,27,279,2,0,5,48,2,0,0,0,0
2025,7,NYG,DEN,RB,0,0,0,0,0,18,81,0,6,4,20,1
2025,7,NYG,DEN,SPEC,0,0,0,0,0,0,0,0,0,0,0,0
2025,7,NYG,DEN,TE,0,0,0,0,0,0,0,0,11,7,62,0
2025,7,NYG,DEN,WR,0,0,0,0,0,1,13,0,31,16,197,1
2025,7,NYJ,CAR,ALL,32,19,198,1,0,36,125,0,31,19,198,1
2025,7,NYJ,CAR,DB,0,0,0,0,0,0,0,0,0,0,0,0
2025,7,NYJ,CAR,DL,0,0,0,0,0,0,0,0,0,0,0,0
2025,7,NYJ,CAR,LB,0,0,0,0,0,0,0,0,0,0,0,0
2025,7,NYJ,CAR,OL,0,0,0,0,0,0,0,0,0,0,0,0
2025,7,NYJ,CAR,QB,32,19,198,1,0,4,8,0,0,0,0,0
2025,7,NYJ,CAR,RB,0,0,0,0,0,31,110,0,5,3,41,0
2025,7,NYJ,CAR,SPEC,0,0,0,0,0,0,0,0,0,0,0,0
2025,7,NYJ,CAR,TE,0,0,0,0,0,0,0,0,6,3,24,0
2025,7,NYJ,CAR,WR,0,0,0,0,0,1,7,0,20,13,133,1
2025,7,PHI,MIN,ALL,42,26,313,0,0,23,89,1,40,26,313,0
2025,7,PHI,MIN,DB,0,0,0,0,0,0,0,0,0,0,0,0
2025,7,PHI,MIN,DL,0,0,0,0,0,0,0,0,0,0,0,0
2025,7,PHI,MIN,LB,0,0,0,0,0,0,0,0,0,0,0,0
2025,7,PHI,MIN,OL,0,0,0,0,0,0,0,0,0,0,0,0
2025,7,PHI,MIN,QB,42,26,313,0,0,4,28,0,0,0,0,0
2025,7,PHI,MIN,RB,0,0,0,0,0,19,61,1,2,2,7,0
2025,7,PHI,MIN,SPEC,0,0,0,0,0,0,0,0,0,0,0,0
2025,7,PHI,MIN,TE,0,0,0,0,0,0,0,0,10,7,52,0
2025,7,PHI,MIN,WR,0,0,0,0,0,0,0,0,28,17,254,0
2025,7,PIT,CIN,ALL,47,31,342,3,0,23,142,0,45,31,342,3
2025,7,PIT,CIN,DB,0,0,0,0,0,0,0,0,0,0,0,0
2025,7,PIT,CIN,DL,0,0,0,0,0,0,0,0,0,0,0,0
2025,7,PIT,CIN,LB,0,0,0,0,0,0,0,0,0,0,0,0
2025,7,PIT,CIN,OL,0,0,0,0,0,0,0,0,0,0,0,0
2025,7,PIT,CIN,QB,47,31,342,3,0,5,3,0,0,0,0,0
2025,7,PIT,CIN,RB,0,0,0,0,0,18,139,0,4,2,-8,0
2025,7,PIT,CIN,SPEC,0,0,0,0,0,0,0,0,0,0,0,0
2025,7,PIT,CIN,TE,0,0,0,0,0,0,0,0,4,4,44,1
2025,7,PIT,CIN,WR,0,0,0,0,0,0,0,0,37,25,306,2
2025,7,SEA,HOU,ALL,49,23,229,1,0,17,56,0,46,23,229,1
2025,7,SEA,HOU,DB,0,0,0,0,0,0,0,0,0,0,0,0
2025,7,SEA,HOU,DL,0,0,0,0,0,0,0,0,0,0,0,0
2025,7,SEA,HOU,LB,0,0,0,0,0,0,0,0,0,0,0,0
2025,7,SEA,HOU,OL,0,0,0,0,0,0,0,0,0,0,0,0
2025,7,SEA,HOU,QB,49,23,229,1,0,2,25,0,0,0,0,0
2025,7,SEA,HOU,RB,0,0,0,0,0,15,31,0,9,4,15,1
2025,7,SEA,HOU,SPEC,0,0,0,0,0,0,0,0,0,0,0,0
2025,7,SEA,HOU,TE,0,0,0,0,0,0,0,0,10,9,98,0
2025,7,SEA,HOU,WR,0,0,0,0,0,0,0,0,27,10,116,0
2025,7,SF,ATL,ALL,38,21,241,1,0,20,62,0,36,21,241,1
2025,7,SF,ATL,DB,0,0,0,0,0,0,0,0,0,0,0,0
2025,7,SF,ATL,DL,0,0,0,0,0,0,0,0,0,0,0,0
2025,7,SF,ATL,LB,0,0,0,0,0,0,0,0,0,0,0,0
2025,7,SF,ATL,OL,0,0,0,0,0,0,0,0,0,0,0,0
2025,7,SF,ATL,QB,38,21,241,1,0,2,6,0,0,0,0,0
2025,7,SF,ATL,RB,0,0,0,0,0,18,56,0,8,6,52,1
2025,7,SF,ATL,SPEC,0,0,0,0,0,0,0,0,0,0,0,0
2025,7,SF,ATL,TE,0,0,0,0,0,0,0,0,11,7,62,0
2025,7,SF,ATL,WR,0,0,0,0,0,0,0,0,17,8,127,0
2025,7,TB,DET,ALL,29,20,241,1,0,32,164,2,28,20,241,1
2025,7,TB,DET,DB,0,0,0,0,0,0,0,0,0,0,0,0
2025,7,TB,DET,DL,0,0,0,0,0,0,0,0,0,0,0,0
2025,7,TB,DET,LB,0,0,0,0,0,0,0,0,0,0,0,0
2025,7,TB,DET,OL,0,0,0,0,0,0,0,0,0,0,0,0
2025,7,TB,DET,QB,29,20,241,1,0,2,7,0,0,0,0,0
2025,7,TB,DET,RB,0,0,0,0,0,30,157,2,6,5,100,0
2025,7,TB,DET,SPEC,0,0,0,0,0,0,0,0,0,0,0,0
2025,7,TB,DET,TE,0,0,0,0,0,0,0,0,6,6,38,0
2025,7,TB,DET,WR,0,0,0,0,0,0,0,0,16,9,103,1
2025,7,TEN,NE,ALL,24,22,234,2,0,36,175,1,24,22,234,2
2025,7,TEN,NE,DB,0,0,0,0,0,0,0,0,0,0,0,0
2025,7,TEN,NE,DL,0,0,0,0,0,0,0,0,0,0,0,0
2025,7,TEN,NE,LB,0,0,0,0,0,0,0,0,0,0,0,0
2025,7,TEN,NE,OL,0,0,0,0,0,0,0,0,0,0,0,0
2025,7,TEN,NE,QB,24,22,234,2,0,10,60,0,0,0,0,0
2025,7,TEN,NE,RB,0,0,0,0,0,25,111,1,2,2,0,0
2025,7,TEN,NE,SPEC,0,0,0,0,0,0,0,0,0,0,0,0
2025,7,TEN,NE,TE,0,0,0,0,0,0,0,0,7,6,44,1
2025,7,TEN,NE,WR,0,0,0,0,0,1,4,0,15,14,190,1
2025,7,WAS,DAL,ALL,30,21,264,3,0,31,152,1,30,21,264,3
2025,7,WAS,DAL,DB,0,0,0,0,0,0,0,0,0,0,0,0
2025,7,WAS,DAL,DL,0,0,0,0,0,0,0,0,0,0,0,0
2025,7,WAS,DAL,LB,0,0,0,0,0,0,0,0,0,0,0,0
2025,7,WAS,DAL,OL,0,0,0,0,0,0,0,0,0,0,0,0
2025,7,WAS,DAL,QB,30,21,264,3,0,5,7,0,0,0,0,0
2025,7,WAS,DAL,RB,0,0,0,0,0,26,145,1,6,3,10,0
2025,7,WAS,DAL,SPEC,0,0,0,0,0,0,0,0,0,0,0,0
2025,7,WAS,DAL,TE,0,0,0,0,0,0,0,0,7,7,29,2
2025,7,WAS,DAL,WR,0,0,0,0,0,0,0,0,17,11,225,1
2025,8,ATL,MIA,ALL,27,21,205,4,0,37,141,0,27,21,205,4
2025,8,ATL,MIA,DB,0,0,0,0,0,0,0,0,0,0,0,0
2025,8,ATL,MIA,DL,0,0,0,0,0,0,0,0,0,0,0,0
2025,8,ATL,MIA,LB,0,0,0,0,0,0,0,0,0,0,0,0
2025,8,ATL,MIA,OL,0,0,0,0,0,0,0,0,0,0,0,0
2025,8,ATL,MIA,QB,27,21,205,4,0,0,0,0,0,0,0,0
2025,8,ATL,MIA,RB,0,0,0,0,0,37,141,0,10,8,44,2
2025,8,ATL,MIA,SPEC,0,0,0,0,0,0,0,0,0,0,0,0
2025,8,ATL,MIA,TE,0,0,0,0,0,0,0,0,2,2,6,0
2025,8,ATL,MIA,WR,0,0,0,0,0,0,0,0,15,11,155,2
2025,8,BAL,CHI,ALL,38,25,285,0,0,23,96,1,35,25,285,0
2025,8,BAL,CHI,DB,0,0,0,0,0,0,0,0,0,0,0,0
2025,8,BAL,CHI,DL,0,0,0,0,0,0,0,0,0,0,0,0
2025,8,BAL,CHI,LB,0,0,0,0,0,0,0,0,0,0,0,0
2025,8,BAL,CHI,OL,0,0,0,0,0,0,0,0,0,0,0,0
2025,8,BAL,CHI,QB,38,25,285,0,0,3,24,0,0,0,0,0
2025,8,BAL,CHI,RB,0,0,0,0,0,18,69,1,2,2,26,0
2025,8,BAL,CHI,SPEC,0,0,0,0,0,0,0,0,0,0,0,0
2025,8,BAL,CHI,TE,0,0,0,0,0,0,0,0,5,3,38,0
2025,8,BAL,CHI,WR,0,0,0,0,0,2,3,0,28,20,221,0
2025,8,BUF,CAR,ALL,24,16,175,0,0,28,114,1,23,16,175,0
2025,8,BUF,CAR,DB,0,0,0,0,0,0,0,0,0,0,0,0
2025,8,BUF,CAR,DL,0,0,0,0,0,0,0,0,0,0,0,0
2025,8,BUF,CAR,LB,0,0,0,0,0,0,0,0,0,0,0,0
2025,8,BUF,CAR,OL,0,0,0,0,0,0,0,0,0,0,0,0
2025,8,BUF,CAR,QB,24,16,175,0,0,2,1,0,0,0,0,0
2025,8,BUF,CAR,RB,0,0,0,0,0,24,104,1,1,0,0,0
2025,8,BUF,CAR,SPEC,0,0,0,0,0,0,0,0,0,0,0,0
2025,8,BUF,CAR,TE,0,0,0,0,0,0,0,0,4,4,23,0
2025,8,BUF,CAR,WR,0,0,0,0,0,2,9,0,18,12,152,0
2025,8,CAR,BUF,ALL,23,14,185,1,0,35,245,4,23,14,185,1
2025,8,CAR,BUF,DB,0,0,0,0,0,0,0,0,0,0,0,0
2025,8,CAR,BUF,DL,0,0,0,0,0,0,0,0,0,0,0,0
2025,8,CAR,BUF,LB,0,0,0,0,0,0,0,0,0,0,0,0
2025,8,CAR,BUF,OL,0,0,0,0,0,0,0,0,0,0,0,0
2025,8,CAR,BUF,QB,23,14,185,1,0,3,7,2,0,0,0,0
2025,8,CAR,BUF,RB,0,0,0,0,0,32,238,2,1,0,0,0
2025,8,CAR,BUF,SPEC,0,0,0,0,0,0,0,0,0,0,0,0
2025,8,CAR,BUF,TE,0,0,0,0,0,0,0,0,7,4,53,0
2025,8,CAR,BUF,WR,0,0,0,0,0,0,0,0,15,10,132,1
2025,8,CHI,BAL,ALL,22,17,186,1,0,35,177,2,22,17,186,1
2025,8,CHI,BAL,DB,0,0,0,0,0,0,0,0,0,0,0,0
2025,8,CHI,BAL,DL,0,0,0,0,0,0,0,0,0,0,0,0
2025,8,CHI,BAL,LB,0,0,0,0,0,0,0,0,0,0,0,0
2025,8,CHI,BAL,OL,0,0,0,0,0,0,0,0,0,0,0,0
2025,8,CHI,BAL,QB,22,17,186,1,0,8,53,0,0,0,0,0
2025,8,CHI,BAL,RB,0,0,0,0,0,26,116,2,1,0,0,0
2025,8,CHI,BAL,SPEC,0,0,0,0,0,0,0,0,0,0,0,0
2025,8,CHI,BAL,TE,0,0,0,0,0,0,0,0,6,6,52,1
2025,8,CHI,BAL,WR,0,0,0,0,0,1,8,0,15,11,134,0
2025,8,CIN,NYJ,ALL,33,22,248,2,0,37,254,2,30,22,248,2
2025,8,CIN,NYJ,DB,0,0,0,0,0,0,0,0,0,0,0,0
2025,8,CIN,NYJ,DL,0,0,0,0,0,0,0,0,0,0,0,0
2025,8,CIN,NYJ,LB,0,0,0,0,0,0,0,0,0,0,0,0
2025,8,CIN,NYJ,QB,32,21,244,1,0,11,31,0,0,0,0,0
2025,8,CIN,NYJ,RB,1,1,4,1,0,25,198,2,9,8,67,0
2025,8,CIN,NYJ,SPEC,0,0,0,0,0,0,0,0,0,0,0,0
2025,8,CIN,NYJ,TE,0,0,0,0,0,0,0,0,9,6,58,1
2025,8,CIN,NYJ,WR,0,0,0,0,0,1,25,0,12,8,123,1
2025,8,CLE,NE,ALL,24,18,282,3,0,35,177,0,23,18,282,3
2025,8,CLE,NE,DB,0,0,0,0,0,0,0,0,0,0,0,0
2025,8,CLE,NE,DL,0,0,0,0,0,0,0,0,0,0,0,0
2025,8,CLE,NE,LB,0,0,0,0,0,0,0,0,0,0,0,0
2025,8,CLE,NE,OL,0,0,0,0,0,0,0,0,0,0,0,0
2025,8,CLE,NE,QB,24,18,282,3,0,7,50,0,0,0,0,0
2025,8,CLE,NE,RB,0,0,0,0,0,26,124,0,2,1,15,0
2025,8,CLE,NE,SPEC,0,0,0,0,0,0,0,0,0,0,0,0
2025,8,CLE,NE,TE,0,0,0,0,0,0,0,0,3,3,45,1
2025,8,CLE,NE,WR,0,0,0,0,0,2,3,0,18,14,222,2
2025,8,DAL,DEN,ALL,29,19,247,4,0,28,179,2,27,19,247,4
2025,8,DAL,DEN,DB,0,0,0,0,0,0,0,0,0,0,0,0
2025,8,DAL,DEN,DL,0,0,0,0,0,0,0,0,0,0,0,0
2025,8,DAL,DEN,LB,0,0,0,0,0,0,0,0,0,0,0,0
2025,8,DAL,DEN,OL,0,0,0,0,0,0,0,0,0,0,0,0
2025,8,DAL,DEN,QB,29,19,247,4,0,2,-2,0,0,0,0,0
2025,8,DAL,DEN,RB,0,0,0,0,0,23,163,2,3,3,15,1
2025,8,DAL,DEN,SPEC,0,0,0,0,0,0,0,0,0,0,0,0
2025,8,DAL,DEN,TE,0,0,0,0,0,0,0,0,5,4,36,0
2025,8,DAL,DEN,WR,0,0,0,0,0,3,18,0,19,12,196,3
2025,8,DEN,DAL,ALL,35,22,246,1,0,31,108,2,35,22,246,1
2025,8,DEN,DAL,DB,0,0,0,0,0,0,0,0,0,0,0,0
2025,8,DEN,DAL,DL,0,0,0,0,0,0,0,0,0,0,0,0
2025,8,DEN,DAL,LB,0,0,0,0,0,0,0,0,0,0,0,0
2025,8,DEN,DAL,OL,0,0,0,0,0,0,0,0,0,0,0,0
2025,8,DEN,DAL,QB,35,22,246,1,0,6,31,0,0,0,0,0
2025,8,DEN,DAL,RB,0,0,0,0,0,24,75,2,2,1,8,0
2025,8,DEN,DAL,SPEC,0,0,0,0,0,0,0,0,0,0,0,0
2025,8,DEN,DAL,TE,0,0,0,0,0,0,0,0,5,3,34,0
2025,8,DEN,DAL,WR,0,0,0,0,0,1,2,0,28,18,204,1
2025,8,GB,PIT,ALL,36,24,219,2,0,18,93,0,32,24,219,2
2025,8,GB,PIT,DB,0,0,0,0,0,0,0,0,0,0,0,0
2025,8,GB,PIT,DL,0,0,0,0,0,0,0,0,0,0,0,0
2025,8,GB,PIT,LB,0,0,0,0,0,0,0,0,0,0,0,0
2025,8,GB,PIT,OL,0,0,0,0,0,0,0,0,1,1,4,0
2025,8,GB,PIT,QB,36,24,219,2,0,0,0,0,0,0,0,0
2025,8,GB,PIT,RB,0,0,0,0,0,18,93,0,5,4,15,0
2025,8,GB,PIT,SPEC,0,0,0,0,0,0,0,0,0,0,0,0
2025,8,GB,PIT,TE,0,0,0,0,0,0,0,0,7,5,30,0
2025,8,GB,PIT,WR,0,0,0,0,0,0,0,0,19,14,170,2
2025,8,HOU,SF,ALL,32,19,193,2,0,10,48,0,31,19,193,2
2025,8,HOU,SF,DB,0,0,0,0,0,0,0,0,0,0,0,0
2025,8,HOU,SF,DL,0,0,0,0,0,0,0,0,0,0,0,0
2025,8,HOU,SF,LB,0,0,0,0,0,0,0,0,0,0,0,0
2025,8,HOU,SF,OL,0,0,0,0,0,0,0,0,0,0,0,0
2025,8,HOU,SF,QB,32,19,193,2,0,2,23,0,0,0,0,0
2025,8,HOU,SF,RB,0,0,0,0,0,8,25,0,8,4,47,0
2025,8,HOU,SF,SPEC,0,0,0,0,0,0,0,0,0,0,0,0
2025,8,HOU,SF,TE,0,0,0,0,0,0,0,0,6,5,45,2
2025,8,HOU,SF,WR,0,0,0,0,0,0,0,0,17,10,101,0
2025,8,IND,TEN,ALL,38,22,259,1,0,25,113,1,37,22,259,1
2025,8,IND,TEN,DB,0,0,0,0,0,0,0,0,0,0,0,0
2025,8,IND,TEN,DL,0,0,0,0,0,0,0,0,0,0,0,0
2025,8,IND,TEN,LB,0,0,0,0,0,0,0,0,0,0,0,0
2025,8,IND,TEN,QB,38,22,259,1,0,2,4,0,0,0,0,0
2025,8,IND,TEN,RB,0,0,0,0,0,22,108,1,5,4,32,0
2025,8,IND,TEN,SPEC,0,0,0,0,0,0,0,0,0,0,0,0
2025,8,IND,TEN,TE,0,0,0,0,0,0,0,0,8,6,76,1
2025,8,IND,TEN,WR,0,0,0,0,0,1,1,0,24,12,151,0
2025,8,KC,WAS,ALL,30,21,213,1,0,20,60,0,30,21,213,1
2025,8,KC,WAS,DB,0,0,0,0,0,0,0,0,0,0,0,0
2025,8,KC,WAS,DL,0,0,0,0,0,0,0,0,0,0,0,0
2025,8,KC,WAS,LB,0,0,0,0,0,0,0,0,0,0,0,0
2025,8,KC,WAS,OL,0,0,0,0,0,0,0,0,0,0,0,0
2025,8,KC,WAS,QB,30,21,213,1,0,8,28,0,0,0,0,0
2025,8,KC,WAS,RB,0,0,0,0,0,11,31,0,7,5,64,0
2025,8,KC,WAS,SPEC,0,0,0,0,0,0,0,0,0,0,0,0
2025,8,KC,WAS,TE,0,0,0,0,0,0,0,0,8,6,60,0
2025,8,KC,WAS,WR,0,0,0,0,0,1,1,0,15,10,89,1
2025,8,LAC,MIN,ALL,31,18,157,1,0,11,34,0,30,18,157,1
2025,8,LAC,MIN,DB,0,0,0,0,0,0,0,0,0,0,0,0
2025,8,LAC,MIN,DL,0,0,0,0,0,0,0,0,0,0,0,0
2025,8,LAC,MIN,LB,0,0,0,0,0,0,0,0,0,0,0,0
2025,8,LAC,MIN,OL,0,0,0,0,0,0,0,0,0,0,0,0
2025,8,LAC,MIN,OTHER,0,0,0,0,0,0,0,0,0,0,0,0
2025,8,LAC,MIN,QB,31,18,157,1,0,0,0,0,0,0,0,0
2025,8,LAC,MIN,RB,0,0,0,0,0,11,34,0,7,5,26,0
2025,8,LAC,MIN,SPEC,0,0,0,0,0,0,0,0,0,0,0,0
2025,8,LAC,MIN,TE,0,0,0,0,0,0,0,0,5,3,31,0
2025,8,LAC,MIN,WR,0,0,0,0,0,0,0,0,18,10,100,1
2025,8,MIA,ATL,ALL,31,21,173,0,0,17,45,1,30,21,173,0
2025,8,MIA,ATL,DB,0,0,0,0,0,0,0,0,0,0,0,0
2025,8,MIA,ATL,DL,0,0,0,0,0,0,0,0,0,0,0,0
2025,8,MIA,ATL,LB,0,0,0,0,0,0,0,0,0,0,0,0
2025,8,MIA,ATL,OL,0,0,0,0,0,0,0,0,0,0,0,0
2025,8,MIA,ATL,QB,31,21,173,0,0,2,2,0,0,0,0,0
2025,8,MIA,ATL,RB,0,0,0,0,0,15,43,1,5,5,33,0
2025,8,MIA,ATL,SPEC,0,0,0,0,0,0,0,0,0,0,0,0
2025,8,MIA,ATL,TE,0,0,0,0,0,0,0,0,9,9,59,0
2025,8,MIA,ATL,WR,0,0,0,0,0,0,0,0,16,7,81,0
2025,8,MIN,LAC,ALL,25,18,227,3,0,43,207,1,24,18,227,3
2025,8,MIN,LAC,DB,0,0,0,0,0,0,0,0,0,0,0,0
2025,8,MIN,LAC,DL,0,0,0,0,0,0,0,0,0,0,0,0
2025,8,MIN,LAC,LB,0,0,0,0,0,0,0,0,0,0,0,0
2025,8,MIN,LAC,OL,0,0,0,0,0,0,0,0,0,0,0,0
2025,8,MIN,LAC,QB,25,18,227,3,0,7,62,0,0,0,0,0
2025,8,MIN,LAC,RB,0,0,0,0,0,36,145,1,2,1,10,0
2025,8,MIN,LAC,SPEC,0,0,0,0,0,0,0,0,0,0,0,0
2025,8,MIN,LAC,TE,0,0,0,0,0,0,0,0,5,5,77,1
2025,8,MIN,LAC,WR,0,0,0,0,0,0,0,0,17,12,140,2
2025,8,NE,CLE,ALL,35,21,156,2,0,16,68,0,33,21,156,2
2025,8,NE,CLE,DB,0,0,0,0,0,0,0,0,0,0,0,0
2025,8,NE,CLE,DL,0,0,0,0,0,0,0,0,0,0,0,0
2025,8,NE,CLE,LB,0,0,0,0,0,0,0,0,0,0,0,0
2025,8,NE,CLE,QB,35,21,156,2,0,1,13,0,0,0,0,0
2025,8,NE,CLE,RB,0,0,0,0,0,12,19,0,11,9,26,0
2025,8,NE,CLE,SPEC,0,0,0,0,0,0,0,0,0,0,0,0
2025,8,NE,CLE,TE,0,0,0,0,0,1,2,0,13,10,99,2
2025,8,NE,CLE,WR,0,0,0,0,0,2,34,0,9,2,31,0
2025,8,NO,TB,ALL,24,15,152,0,0,29,88,1,24,15,152,0
2025,8,NO,TB,DB,0,0,0,0,0,0,0,0,0,0,0,0
2025,8,NO,TB,DL,0,0,0,0,0,0,0,0,0,0,0,0
2025,8,NO,TB,LB,0,0,0,0,0,0,0,0,0,0,0,0
2025,8,NO,TB,OL,0,0,0,0,0,0,0,0,0,0,0,0
2025,8,NO,TB,QB,24,15,152,0,0,0,0,0,0,0,0,0
2025,8,NO,TB,RB,0,0,0,0,0,29,88,1,2,2,26,0
2025,8,NO,TB,SPEC,0,0,0,0,0,0,0,0,0,0,0,0
2025,8,NO,TB,TE,0,0,0,0,0,0,0,0,5,4,40,0
2025,8,NO,TB,WR,0,0,0,0,0,0,0,0,17,9,86,0
2025,8,NYG,PHI,ALL,20,15,179,4,0,33,276,1,20,15,179,4
2025,8,NYG,PHI,DB,0,0,0,0,0,0,0,0,0,0,0,0
2025,8,NYG,PHI,DL,0,0,0,0,0,0,0,0,0,0,0,0
2025,8,NYG,PHI,LB,0,0,0,0,0,0,0,0,0,0,0,0
2025,8,NYG,PHI,OL,0,0,0,0,0,0,0,0,0,0,0,0
2025,8,NYG,PHI,QB,20,15,179,4,0,7,20,0,0,0,0,0
2025,8,NYG,PHI,RB,0,0,0,0,0,26,256,1,5,4,24,1
2025,8,NYG,PHI,SPEC,0,0,0,0,0,0,0,0,0,0,0,0
2025,8,NYG,PHI,TE,0,0,0,0,0,0,0,0,3,3,28,2
2025,8,NYG,PHI,WR,0,0,0,0,0,0,0,0,12,8,127,1
2025,8,NYJ,CIN,ALL,34,21,223,2,0,23,181,3,33,21,223,2
2025,8,NYJ,CIN,DB,0,0,0,0,0,0,0,0,0,0,0,0
2025,8,NYJ,CIN,DL,0,0,0,0,0,0,0,0,0,0,0,0
2025,8,NYJ,CIN,LB,0,0,0,0,0,0,0,0,0,0,0,0
2025,8,NYJ,CIN,OL,0,0,0,0,0,0,0,0,0,0,0,0
2025,8,NYJ,CIN,QB,34,21,223,2,0,2,14,1,0,0,0,0
2025,8,NYJ,CIN,RB,0,0,0,0,0,21,167,2,4,4,38,1
2025,8,NYJ,CIN,SPEC,0,0,0,0,0,0,0,0,0,0,0,0
2025,8,NYJ,CIN,TE,0,0,0,0,0,0,0,0,5,4,50,0
2025,8,NYJ,CIN,WR,0,0,0,0,0,0,0,0,24,13,135,1
2025,8,PHI,NYG,ALL,24,14,193,1,0,21,68,1,22,14,193,1
2025,8,PHI,NYG,DB,0,0,0,0,0,0,0,0,0,0,0,0
2025,8,PHI,NYG,DL,0,0,0,0,0,0,0,0,0,0,0,0
2025,8,PHI,NYG,LB,0,0,0,0,0,0,0,0,0,0,0,0
2025,8,PHI,NYG,OL,0,0,0,0,0,0,0,0,0,0,0,0
2025,8,PHI,NYG,QB,24,14,193,1,0,6,17,1,0,0,0,0
2025,8,PHI,NYG,RB,0,0,0,0,0,15,51,0,6,4,60,1
2025,8,PHI,NYG,SPEC,0,0,0,0,0,0,0,0,0,0,0,0
2025,8,PHI,NYG,TE,0,0,0,0,0,0,0,0,5,4,41,0
2025,8,PHI,NYG,WR,0,0,0,0,0,0,0,0,11,6,92,0
2025,8,PIT,GB,ALL,37,29,360,3,0,26,94,1,35,29,360,3
2025,8,PIT,GB,DB,0,0,0,0,0,0,0,0,0,0,0,0
2025,8,PIT,GB,DL,0,0,0,0,0,0,0,0,0,0,0,0
2025,8,PIT,GB,LB,0,0,0,0,0,0,0,0,0,0,0,0
2025,8,PIT,GB,QB,37,29,360,3,0,1,-1,0,0,0,0,0
2025,8,PIT,GB,RB,0,0,0,0,0,24,94,1,7,6,38,0
2025,8,PIT,GB,SPEC,0,0,0,0,0,0,0,0,0,0,0,0
2025,8,PIT,GB,TE,0,0,0,0,0,0,0,0,11,9,152,2
2025,8,PIT,GB,WR,0,0,0,0,0,1,1,0,17,14,170,1
2025,8,SF,HOU,ALL,39,30,318,2,0,36,157,0,38,30,318,2
2025,8,SF,HOU,DB,0,0,0,0,0,0,0,0,0,0,0,0
2025,8,SF,HOU,DL,0,0,0,0,0,0,0,0,0,0,0,0
2025,8,SF,HOU,LB,0,0,0,0,0,0,0,0,0,0,0,0
2025,8,SF,HOU,OL,0,0,0,0,0,0,0,0,0,0,0,0
2025,8,SF,HOU,QB,39,30,318,2,0,7,30,0,0,0,0,0
2025,8,SF,HOU,RB,0,0,0,0,0,29,127,0,7,7,70,0
2025,8,SF,HOU,SPEC,0,0,0,0,0,0,0,0,0,0,0,0
2025,8,SF,HOU,TE,0,0,0,0,0,0,0,0,4,2,24,0
2025,8,SF,HOU,WR,0,0,0,0,0,0,0,0,27,21,224,2
2025,8,TB,NO,ALL,51,32,264,0,0,15,48,0,50,32,264,0
2025,8,TB,NO,DB,0,0,0,0,0,0,0,0,0,0,0,0
2025,8,TB,NO,DL,0,0,0,0,0,0,0,0,0,0,0,0
2025,8,TB,NO,LB,0,0,0,0,0,0,0,0,0,0,0,0
2025,8,TB,NO,OL,0,0,0,0,0,0,0,0,0,0,0,0
2025,8,TB,NO,QB,51,32,264,0,0,6,24,0,0,0,0,0
2025,8,TB,NO,RB,0,0,0,0,0,6,21,0,5,5,35,0
2025,8,TB,NO,SPEC,0,0,0,0,0,0,0,0,0,0,0,0
2025,8,TB,NO,TE,0,0,0,0,0,2,6,0,11,6,59,0
2025,8,TB,NO,WR,0,0,0,0,0,1,-3,0,34,21,170,0
2025,8,TEN,IND,ALL,31,21,272,3,0,18,164,2,28,21,272,3
2025,8,TEN,IND,DB,0,0,0,0,0,0,0,0,0,0,0,0
2025,8,TEN,IND,DL,0,0,0,0,0,0,0,0,0,0,0,0
2025,8,TEN,IND,LB,0,0,0,0,0,0,0,0,0,0,0,0
2025,8,TEN,IND,OL,0,0,0,0,0,0,0,0,0,0,0,0
2025,8,TEN,IND,QB,31,21,272,3,0,2,4,0,0,0,0,0
2025,8,TEN,IND,RB,0,0,0,0,0,16,160,2,3,3,24,1
2025,8,TEN,IND,SPEC,0,0,0,0,0,0,0,0,0,0,0,0
2025,8,TEN,IND,TE,0,0,0,0,0,0,0,0,6,4,53,0
2025,8,TEN,IND,WR,0,0,0,0,0,0,0,0,19,14,195,2
2025,8,WAS,KC,ALL,34,25,299,3,0,30,148,1,32,25,299,3
2025,8,WAS,KC,DB,0,0,0,0,0,0,0,0,0,0,0,0
2025,8,WAS,KC,DL,0,0,0,0,0,0,0,0,0,0,0,0
2025,8,WAS,KC,LB,0,0,0,0,0,0,0,0,0,0,0,0
2025,8,WAS,KC,OL,0,0,0,0,0,0,0,0,0,0,0,0
2025,8,WAS,KC,QB,34,25,299,3,0,4,30,0,0,0,0,0
2025,8,WAS,KC,RB,0,0,0,0,0,24,106,1,1,1,2,1
2025,8,WAS,KC,SPEC,0,0,0,0,0,0,0,0,0,0,0,0
2025,8,WAS,KC,TE,0,0,0,0,0,0,0,0,12,8,122,1
2025,8,WAS,KC,WR,0,0,0,0,0,2,12,0,19,16,175,1
2025,9,ARI,DAL,ALL,39,24,250,1,0,21,123,0,36,24,250,1
2025,9,ARI,DAL,DB,0,0,0,0,0,0,0,0,0,0,0,0
2025,9,ARI,DAL,DL,0,0,0,0,0,0,0,0,0,0,0,0
2025,9,ARI,DAL,LB,0,0,0,0,0,0,0,0,0,0,0,0
2025,9,ARI,DAL,OL,0,0,0,0,0,0,0,0,0,0,0,0
2025,9,ARI,DAL,QB,39,24,250,1,0,4,34,0,0,0,0,0
2025,9,ARI,DAL,RB,0,0,0,0,0,16,86,0,1,1,0,0
2025,9,ARI,DAL,SPEC,0,0,0,0,0,0,0,0,0,0,0,0
2025,9,ARI,DAL,TE,0,0,0,0,0,0,0,0,9,6,64,0
2025,9,ARI,DAL,WR,0,0,0,0,0,1,3,0,26,17,186,1
2025,9,ATL,NE,ALL,29,19,259,2,0,33,110,1,28,19,259,2
2025,9,ATL,NE,DB,0,0,0,0,0,0,0,0,0,0,0,0
2025,9,ATL,NE,DL,0,0,0,0,0,0,0,0,0,0,0,0
2025,9,ATL,NE,LB,0,0,0,0,0,0,0,0,0,0,0,0
2025,9,ATL,NE,OL,0,0,0,0,0,0,0,0,0,0,0,0
2025,9,ATL,NE,QB,29,19,259,2,0,8,20,0,0,0,0,0
2025,9,ATL,NE,RB,0,0,0,0,0,25,90,1,7,5,41,0
2025,9,ATL,NE,SPEC,0,0,0,0,0,0,0,0,0,0,0,0
2025,9,ATL,NE,TE,0,0,0,0,0,0,0,0,7,5,71,0
2025,9,ATL,NE,WR,0,0,0,0,0,0,0,0,14,9,147,2
2025,9,BAL,MIA,ALL,40,25,261,0,0,20,87,0,37,25,261,0
2025,9,BAL,MIA,DB,0,0,0,0,0,0,0,0,0,0,0,0
2025,9,BAL,MIA,DL,0,0,0,0,0,0,0,0,0,0,0,0
2025,9,BAL,MIA,LB,0,0,0,0,0,0,0,0,0,0,0,0
2025,9,BAL,MIA,OL,0,0,0,0,0,0,0,0,0,0,0,0
2025,9,BAL,MIA,OTHER,0,0,0,0,0,0,0,0,0,0,0,0
2025,9,BAL,MIA,QB,40,25,261,0,0,1,1,0,0,0,0,0
2025,9,BAL,MIA,RB,0,0,0,0,0,16,73,0,11,7,42,0
2025,9,BAL,MIA,SPEC,0,0,0,0,0,0,0,0,0,0,0,0
2025,9,BAL,MIA,TE,0,0,0,0,0,0,0,0,6,5,49,0
2025,9,BAL,MIA,WR,0,0,0,0,0,3,13,0,20,13,170,0
2025,9,BUF,KC,ALL,34,15,250,0,0,20,79,2,29,15,250,0
2025,9,BUF,KC,DB,0,0,0,0,0,0,0,0,0,0,0,0
2025,9,BUF,KC,DL,0,0,0,0,0,0,0,0,0,0,0,0
2025,9,BUF,KC,LB,0,0,0,0,0,0,0,0,0,0,0,0
2025,9,BUF,KC,OL,0,0,0,0,0,0,0,0,0,0,0,0
2025,9,BUF,KC,QB,34,15,250,0,0,1,5,0,0,0,0,0
2025,9,BUF,KC,RB,0,0,0,0,0,16,61,1,3,1,6,0
2025,9,BUF,KC,SPEC,0,0,0,0,0,0,0,0,0,0,0,0
2025,9,BUF,KC,TE,0,0,0,0,0,0,0,0,6,4,66,0
2025,9,BUF,KC,WR,0,0,0,0,0,3,13,1,20,10,178,0
2025,9,CAR,GB,ALL,37,26,273,0,0,25,104,1,35,26,273,0
2025,9,CAR,GB,DB,0,0,0,0,0,0,0,0,0,0,0,0
2025,9,CAR,GB,DL,0,0,0,0,0,0,0,0,0,0,0,0
2025,9,CAR,GB,LB,0,0,0,0,0,0,0,0,0,0,0,0
2025,9,CAR,GB,OL,0,0,0,0,0,0,0,0,0,0,0,0
2025,9,CAR,GB,QB,37,26,273,0,0,1,1,0,0,0,0,0
2025,9,CAR,GB,RB,0,0,0,0,0,23,103,1,9,7,38,0
2025,9,CAR,GB,SPEC,0,0,0,0,0,0,0,0,0,0,0,0
2025,9,CAR,GB,TE,0,0,0,0,0,0,0,0,6,5,54,0
2025,9,CAR,GB,WR,0,0,0,0,0,1,0,0,20,14,181,0
2025,9,CHI,CIN,ALL,47,31,470,4,0,15,46,0,45,31,470,4
2025,9,CHI,CIN,DB,0,0,0,0,0,0,0,0,0,0,0,0
2025,9,CHI,CIN,DL,0,0,0,0,0,0,0,0,0,0,0,0
2025,9,CHI,CIN,LB,0,0,0,0,0,0,0,0,0,0,0,0
2025,9,CHI,CIN,OL,0,0,0,0,0,0,0,0,0,0,0,0
2025,9,CHI,CIN,QB,47,31,470,4,0,1,-1,0,0,0,0,0
2025,9,CHI,CIN,RB,0,0,0,0,0,13,43,0,14,8,75,0
2025,9,CHI,CIN,SPEC,0,0,0,0,0,0,0,0,0,0,0,0
2025,9,CHI,CIN,TE,0,0,0,0,0,0,0,0,5,4,70,1
2025,9,CHI,CIN,WR,0,0,0,0,0,1,4,0,26,19,325,3
2025,9,CIN,CHI,ALL,37,22,302,4,0,37,283,2,34,22,302,4
2025,9,CIN,CHI,DB,0,0,0,0,0,0,0,0,0,0,0,0
2025,9,CIN,CHI,DL,0,0,0,0,0,0,0,0,0,0,0,0
2025,9,CIN,CHI,LB,0,0,0,0,0,0,0,0,0,0,0,0
2025,9,CIN,CHI,OL,0,0,0,0,0,0,0,0,0,0,0,0
2025,9,CIN,CHI,QB,35,21,300,3,0,5,53,0,2,2,22,1
2025,9,CIN,CHI,RB,0,0,0,0,0,31,213,1,6,3,22,0
2025,9,CIN,CHI,SPEC,0,0,0,0,0,0,0,0,0,0,0,0
2025,9,CIN,CHI,TE,1,0,0,0,0,0,0,0,9,7,128,2
2025,9,CIN,CHI,WR,1,1,2,1,0,1,17,1,17,10,130,1
2025,9,DAL,ARI,ALL,31,21,261,2,0,29,119,1,29,21,261,2
2025,9,DAL,ARI,DB,0,0,0,0,0,0,0,0,0,0,0,0
2025,9,DAL,ARI,DL,0,0,0,0,0,0,0,0,0,0,0,0
2025,9,DAL,ARI,LB,0,0,0,0,0,0,0,0,0,0,0,0
2025,9,DAL,ARI,OL,0,0,0,0,0,0,0,0,0,0,0,0
2025,9,DAL,ARI,QB,31,21,261,2,0,5,4,1,0,0,0,0
2025,9,DAL,ARI,RB,0,0,0,0,0,23,106,0,3,3,19,0
2025,9,DAL,ARI,SPEC,0,0,0,0,0,0,0,0,0,0,0,0
2025,9,DAL,ARI,TE,0,0,0,0,0,0,0,0,12,8,85,1
2025,9,DAL,ARI,WR,0,0,0,0,0,1,9,0,14,10,157,1
2025,9,DEN,HOU,ALL,40,23,216,0,0,28,77,0,39,23,216,0
2025,9,DEN,HOU,DB,0,0,0,0,0,0,0,0,0,0,0,0
2025,9,DEN,HOU,DL,0,0,0,0,0,0,0,0,0,0,0,0
2025,9,DEN,HOU,LB,0,0,0,0,0,0,0,0,0,0,0,0
2025,9,DEN,HOU,OL,0,0,0,0,0,0,0,0,0,0,0,0
2025,9,DEN,HOU,QB,40,23,216,0,0,4,19,0,0,0,0,0
2025,9,DEN,HOU,RB,0,0,0,0,0,23,61,0,4,1,2,0
2025,9,DEN,HOU,SPEC,0,0,0,0,0,0,0,0,0,0,0,0
2025,9,DEN,HOU,TE,0,0,0,0,0,0,0,0,10,7,79,0
2025,9,DEN,HOU,WR,0,0,0,0,0,1,-3,0,25,15,135,0
2025,9,DET,MIN,ALL,25,14,143,2,0,29,142,1,23,14,143,2
2025,9,DET,MIN,DB,0,0,0,0,0,0,0,0,0,0,0,0
2025,9,DET,MIN,DL,0,0,0,0,0,0,0,0,0,0,0,0
2025,9,DET,MIN,LB,0,0,0,0,0,0,0,0,0,0,0,0
2025,9,DET,MIN,OL,0,0,0,0,0,0,0,0,0,0,0,0
2025,9,DET,MIN,QB,25,14,143,2,0,9,12,1,0,0,0,0
2025,9,DET,MIN,RB,0,0,0,0,0,19,114,0,3,3,21,0
2025,9,DET,MIN,SPEC,0,0,0,0,0,0,0,0,0,0,0,0
2025,9,DET,MIN,TE,0,0,0,0,0,0,0,0,3,2,11,1
2025,9,DET,MIN,WR,0,0,0,0,0,1,16,0,17,9,111,1
2025,9,GB,CAR,ALL,20,11,102,0,0,33,163,2,19,11,102,0
2025,9,GB,CAR,DB,0,0,0,0,0,0,0,0,0,0,0,0
2025,9,GB,CAR,DL,0,0,0,0,0,0,0,0,0,0,0,0
2025,9,GB,CAR,LB,0,0,0,0,0,0,0,0,0,0,0,0
2025,9,GB,CAR,OL,0,0,0,0,0,0,0,0,0,0,0,0
2025,9,GB,CAR,QB,20,11,102,0,0,2,9,0,0,0,0,0
2025,9,GB,CAR,RB,0,0,0,0,0,30,147,2,4,2,11,0
2025,9,GB,CAR,SPEC,0,0,0,0,0,0,0,0,0,0,0,0
2025,9,GB,CAR,TE,0,0,0,0,0,0,0,0,2,1,5,0
2025,9,GB,CAR,WR,0,0,0,0,0,1,7,0,13,8,86,0
2025,9,HOU,DEN,ALL,37,18,173,2,0,23,100,0,34,18,173,2
2025,9,HOU,DEN,DB,0,0,0,0,0,0,0,0,0,0,0,0
2025,9,HOU,DEN,DL,0,0,0,0,0,0,0,0,0,0,0,0
2025,9,HOU,DEN,LB,0,0,0,0,0,0,0,0,0,0,0,0
2025,9,HOU,DEN,QB,37,18,173,2,0,3,36,0,0,0,0,0
2025,9,HOU,DEN,RB,0,0,0,0,0,18,68,0,9,8,55,1
2025,9,HOU,DEN,SPEC,0,0,0,0,0,0,0,0,0,0,0,0
2025,9,HOU,DEN,TE,0,0,0,0,0,0,0,0,5,2,25,0
2025,9,HOU,DEN,WR,0,0,0,0,0,2,-4,0,20,8,93,1
2025,9,IND,PIT,ALL,35,25,203,1,0,23,38,2,35,25,203,1
2025,9,IND,PIT,DB,0,0,0,0,0,0,0,0,0,0,0,0
2025,9,IND,PIT,DL,0,0,0,0,0,0,0,0,0,0,0,0
2025,9,IND,PIT,LB,0,0,0,0,0,0,0,0,0,0,0,0
2025,9,IND,PIT,QB,35,25,203,1,0,2,0,0,0,0,0,0
2025,9,IND,PIT,RB,0,0,0,0,0,21,38,2,8,7,42,0
2025,9,IND,PIT,SPEC,0,0,0,0,0,0,0,0,0,0,0,0
2025,9,IND,PIT,TE,0,0,0,0,0,0,0,0,15,10,95,1
2025,9,IND,PIT,WR,0,0,0,0,0,0,0,0,12,8,66,0
2025,9,JAX,LV,ALL,39,29,284,4,0,19,57,0,38,29,284,4
2025,9,JAX,LV,DB,0,0,0,0,0,0,0,0,0,0,0,0
2025,9,JAX,LV,DL,0,0,0,0,0,0,0,0,0,0,0,0
2025,9,JAX,LV,LB,0,0,0,0,0,0,0,0,0,0,0,0
2025,9,JAX,LV,OL,0,0,0,0,0,0,0,0,0,0,0,0
2025,9,JAX,LV,QB,39,29,284,4,0,5,9,0,0,0,0,0
2025,9,JAX,LV,RB,0,0,0,0,0,13,42,0,6,6,61,1
2025,9,JAX,LV,SPEC,0,0,0,0,0,0,0,0,0,0,0,0
2025,9,JAX,LV,TE,0,0,0,0,0,1,6,0,21,16,162,3
2025,9,JAX,LV,WR,0,0,0,0,0,0,0,0,11,7,61,0
2025,9,KC,BUF,ALL,26,23,273,1,0,35,141,3,25,23,273,1
2025,9,KC,BUF,DB,0,0,0,0,0,0,0,0,0,0,0,0
2025,9,KC,BUF,DL,0,0,0,0,0,0,0,0,0,0,0,0
2025,9,KC,BUF,LB,0,0,0,0,0,0,0,0,0,0,0,0
2025,9,KC,BUF,QB,26,23,273,1,0,6,19,2,0,0,0,0
2025,9,KC,BUF,RB,0,0,0,0,0,29,122,1,3,3,23,0
2025,9,KC,BUF,SPEC,0,0,0,0,0,0,0,0,0,0,0,0
2025,9,KC,BUF,TE,0,0,0,0,0,0,0,0,9,8,149,1
2025,9,KC,BUF,WR,0,0,0,0,0,0,0,0,13,12,101,0
2025,9,LA,NO,ALL,25,15,176,1,0,14,57,0,24,15,176,1
2025,9,LA,NO,DB,0,0,0,0,0,0,0,0,0,0,0,0
2025,9,LA,NO,DL,0,0,0,0,0,0,0,0,0,0,0,0
2025,9,LA,NO,LB,0,0,0,0,0,0,0,0,0,0,0,0
2025,9,LA,NO,OL,0,0,0,0,0,0,0,0,0,0,0,0
2025,9,LA,NO,QB,24,15,176,1,0,1,2,0,0,0,0,0
2025,9,LA,NO,RB,0,0,0,0,0,9,25,0,4,2,4,0
2025,9,LA,NO,SPEC,0,0,0,0,0,0,0,0,0,0,0,0
2025,9,LA,NO,TE,1,0,0,0,0,4,30,0,4,3,31,1
2025,9,LA,NO,WR,0,0,0,0,0,0,0,0,16,10,141,0
2025,9,LAC,TEN,ALL,21,12,145,0,0,19,88,0,21,12,145,0
2025,9,LAC,TEN,DB,0,0,0,0,0,0,0,0,0,0,0,0
2025,9,LAC,TEN,DL,0,0,0,0,0,0,0,0,0,0,0,0
2025,9,LAC,TEN,LB,0,0,0,0,0,0,0,0,0,0,0,0
2025,9,LAC,TEN,OL,0,0,0,0,0,0,0,0,0,0,0,0
2025,9,LAC,TEN,QB,21,12,145,0,0,2,6,0,0,0,0,0
2025,9,LAC,TEN,RB,0,0,0,0,0,17,82,0,5,4,48,0
2025,9,LAC,TEN,SPEC,0,0,0,0,0,0,0,0,0,0,0,0
2025,9,LAC,TEN,TE,0,0,0,0,0,0,0,0,3,3,25,0
2025,9,LAC,TEN,WR,0,0,0,0,0,0,0,0,13,5,72,0
2025,9,LV,JAX,ALL,34,23,220,0,0,42,151,3,33,23,220,0
2025,9,LV,JAX,DB,0,0,0,0,0,0,0,0,0,0,0,0
2025,9,LV,JAX,DL,0,0,0,0,0,0,0,0,0,0,0,0
2025,9,LV,JAX,LB,0,0,0,0,0,0,0,0,0,0,0,0
2025,9,LV,JAX,OL,0,0,0,0,0,0,0,0,0,0,0,0
2025,9,LV,JAX,QB,34,23,220,0,0,9,24,2,0,0,0,0
2025,9,LV,JAX,RB,0,0,0,0,0,32,123,1,7,7,29,0
2025,9,LV,JAX,SPEC,0,0,0,0,0,0,0,0,0,0,0,0
2025,9,LV,JAX,TE,0,0,0,0,0,0,0,0,3,1,6,0
2025,9,LV,JAX,WR,0,0,0,0,0,1,4,0,23,15,185,0
2025,9,MIA,BAL,ALL,23,18,204,4,0,31,150,0,23,18,204,4
2025,9,MIA,BAL,DB,0,0,0,0,0,0,0,0,0,0,0,0
2025,9,MIA,BAL,DL,0,0,0,0,0,0,0,0,0,0,0,0
2025,9,MIA,BAL,LB,0,0,0,0,0,0,0,0,0,0,0,0
2025,9,MIA,BAL,QB,23,18,204,4,0,5,14,0,0,0,0,0
2025,9,MIA,BAL,RB,0,0,0,0,0,24,132,0,4,4,22,0
2025,9,MIA,BAL,SPEC,0,0,0,0,0,0,0,0,0,0,0,0
2025,9,MIA,BAL,TE,0,0,0,0,0,2,4,0,9,7,105,3
2025,9,MIA,BAL,WR,0,0,0,0,0,0,0,0,10,7,77,1
2025,9,MIN,DET,ALL,37,25,284,2,0,20,65,1,36,25,284,2
2025,9,MIN,DET,DB,0,0,0,0,0,0,0,0,0,0,0,0
2025,9,MIN,DET,DL,0,0,0,0,0,0,0,0,0,0,0,0
2025,9,MIN,DET,LB,0,0,0,0,0,0,0,0,0,0,0,0
2025,9,MIN,DET,OL,0,0,0,0,0,0,0,0,0,0,0,0
2025,9,MIN,DET,QB,37,25,284,2,0,0,0,0,0,0,0,0
2025,9,MIN,DET,RB,0,0,0,0,0,20,65,1,7,5,13,0
2025,9,MIN,DET,SPEC,0,0,0,0,0,0,0,0,0,0,0,0
2025,9,MIN,DET,TE,0,0,0,0,0,0,0,0,9,7,108,1
2025,9,MIN,DET,WR,0,0,0,0,0,0,0,0,20,13,163,1
2025,9,NE,ATL,ALL,37,22,221,3,0,16,71,0,34,22,221,3
2025,9,NE,ATL,DB,0,0,0,0,0,0,0,0,0,0,0,0
2025,9,NE,ATL,DL,0,0,0,0,0,0,0,0,0,0,0,0
2025,9,NE,ATL,LB,0,0,0,0,0,0,0,0,0,0,0,0
2025,9,NE,ATL,OL,0,0,0,0,0,0,0,0,0,0,0,0
2025,9,NE,ATL,QB,37,22,221,3,0,2,19,0,0,0,0,0
2025,9,NE,ATL,RB,0,0,0,0,0,14,52,0,10,8,50,0
2025,9,NE,ATL,SPEC,0,0,0,0,0,0,0,0,0,0,0,0
2025,9,NE,ATL,TE,0,0,0,0,0,0,0,0,7,4,38,0
2025,9,NE,ATL,WR,0,0,0,0,0,0,0,0,17,10,133,3
2025,9,NO,LA,ALL,32,24,281,4,0,43,171,1,31,24,281,4
2025,9,NO,LA,DB,0,0,0,0,0,0,0,0,0,0,0,0
2025,9,NO,LA,DL,0,0,0,0,0,0,0,0,0,0,0,0
2025,9,NO,LA,LB,0,0,0,0,0,0,0,0,0,0,0,0
2025,9,NO,LA,OL,0,0,0,0,0,0,0,0,0,0,0,0
2025,9,NO,LA,QB,32,24,281,4,0,4,-4,0,0,0,0,0
2025,9,NO,LA,RB,0,0,0,0,0,38,172,1,0,0,0,0
2025,9,NO,LA,SPEC,0,0,0,0,0,0,0,0,0,0,0,0
2025,9,NO,LA,TE,0,0,0,0,0,0,0,0,13,10,114,1
2025,9,NO,LA,WR,0,0,0,0,0,1,3,0,18,14,167,3
2025,9,NYG,SF,ALL,24,19,235,2,0,39,159,2,23,19,235,2
2025,9,NYG,SF,DB,0,0,0,0,0,0,0,0,0,0,0,0
2025,9,NYG,SF,DL,0,0,0,0,0,0,0,0,0,0,0,0
2025,9,NYG,SF,LB,0,0,0,0,0,0,0,0,0,0,0,0
2025,9,NYG,SF,OL,0,0,0,0,0,0,0,0,0,0,0,0
2025,9,NYG,SF,QB,24,19,235,2,0,5,3,0,0,0,0,0
2025,9,NYG,SF,RB,0,0,0,0,0,33,159,2,8,6,79,1
2025,9,NYG,SF,SPEC,0,0,0,0,0,0,0,0,0,0,0,0
2025,9,NYG,SF,TE,0,0,0,0,0,1,-3,0,5,5,41,0
2025,9,NYG,SF,WR,0,0,0,0,0,0,0,0,10,8,115,1
2025,9,PIT,IND,ALL,50,31,342,1,0,19,55,1,48,31,342,1
2025,9,PIT,IND,DB,0,0,0,0,0,1,3,0,0,0,0,0
2025,9,PIT,IND,DL,0,0,0,0,0,0,0,0,0,0,0,0
2025,9,PIT,IND,LB,0,0,0,0,0,0,0,0,0,0,0,0
2025,9,PIT,IND,OL,0,0,0,0,0,0,0,0,0,0,0,0
2025,9,PIT,IND,QB,50,31,342,1,0,3,4,1,0,0,0,0
2025,9,PIT,IND,RB,0,0,0,0,0,15,48,0,5,4,22,0
2025,9,PIT,IND,SPEC,0,0,0,0,0,0,0,0,0,0,0,0
2025,9,PIT,IND,TE,0,0,0,0,0,0,0,0,8,5,26,0
2025,9,PIT,IND,WR,0,0,0,0,0,0,0,0,35,22,294,1
2025,9,SEA,WAS,ALL,22,16,153,0,0,36,157,2,21,16,153,0
2025,9,SEA,WAS,DB,0,0,0,0,0,0,0,0,0,0,0,0
2025,9,SEA,WAS,DL,0,0,0,0,0,0,0,0,0,0,0,0
2025,9,SEA,WAS,LB,0,0,0,0,0,0,0,0,0,0,0,0
2025,9,SEA,WAS,OL,0,0,0,0,0,0,0,0,0,0,0,0
2025,9,SEA,WAS,QB,22,16,153,0,0,10,51,1,0,0,0,0
2025,9,SEA,WAS,RB,0,0,0,0,0,25,103,1,1,1,3,0
2025,9,SEA,WAS,SPEC,0,0,0,0,0,0,0,0,0,0,0,0
2025,9,SEA,WAS,TE,0,0,0,0,0,0,0,0,8,6,66,0
2025,9,SEA,WAS,WR,0,0,0,0,0,1,3,0,12,9,84,0
2025,9,SF,NYG,ALL,33,24,191,2,0,21,117,1,32,24,191,2
2025,9,SF,NYG,DB,0,0,0,0,0,0,0,0,0,0,0,0
2025,9,SF,NYG,DL,0,0,0,0,0,0,0,0,0,0,0,0
2025,9,SF,NYG,LB,0,0,0,0,0,0,0,0,0,0,0,0
2025,9,SF,NYG,OL,0,0,0,0,0,0,0,0,0,0,0,0
2025,9,SF,NYG,QB,33,24,191,2,0,8,56,1,0,0,0,0
2025,9,SF,NYG,RB,0,0,0,0,0,13,61,0,6,5,27,0
2025,9,SF,NYG,SPEC,0,0,0,0,0,0,0,0,0,0,0,0
2025,9,SF,NYG,TE,0,0,0,0,0,0,0,0,6,3,27,1
2025,9,SF,NYG,WR,0,0,0,0,0,0,0,0,20,16,137,1
2025,9,TEN,LAC,ALL,29,19,250,2,0,30,131,1,28,19,250,2
2025,9,TEN,LAC,DB,0,0,0,0,0,0,0,0,0,0,0,0
2025,9,TEN,LAC,DL,0,0,0,0,0,0,0,0,1,1,2,1
2025,9,TEN,LAC,LB,0,0,0,0,0,0,0,0,0,0,0,0
2025,9,TEN,LAC,OL,0,0,0,0,0,0,0,0,0,0,0,0
2025,9,TEN,LAC,QB,29,19,250,2,0,9,57,1,0,0,0,0
2025,9,TEN,LAC,RB,0,0,0,0,0,21,74,0,1,0,0,0
2025,9,TEN,LAC,SPEC,0,0,0,0,0,0,0,0,0,0,0,0
2025,9,TEN,LAC,TE,0,0,0,0,0,0,0,0,6,6,80,0
2025,9,TEN,LAC,WR,0,0,0,0,0,0,0,0,20,12,168,1
2025,9,WAS,SEA,ALL,24,21,330,4,0,24,88,1,24,21,330,4
2025,9,WAS,SEA,DB,0,0,0,0,0,0,0,0,0,0,0,0
2025,9,WAS,SEA,DL,0,0,0,0,0,0,0,0,0,0,0,0
2025,9,WAS,SEA,LB,0,0,0,0,0,0,0,0,0,0,0,0
2025,9,WAS,SEA,OL,0,0,0,0,0,0,0,0,0,0,0,0
2025,9,WAS,SEA,QB,24,21,330,4,0,0,0,0,0,0,0,0
2025,9,WAS,SEA,RB,0,0,0,0,0,22,76,0,3,3,40,0
2025,9,WAS,SEA,SPEC,0,0,0,0,0,0,0,0,0,0,0,0
2025,9,WAS,SEA,TE,0,0,0,0,0,1,1,1,6,5,53,1
2025,9,WAS,SEA,WR,0,0,0,0,0,1,11,0,15,13,237,3
2025,10,ARI,SEA,ALL,12,10,178,1,0,46,198,2,12,10,178,1
2025,10,ARI,SEA,DB,0,0,0,0,0,0,0,0,0,0,0,0
2025,10,ARI,SEA,DL,0,0,0,0,0,0,0,0,0,0,0,0
2025,10,ARI,SEA,LB,0,0,0,0,0,0,0,0,0,0,0,0
2025,10,ARI,SEA,OL,0,0,0,0,0,0,0,0,0,0,0,0
2025,10,ARI,SEA,QB,12,10,178,1,0,7,-6,0,0,0,0,0
2025,10,ARI,SEA,RB,0,0,0,0,0,35,181,2,1,1,3,0
2025,10,ARI,SEA,SPEC,0,0,0,0,0,0,0,0,0,0,0,0
2025,10,ARI,SEA,TE,0,0,0,0,0,2,3,0,2,1,5,0
2025,10,ARI,SEA,WR,0,0,0,0,0,2,20,0,9,8,170,1
2025,10,ATL,IND,ALL,26,19,255,1,0,41,323,3,26,19,255,1
2025,10,ATL,IND,DB,0,0,0,0,0,0,0,0,0,0,0,0
2025,10,ATL,IND,DL,0,0,0,0,0,0,0,0,0,0,0,0
2025,10,ATL,IND,LB,0,0,0,0,0,0,0,0,0,0,0,0
2025,10,ATL,IND,OL,0,0,0,0,0,0,0,0,0,0,0,0
2025,10,ATL,IND,QB,26,19,255,1,0,7,53,0,0,0,0,0
2025,10,ATL,IND,RB,0,0,0,0,0,33,248,3,4,4,50,0
2025,10,ATL,IND,SPEC,0,0,0,0,0,0,0,0,0,0,0,0
2025,10,ATL,IND,TE,0,0,0,0,0,0,0,0,11,8,99,0
2025,10,ATL,IND,WR,0,0,0,0,0,1,22,0,11,7,106,1
2025,10,BAL,MIN,ALL,42,20,248,1,0,18,120,1,41,20,248,1
2025,10,BAL,MIN,DB,0,0,0,0,0,0,0,0,0,0,0,0
2025,10,BAL,MIN,DL,0,0,0,0,0,0,0,0,0,0,0,0
2025,10,BAL,MIN,LB,0,0,0,0,0,0,0,0,0,0,0,0
2025,10,BAL,MIN,OL,0,0,0,0,0,0,0,0,0,0,0,0
2025,10,BAL,MIN,QB,42,20,248,1,0,5,48,0,0,0,0,0
2025,10,BAL,MIN,RB,0,0,0,0,0,13,72,1,7,4,28,0
2025,10,BAL,MIN,SPEC,0,0,0,0,0,0,0,0,0,0,0,0
2025,10,BAL,MIN,TE,0,0,0,0,0,0,0,0,2,2,8,0
2025,10,BAL,MIN,WR,0,0,0,0,0,0,0,0,32,14,212,1
2025,10,BUF,MIA,ALL,21,15,173,2,0,32,197,2,21,15,173,2
2025,10,BUF,MIA,DB,0,0,0,0,0,0,0,0,0,0,0,0
2025,10,BUF,MIA,DL,0,0,0,0,0,0,0,0,0,0,0,0
2025,10,BUF,MIA,LB,0,0,0,0,0,0,0,0,0,0,0,0
2025,10,BUF,MIA,QB,21,15,173,2,0,2,-1,0,0,0,0,0
2025,10,BUF,MIA,RB,0,0,0,0,0,29,194,2,6,6,51,0
2025,10,BUF,MIA,SPEC,0,0,0,0,0,0,0,0,0,0,0,0
2025,10,BUF,MIA,TE,0,0,0,0,0,0,0,0,4,1,22,0
2025,10,BUF,MIA,WR,0,0,0,0,0,1,4,0,11,8,100,2
2025,10,CAR,NO,ALL,28,19,282,2,0,37,122,0,26,19,282,2
2025,10,CAR,NO,DB,0,0,0,0,0,0,0,0,0,0,0,0
2025,10,CAR,NO,DL,0,0,0,0,0,0,0,0,0,0,0,0
2025,10,CAR,NO,LB,0,0,0,0,0,0,0,0,0,0,0,0
2025,10,CAR,NO,OL,0,0,0,0,0,0,0,0,0,0,0,0
2025,10,CAR,NO,QB,27,19,282,2,0,4,-3,0,0,0,0,0
2025,10,CAR,NO,RB,0,0,0,0,0,26,105,0,6,6,41,0
2025,10,CAR,NO,SPEC,0,0,0,0,0,0,0,0,0,0,0,0
2025,10,CAR,NO,TE,1,0,0,0,0,7,20,0,9,7,122,1
2025,10,CAR,NO,WR,0,0,0,0,0,0,0,0,11,6,119,1
2025,10,CHI,NYG,ALL,36,22,287,0,0,30,169,2,32,22,287,0
2025,10,CHI,NYG,DB,0,0,0,0,0,0,0,0,0,0,0,0
2025,10,CHI,NYG,DL,0,0,0,0,0,0,0,0,0,0,0,0
2025,10,CHI,NYG,LB,0,0,0,0,0,0,0,0,0,0,0,0
2025,10,CHI,NYG,OL,0,0,0,0,0,0,0,0,0,0,0,0
2025,10,CHI,NYG,QB,36,22,287,0,0,8,78,2,0,0,0,0
2025,10,CHI,NYG,RB,0,0,0,0,0,22,91,0,5,4,53,0
2025,10,CHI,NYG,SPEC,0,0,0,0,0,0,0,0,0,0,0,0
2025,10,CHI,NYG,TE,0,0,0,0,0,0,0,0,10,8,83,0
2025,10,CHI,NYG,WR,0,0,0,0,0,0,0,0,17,10,151,0
2025,10,CLE,NYJ,ALL,11,6,54,1,0,33,127,0,11,6,54,1
2025,10,CLE,NYJ,DB,0,0,0,0,0,0,0,0,0,0,0,0
2025,10,CLE,NYJ,DL,0,0,0,0,0,0,0,0,0,0,0,0
2025,10,CLE,NYJ,LB,0,0,0,0,0,0,0,0,0,0,0,0
2025,10,CLE,NYJ,OL,0,0,0,0,0,0,0,0,0,0,0,0
2025,10,CLE,NYJ,QB,11,6,54,1,0,7,28,0,0,0,0,0
2025,10,CLE,NYJ,RB,0,0,0,0,0,24,93,0,2,2,43,1
2025,10,CLE,NYJ,SPEC,0,0,0,0,0,0,0,0,0,0,0,0
2025,10,CLE,NYJ,TE,0,0,0,0,0,0,0,0,3,2,4,0
2025,10,CLE,NYJ,WR,0,0,0,0,0,2,6,0,6,2,7,0
2025,10,DEN,LV,ALL,27,16,143,0,0,25,74,1,25,16,143,0
2025,10,DEN,LV,DB,0,0,0,0,0,0,0,0,0,0,0,0
2025,10,DEN,LV,DL,0,0,0,0,0,0,0,0,0,0,0,0
2025,10,DEN,LV,LB,0,0,0,0,0,0,0,0,0,0,0,0
2025,10,DEN,LV,OTHER,0,0,0,0,0,0,0,0,0,0,0,0
2025,10,DEN,LV,QB,27,16,143,0,0,3,7,0,0,0,0,0
2025,10,DEN,LV,RB,0,0,0,0,0,20,64,1,6,4,14,0
2025,10,DEN,LV,SPEC,0,0,0,0,0,0,0,0,0,0,0,0
2025,10,DEN,LV,TE,0,0,0,0,0,1,-4,0,7,4,53,0
2025,10,DEN,LV,WR,0,0,0,0,0,1,7,0,12,8,76,0
2025,10,DET,WAS,ALL,22,16,213,2,0,27,93,1,22,16,213,2
2025,10,DET,WAS,DB,0,0,0,0,0,0,0,0,0,0,0,0
2025,10,DET,WAS,DL,0,0,0,0,0,0,0,0,0,0,0,0
2025,10,DET,WAS,LB,0,0,0,0,0,0,0,0,0,0,0,0
2025,10,DET,WAS,OL,0,0,0,0,0,0,0,0,0,0,0,0
2025,10,DET,WAS,QB,22,16,213,2,0,5,22,0,0,0,0,0
2025,10,DET,WAS,RB,0,0,0,0,0,22,71,1,1,1,4,0
2025,10,DET,WAS,SPEC,0,0,0,0,0,0,0,0,0,0,0,0
2025,10,DET,WAS,TE,0,0,0,0,0,0,0,0,8,6,64,1
2025,10,DET,WAS,WR,0,0,0,0,0,0,0,0,13,9,145,1
2025,10,GB,PHI,ALL,26,15,183,1,0,34,111,0,23,15,183,1
2025,10,GB,PHI,DB,0,0,0,0,0,0,0,0,0,0,0,0
2025,10,GB,PHI,DL,0,0,0,0,0,0,0,0,0,0,0,0
2025,10,GB,PHI,LB,0,0,0,0,0,0,0,0,0,0,0,0
2025,10,GB,PHI,OL,0,0,0,0,0,0,0,0,0,0,0,0
2025,10,GB,PHI,QB,26,15,183,1,0,5,27,0,0,0,0,0
2025,10,GB,PHI,RB,0,0,0,0,0,29,84,0,5,5,58,0
2025,10,GB,PHI,SPEC,0,0,0,0,0,0,0,0,0,0,0,0
2025,10,GB,PHI,TE,0,0,0,0,0,0,0,0,7,4,43,0
2025,10,GB,PHI,WR,0,0,0,0,0,0,0,0,11,6,82,1
2025,10,HOU,JAX,ALL,23,13,158,1,0,27,94,1,23,13,158,1
2025,10,HOU,JAX,DB,0,0,0,0,0,0,0,0,0,0,0,0
2025,10,HOU,JAX,DL,0,0,0,0,0,0,0,0,0,0,0,0
2025,10,HOU,JAX,LB,0,0,0,0,0,0,0,0,0,0,0,0
2025,10,HOU,JAX,OL,0,0,0,0,0,0,0,0,0,0,0,0
2025,10,HOU,JAX,QB,23,13,158,1,0,5,35,0,0,0,0,0
2025,10,HOU,JAX,RB,0,0,0,0,0,20,63,1,7,4,30,0
2025,10,HOU,JAX,SPEC,0,0,0,0,0,0,0,0,0,0,0,0
2025,10,HOU,JAX,TE,0,0,0,0,0,0,0,0,2,1,21,0
2025,10,HOU,JAX,WR,0,0,0,0,0,2,-4,0,14,8,107,1
2025,10,IND,ATL,ALL,28,12,177,1,0,29,140,2,25,12,177,1
2025,10,IND,ATL,DB,0,0,0,0,0,0,0,0,0,0,0,0
2025,10,IND,ATL,DL,0,0,0,0,0,0,0,0,0,0,0,0
2025,10,IND,ATL,LB,0,0,0,0,0,0,0,0,0,0,0,0
2025,10,IND,ATL,OL,0,0,0,0,0,0,0,0,0,0,0,0
2025,10,IND,ATL,QB,28,12,177,1,0,1,-1,0,0,0,0,0
2025,10,IND,ATL,RB,0,0,0,0,0,28,141,2,2,2,4,0
2025,10,IND,ATL,SPEC,0,0,0,0,0,0,0,0,0,0,0,0
2025,10,IND,ATL,TE,0,0,0,0,0,0,0,0,6,3,52,0
2025,10,IND,ATL,WR,0,0,0,0,0,0,0,0,17,7,121,1
2025,10,JAX,HOU,ALL,45,27,292,2,0,22,130,2,44,27,292,2
2025,10,JAX,HOU,DB,0,0,0,0,0,0,0,0,0,0,0,0
2025,10,JAX,HOU,DL,0,0,0,0,0,0,0,0,0,0,0,0
2025,10,JAX,HOU,LB,0,0,0,0,0,0,0,0,0,0,0,0
2025,10,JAX,HOU,OL,0,0,0,0,0,0,0,0,0,0,0,0
2025,10,JAX,HOU,QB,45,27,292,2,0,3,20,1,0,0,0,0
2025,10,JAX,HOU,RB,0,0,0,0,0,19,110,1,4,3,23,0
2025,10,JAX,HOU,SPEC,0,0,0,0,0,0,0,0,0,0,0,0
2025,10,JAX,HOU,TE,0,0,0,0,0,0,0,0,11,7,53,1
2025,10,JAX,HOU,WR,0,0,0,0,0,0,0,0,29,17,216,1
2025,10,LA,SF,ALL,39,33,319,3,0,21,74,1,39,33,319,3
2025,10,LA,SF,DB,0,0,0,0,0,0,0,0,0,0,0,0
2025,10,LA,SF,DL,0,0,0,0,0,0,0,0,0,0,0,0
2025,10,LA,SF,LB,0,0,0,0,0,0,0,0,0,0,0,0
2025,10,LA,SF,OL,0,0,0,0,0,0,0,0,0,0,0,0
2025,10,LA,SF,QB,39,33,319,3,0,1,3,0,0,0,0,0
2025,10,LA,SF,RB,0,0,0,0,0,20,71,1,13,11,78,0
2025,10,LA,SF,SPEC,0,0,0,0,0,0,0,0,0,0,0,0
2025,10,LA,SF,TE,0,0,0,0,0,0,0,0,11,11,99,2
2025,10,LA,SF,WR,0,0,0,0,0,0,0,0,15,11,142,1
2025,10,LAC,PIT,ALL,31,16,161,1,0,16,73,0,28,16,161,1
2025,10,LAC,PIT,DB,0,0,0,0,0,0,0,0,0,0,0,0
2025,10,LAC,PIT,DL,0,0,0,0,0,0,0,0,0,0,0,0
2025,10,LAC,PIT,LB,0,0,0,0,0,0,0,0,0,0,0,0
2025,10,LAC,PIT,OL,0,0,0,0,0,0,0,0,0,0,0,0
2025,10,LAC,PIT,QB,31,16,161,1,0,0,0,0,0,0,0,0
2025,10,LAC,PIT,RB,0,0,0,0,0,16,73,0,5,4,25,0
2025,10,LAC,PIT,SPEC,0,0,0,0,0,0,0,0,0,0,0,0
2025,10,LAC,PIT,TE,0,0,0,0,0,0,0,0,6,5,52,0
2025,10,LAC,PIT,WR,0,0,0,0,0,0,0,0,17,7,84,1
2025,10,LV,DEN,ALL,28,16,150,1,0,27,84,0,27,16,150,1
2025,10,LV,DEN,DB,0,0,0,0,0,0,0,0,0,0,0,0
2025,10,LV,DEN,DL,0,0,0,0,0,0,0,0,0,0,0,0
2025,10,LV,DEN,LB,0,0,0,0,0,0,0,0,0,0,0,0
2025,10,LV,DEN,OL,0,0,0,0,0,0,0,0,0,0,0,0
2025,10,LV,DEN,QB,28,16,150,1,0,5,-2,0,0,0,0,0
2025,10,LV,DEN,RB,0,0,0,0,0,22,86,0,6,4,29,0
2025,10,LV,DEN,SPEC,0,0,0,0,0,0,0,0,0,0,0,0
2025,10,LV,DEN,TE,0,0,0,0,0,0,0,0,6,3,14,0
2025,10,LV,DEN,WR,0,0,0,0,0,0,0,0,15,9,107,1
2025,10,MIA,BUF,ALL,40,28,306,2,0,22,87,0,39,28,306,2
2025,10,MIA,BUF,DB,0,0,0,0,0,0,0,0,0,0,0,0
2025,10,MIA,BUF,DL,0,0,0,0,0,0,0,0,0,0,0,0
2025,10,MIA,BUF,LB,0,0,0,0,0,0,0,0,0,0,0,0
2025,10,MIA,BUF,OL,0,0,0,0,0,0,0,0,0,0,0,0
2025,10,MIA,BUF,QB,40,28,306,2,0,5,35,0,0,0,0,0
2025,10,MIA,BUF,RB,0,0,0,0,0,16,53,0,9,8,48,0
2025,10,MIA,BUF,SPEC,0,0,0,0,0,0,0,0,0,0,0,0
2025,10,MIA,BUF,TE,0,0,0,0,0,0,0,0,9,6,100,1
2025,10,MIA,BUF,WR,0,0,0,0,0,1,-1,0,21,14,158,1
2025,10,MIN,BAL,ALL,29,17,176,1,0,36,152,1,28,17,176,1
2025,10,MIN,BAL,DB,0,0,0,0,0,0,0,0,0,0,0,0
2025,10,MIN,BAL,DL,0,0,0,0,0,0,0,0,0,0,0,0
2025,10,MIN,BAL,LB,0,0,0,0,0,0,0,0,0,0,0,0
2025,10,MIN,BAL,OL,0,0,0,0,0,0,0,0,0,0,0,0
2025,10,MIN,BAL,QB,29,17,176,1,0,9,36,0,0,0,0,0
2025,10,MIN,BAL,RB,0,0,0,0,0,26,110,1,5,4,21,0
2025,10,MIN,BAL,SPEC,0,0,0,0,0,0,0,0,0,0,0,0
2025,10,MIN,BAL,TE,0,0,0,0,0,0,0,0,11,6,54,1
2025,10,MIN,BAL,WR,0,0,0,0,0,1,6,0,12,7,101,0
2025,10,NE,TB,ALL,43,28,273,3,0,21,113,0,43,28,273,3
2025,10,NE,TB,DB,0,0,0,0,0,0,0,0,0,0,0,0
2025,10,NE,TB,DL,0,0,0,0,0,0,0,0,0,0,0,0
2025,10,NE,TB,LB,0,0,0,0,0,0,0,0,0,0,0,0
2025,10,NE,TB,QB,43,28,273,3,0,0,0,0,0,0,0,0
2025,10,NE,TB,RB,0,0,0,0,0,19,91,0,7,6,14,0
2025,10,NE,TB,SPEC,0,0,0,0,0,0,0,0,0,0,0,0
2025,10,NE,TB,TE,0,0,0,0,0,0,0,0,13,9,82,0
2025,10,NE,TB,WR,0,0,0,0,0,2,22,0,23,13,177,3
2025,10,NO,CAR,ALL,25,17,124,0,0,23,73,1,23,17,124,0
2025,10,NO,CAR,DB,0,0,0,0,0,0,0,0,0,0,0,0
2025,10,NO,CAR,DL,0,0,0,0,0,0,0,0,0,0,0,0
2025,10,NO,CAR,LB,0,0,0,0,0,0,0,0,0,0,0,0
2025,10,NO,CAR,OL,0,0,0,0,0,0,0,0,0,0,0,0
2025,10,NO,CAR,QB,25,17,124,0,0,2,6,0,0,0,0,0
2025,10,NO,CAR,RB,0,0,0,0,0,21,67,1,4,4,11,0
2025,10,NO,CAR,SPEC,0,0,0,0,0,0,0,0,0,0,0,0
2025,10,NO,CAR,TE,0,0,0,0,0,0,0,0,6,5,32,0
2025,10,NO,CAR,WR,0,0,0,0,0,0,0,0,13,8,81,0
2025,10,NYG,CHI,ALL,36,20,220,1,0,28,171,2,36,20,220,1
2025,10,NYG,CHI,DB,0,0,0,0,0,0,0,0,0,0,0,0
2025,10,NYG,CHI,DL,0,0,0,0,0,0,0,0,0,0,0,0
2025,10,NYG,CHI,LB,0,0,0,0,0,0,0,0,0,0,0,0
2025,10,NYG,CHI,OL,0,0,0,0,0,0,0,0,0,0,0,0
2025,10,NYG,CHI,QB,36,20,220,1,0,8,63,1,0,0,0,0
2025,10,NYG,CHI,RB,0,0,0,0,0,20,108,1,9,5,18,0
2025,10,NYG,CHI,SPEC,0,0,0,0,0,0,0,0,0,0,0,0
2025,10,NYG,CHI,TE,0,0,0,0,0,0,0,0,6,5,60,0
2025,10,NYG,CHI,WR,0,0,0,0,0,0,0,0,21,10,142,1
2025,10,NYJ,CLE,ALL,32,17,167,2,0,32,158,0,32,17,167,2
2025,10,NYJ,CLE,DB,0,0,0,0,0,0,0,0,0,0,0,0
2025,10,NYJ,CLE,DL,0,0,0,0,0,0,0,0,0,0,0,0
2025,10,NYJ,CLE,LB,0,0,0,0,0,0,0,0,0,0,0,0
2025,10,NYJ,CLE,OL,0,0,0,0,0,0,0,0,0,0,0,0
2025,10,NYJ,CLE,QB,32,17,167,2,0,5,54,0,0,0,0,0
2025,10,NYJ,CLE,RB,0,0,0,0,0,25,72,0,5,3,13,0
2025,10,NYJ,CLE,SPEC,0,0,0,0,0,0,0,0,0,0,0,0
2025,10,NYJ,CLE,TE,0,0,0,0,0,0,0,0,9,6,65,1
2025,10,NYJ,CLE,WR,0,0,0,0,0,2,32,0,18,8,89,1
2025,10,PHI,GB,ALL,36,20,176,0,0,27,104,1,33,20,176,0
2025,10,PHI,GB,DB,0,0,0,0,0,0,0,0,0,0,0,0
2025,10,PHI,GB,DL,0,0,0,0,0,0,0,0,0,0,0,0
2025,10,PHI,GB,LB,0,0,0,0,0,0,0,0,0,0,0,0
2025,10,PHI,GB,OL,0,0,0,0,0,0,0,0,0,0,0,0
2025,10,PHI,GB,QB,36,20,176,0,0,5,28,0,0,0,0,0
2025,10,PHI,GB,RB,0,0,0,0,0,22,76,1,7,6,35,0
2025,10,PHI,GB,SPEC,0,0,0,0,0,0,0,0,0,0,0,0
2025,10,PHI,GB,TE,0,0,0,0,0,0,0,0,3,3,23,0
2025,10,PHI,GB,WR,0,0,0,0,0,0,0,0,23,11,118,0
2025,10,PIT,LAC,ALL,33,20,220,1,0,31,115,1,33,20,220,1
2025,10,PIT,LAC,DB,0,0,0,0,0,0,0,0,0,0,0,0
2025,10,PIT,LAC,DL,0,0,0,0,0,0,0,0,0,0,0,0
2025,10,PIT,LAC,LB,0,0,0,0,0,0,0,0,0,0,0,0
2025,10,PIT,LAC,OL,0,0,0,0,0,0,0,0,0,0,0,0
2025,10,PIT,LAC,QB,33,20,220,1,0,5,19,0,0,0,0,0
2025,10,PIT,LAC,RB,0,0,0,0,0,26,96,1,1,1,13,0
2025,10,PIT,LAC,SPEC,0,0,0,0,0,0,0,0,0,0,0,0
2025,10,PIT,LAC,TE,0,0,0,0,0,0,0,0,8,5,32,0
2025,10,PIT,LAC,WR,0,0,0,0,0,0,0,0,24,14,175,1
2025,10,SEA,ARI,ALL,45,22,258,2,0,23,129,1,44,22,258,2
2025,10,SEA,ARI,DB,0,0,0,0,0,0,0,0,0,0,0,0
2025,10,SEA,ARI,DL,0,0,0,0,0,0,0,0,0,0,0,0
2025,10,SEA,ARI,LB,0,0,0,0,0,0,0,0,0,0,0,0
2025,10,SEA,ARI,OL,0,0,0,0,0,0,0,0,0,0,0,0
2025,10,SEA,ARI,QB,45,22,258,2,0,4,31,0,0,0,0,0
2025,10,SEA,ARI,RB,0,0,0,0,0,17,96,0,8,4,45,0
2025,10,SEA,ARI,SPEC,0,0,0,0,0,0,0,0,0,0,0,0
2025,10,SEA,ARI,TE,0,0,0,0,0,0,0,0,16,11,146,1
2025,10,SEA,ARI,WR,0,0,0,0,0,2,2,1,20,7,67,1
2025,10,SF,LA,ALL,36,24,280,4,0,30,126,2,34,24,280,4
2025,10,SF,LA,DB,0,0,0,0,0,0,0,0,0,0,0,0
2025,10,SF,LA,DL,0,0,0,0,0,0,0,0,0,0,0,0
2025,10,SF,LA,LB,0,0,0,0,0,0,0,0,0,0,0,0
2025,10,SF,LA,QB,36,24,280,4,0,3,-3,0,0,0,0,0
2025,10,SF,LA,RB,0,0,0,0,0,27,129,2,3,2,11,0
2025,10,SF,LA,SPEC,0,0,0,0,0,0,0,0,0,0,0,0
2025,10,SF,LA,TE,0,0,0,0,0,0,0,0,14,10,114,2
2025,10,SF,LA,WR,0,0,0,0,0,0,0,0,17,12,155,2
2025,10,TB,NE,ALL,31,16,270,2,0,27,166,2,29,16,270,2
2025,10,TB,NE,DB,0,0,0,0,0,0,0,0,0,0,0,0
2025,10,TB,NE,DL,0,0,0,0,0,0,0,0,0,0,0,0
2025,10,TB,NE,LB,0,0,0,0,0,0,0,0,0,0,0,0
2025,10,TB,NE,OL,0,0,0,0,0,0,0,0,0,0,0,0
2025,10,TB,NE,QB,31,16,270,2,0,7,13,0,0,0,0,0
2025,10,TB,NE,RB,0,0,0,0,0,19,153,2,1,1,3,0
2025,10,TB,NE,SPEC,0,0,0,0,0,0,0,0,0,0,0,0
2025,10,TB,NE,TE,0,0,0,0,0,0,0,0,6,1,9,0
2025,10,TB,NE,WR,0,0,0,0,0,1,0,0,22,14,258,2
2025,10,WAS,DET,ALL,35,25,320,3,0,33,226,2,32,25,320,3
2025,10,WAS,DET,DB,0,0,0,0,0,0,0,0,0,0,0,0
2025,10,WAS,DET,DL,0,0,0,0,0,0,0,0,0,0,0,0
2025,10,WAS,DET,LB,0,0,0,0,0,0,0,0,0,0,0,0
2025,10,WAS,DET,QB,35,25,320,3,0,1,-1,0,0,0,0,0
2025,10,WAS,DET,RB,0,0,0,0,0,31,217,2,5,4,30,1
2025,10,WAS,DET,SPEC,0,0,0,0,0,0,0,0,0,0,0,0
2025,10,WAS,DET,TE,0,0,0,0,0,0,0,0,7,5,53,0
2025,10,WAS,DET,WR,0,0,0,0,0,1,10,0,20,16,237,2
2025,11,ARI,SF,ALL,26,19,200,3,0,25,95,2,25,19,200,3
2025,11,ARI,SF,DB,0,0,0,0,0,0,0,0,0,0,0,0
2025,11,ARI,SF,DL,0,0,0,0,0,0,0,0,0,0,0,0
2025,11,ARI,SF,LB,0,0,0,0,0,0,0,0,0,0,0,0
2025,11,ARI,SF,QB,26,19,200,3,0,4,-10,0,0,0,0,0
2025,11,ARI,SF,RB,0,0,0,0,0,21,105,2,9,7,66,1
2025,11,ARI,SF,SPEC,0,0,0,0,0,0,0,0,0,0,0,0
2025,11,ARI,SF,TE,0,0,0,0,0,0,0,0,6,6,67,2
2025,11,ARI,SF,WR,0,0,0,0,0,0,0,0,10,6,67,0
2025,11,ATL,CAR,ALL,45,31,448,3,0,25,67,0,44,31,448,3
2025,11,ATL,CAR,DB,0,0,0,0,0,0,0,0,0,0,0,0
2025,11,ATL,CAR,DL,0,0,0,0,0,0,0,0,0,0,0,0
2025,11,ATL,CAR,LB,0,0,0,0,0,0,0,0,0,0,0,0
2025,11,ATL,CAR,OL,0,0,0,0,0,0,0,0,0,0,0,0
2025,11,ATL,CAR,QB,45,31,448,3,0,1,-1,0,0,0,0,0
2025,11,ATL,CAR,RB,0,0,0,0,0,24,68,0,10,6,62,0
2025,11,ATL,CAR,SPEC,0,0,0,0,0,0,0,0,0,0,0,0
2025,11,ATL,CAR,TE,0,0,0,0,0,0,0,0,8,7,104,0
2025,11,ATL,CAR,WR,0,0,0,0,0,0,0,0,26,18,282,3
2025,11,BAL,CLE,ALL,26,11,115,0,0,25,106,0,25,11,115,0
2025,11,BAL,CLE,DB,0,0,0,0,0,0,0,0,0,0,0,0
2025,11,BAL,CLE,DL,0,0,0,0,0,0,0,0,0,0,0,0
2025,11,BAL,CLE,LB,0,0,0,0,0,0,0,0,0,0,0,0
2025,11,BAL,CLE,OL,0,0,0,0,0,0,0,0,0,0,0,0
2025,11,BAL,CLE,QB,26,11,115,0,0,5,18,0,0,0,0,0
2025,11,BAL,CLE,RB,0,0,0,0,0,19,80,0,3,0,0,0
2025,11,BAL,CLE,SPEC,0,0,0,0,0,0,0,0,0,0,0,0
2025,11,BAL,CLE,TE,0,0,0,0,0,0,0,0,7,3,33,0
2025,11,BAL,CLE,WR,0,0,0,0,0,1,8,0,15,8,82,0
2025,11,BUF,TB,ALL,28,16,173,1,0,39,202,3,27,16,173,1
2025,11,BUF,TB,DB,0,0,0,0,0,0,0,0,0,0,0,0
2025,11,BUF,TB,DL,0,0,0,0,0,0,0,0,0,0,0,0
2025,11,BUF,TB,LB,0,0,0,0,0,0,0,0,0,0,0,0
2025,11,BUF,TB,OL,0,0,0,0,0,0,0,0,0,0,0,0
2025,11,BUF,TB,QB,28,16,173,1,0,6,38,1,0,0,0,0
2025,11,BUF,TB,RB,0,0,0,0,0,29,157,2,5,4,45,1
2025,11,BUF,TB,SPEC,0,0,0,0,0,0,0,0,0,0,0,0
2025,11,BUF,TB,TE,0,0,0,0,0,0,0,0,5,2,28,0
2025,11,BUF,TB,WR,0,0,0,0,0,4,7,0,17,10,100,0
2025,11,CAR,ATL,ALL,30,19,223,0,0,28,125,3,29,19,223,0
2025,11,CAR,ATL,DB,0,0,0,0,0,0,0,0,0,0,0,0
2025,11,CAR,ATL,DL,0,0,0,0,0,0,0,0,0,0,0,0
2025,11,CAR,ATL,LB,0,0,0,0,0,0,0,0,0,0,0,0
2025,11,CAR,ATL,OL,0,0,0,0,0,0,0,0,0,0,0,0
2025,11,CAR,ATL,QB,30,19,223,0,0,2,11,0,0,0,0,0
2025,11,CAR,ATL,RB,0,0,0,0,0,26,114,3,7,6,45,0
2025,11,CAR,ATL,SPEC,0,0,0,0,0,0,0,0,0,0,0,0
2025,11,CAR,ATL,TE,0,0,0,0,0,0,0,0,3,2,14,0
2025,11,CAR,ATL,WR,0,0,0,0,0,0,0,0,19,11,164,0
2025,11,CHI,MIN,ALL,32,16,150,1,0,22,115,1,32,16,150,1
2025,11,CHI,MIN,DB,0,0,0,0,0,0,0,0,0,0,0,0
2025,11,CHI,MIN,DL,0,0,0,0,0,0,0,0,0,0,0,0
2025,11,CHI,MIN,LB,0,0,0,0,0,0,0,0,0,0,0,0
2025,11,CHI,MIN,OL,0,0,0,0,0,0,0,0,0,0,0,0
2025,11,CHI,MIN,QB,32,16,150,1,0,0,0,0,0,0,0,0
2025,11,CHI,MIN,RB,0,0,0,0,0,22,115,1,6,3,11,0
2025,11,CHI,MIN,SPEC,0,0,0,0,0,0,0,0,0,0,0,0
2025,11,CHI,MIN,TE,0,0,0,0,0,0,0,0,7,4,36,0
2025,11,CHI,MIN,WR,0,0,0,0,0,0,0,0,19,9,103,1
2025,11,CIN,PIT,ALL,31,21,243,2,0,28,111,0,29,21,243,2
2025,11,CIN,PIT,DB,0,0,0,0,0,0,0,0,0,0,0,0
2025,11,CIN,PIT,DL,0,0,0,0,0,0,0,0,0,0,0,0
2025,11,CIN,PIT,LB,0,0,0,0,0,0,0,0,0,0,0,0
2025,11,CIN,PIT,QB,31,21,243,2,0,2,7,0,0,0,0,0
2025,11,CIN,PIT,RB,0,0,0,0,0,26,104,0,10,9,86,2
2025,11,CIN,PIT,SPEC,0,0,0,0,0,0,0,0,0,0,0,0
2025,11,CIN,PIT,TE,0,0,0,0,0,0,0,0,8,5,86,0
2025,11,CIN,PIT,WR,0,0,0,0,0,0,0,0,11,7,71,0
2025,11,CLE,BAL,ALL,25,14,193,0,0,30,184,2,25,14,193,0
2025,11,CLE,BAL,DB,0,0,0,0,0,0,0,0,0,0,0,0
2025,11,CLE,BAL,DL,0,0,0,0,0,0,0,0,0,0,0,0
2025,11,CLE,BAL,LB,0,0,0,0,0,0,0,0,0,0,0,0
2025,11,CLE,BAL,QB,25,14,193,0,0,4,10,0,0,0,0,0
2025,11,CLE,BAL,RB,0,0,0,0,0,24,134,1,6,5,57,0
2025,11,CLE,BAL,SPEC,0,0,0,0,0,0,0,0,0,0,0,0
2025,11,CLE,BAL,TE,0,0,0,0,0,1,35,1,9,5,47,0
2025,11,CLE,BAL,WR,0,0,0,0,0,1,5,0,10,4,89,0
2025,11,DAL,LV,ALL,42,27,238,1,0,12,27,0,39,27,238,1
2025,11,DAL,LV,DB,0,0,0,0,0,0,0,0,0,0,0,0
2025,11,DAL,LV,DL,0,0,0,0,0,0,0,0,0,0,0,0
2025,11,DAL,LV,LB,0,0,0,0,0,0,0,0,0,0,0,0
2025,11,DAL,LV,OL,0,0,0,0,0,0,0,0,0,0,0,0
2025,11,DAL,LV,QB,42,27,238,1,0,4,14,0,0,0,0,0
2025,11,DAL,LV,RB,0,0,0,0,0,8,13,0,10,8,34,0
2025,11,DAL,LV,SPEC,0,0,0,0,0,0,0,0,0,0,0,0
2025,11,DAL,LV,TE,0,0,0,0,0,0,0,0,17,11,105,0
2025,11,DAL,LV,WR,0,0,0,0,0,0,0,0,12,8,99,1
2025,11,DEN,KC,ALL,45,29,276,1,0,14,62,1,43,29,276,1
2025,11,DEN,KC,DB,0,0,0,0,0,0,0,0,0,0,0,0
2025,11,DEN,KC,DL,0,0,0,0,0,0,0,0,0,0,0,0
2025,11,DEN,KC,LB,0,0,0,0,0,0,0,0,0,0,0,0
2025,11,DEN,KC,OL,0,0,0,0,0,0,0,0,0,0,0,0
2025,11,DEN,KC,QB,45,29,276,1,0,1,3,0,0,0,0,0
2025,11,DEN,KC,RB,0,0,0,0,0,13,59,1,6,3,11,0
2025,11,DEN,KC,SPEC,0,0,0,0,0,0,0,0,0,0,0,0
2025,11,DEN,KC,TE,0,0,0,0,0,0,0,0,17,12,101,1
2025,11,DEN,KC,WR,0,0,0,0,0,0,0,0,20,14,164,0
2025,11,DET,PHI,ALL,28,14,135,0,0,40,148,1,27,14,135,0
2025,11,DET,PHI,DB,0,0,0,0,0,0,0,0,0,0,0,0
2025,11,DET,PHI,DL,0,0,0,0,0,0,0,0,0,0,0,0
2025,11,DET,PHI,LB,0,0,0,0,0,0,0,0,0,0,0,0
2025,11,DET,PHI,OL,0,0,0,0,0,0,0,0,0,0,0,0
2025,11,DET,PHI,QB,28,14,135,0,0,10,31,1,0,0,0,0
2025,11,DET,PHI,RB,0,0,0,0,0,30,117,0,2,1,7,0
2025,11,DET,PHI,SPEC,0,0,0,0,0,0,0,0,0,0,0,0
2025,11,DET,PHI,TE,0,0,0,0,0,0,0,0,7,3,28,0
2025,11,DET,PHI,WR,0,0,0,0,0,0,0,0,18,10,100,0
2025,11,GB,NYG,ALL,29,19,201,0,0,38,142,3,29,19,201,0
2025,11,GB,NYG,DB,0,0,0,0,0,0,0,0,0,0,0,0
2025,11,GB,NYG,DL,0,0,0,0,0,0,0,0,0,0,0,0
2025,11,GB,NYG,LB,0,0,0,0,0,0,0,0,0,0,0,0
2025,11,GB,NYG,OL,0,0,0,0,0,0,0,0,0,0,0,0
2025,11,GB,NYG,QB,29,19,201,0,0,3,10,1,0,0,0,0
2025,11,GB,NYG,RB,0,0,0,0,0,35,132,2,5,5,54,0
2025,11,GB,NYG,SPEC,0,0,0,0,0,0,0,0,0,0,0,0
2025,11,GB,NYG,TE,0,0,0,0,0,0,0,0,5,3,36,0
2025,11,GB,NYG,WR,0,0,0,0,0,0,0,0,19,11,111,0
2025,11,HOU,TEN,ALL,37,24,194,1,0,17,58,0,36,24,194,1
2025,11,HOU,TEN,DB,0,0,0,0,0,0,0,0,0,0,0,0
2025,11,HOU,TEN,DL,0,0,0,0,0,0,0,0,0,0,0,0
2025,11,HOU,TEN,LB,0,0,0,0,0,0,0,0,0,0,0,0
2025,11,HOU,TEN,OL,0,0,0,0,0,0,0,0,0,0,0,0
2025,11,HOU,TEN,QB,37,24,194,1,0,3,33,0,0,0,0,0
2025,11,HOU,TEN,RB,0,0,0,0,0,14,25,0,8,8,35,0
2025,11,HOU,TEN,SPEC,0,0,0,0,0,0,0,0,0,0,0,0
2025,11,HOU,TEN,TE,0,0,0,0,0,0,0,0,8,7,85,0
2025,11,HOU,TEN,WR,0,0,0,0,0,0,0,0,20,9,74,1
2025,11,JAX,LAC,ALL,26,13,118,0,0,16,42,0,24,13,118,0
2025,11,JAX,LAC,DB,0,0,0,0,0,0,0,0,0,0,0,0
2025,11,JAX,LAC,DL,0,0,0,0,0,0,0,0,0,0,0,0
2025,11,JAX,LAC,LB,0,0,0,0,0,0,0,0,0,0,0,0
2025,11,JAX,LAC,OL,0,0,0,0,0,0,0,0,0,0,0,0
2025,11,JAX,LAC,QB,26,13,118,0,0,6,22,0,0,0,0,0
2025,11,JAX,LAC,RB,0,0,0,0,0,10,20,0,4,3,-1,0
2025,11,JAX,LAC,SPEC,0,0,0,0,0,0,0,0,0,0,0,0
2025,11,JAX,LAC,TE,0,0,0,0,0,0,0,0,5,2,41,0
2025,11,JAX,LAC,WR,0,0,0,0,0,0,0,0,15,8,78,0
2025,11,KC,DEN,ALL,38,24,295,0,0,21,59,1,36,24,295,0
2025,11,KC,DEN,DB,0,0,0,0,0,0,0,0,0,0,0,0
2025,11,KC,DEN,DL,0,0,0,0,0,0,0,0,0,0,0,0
2025,11,KC,DEN,LB,0,0,0,0,0,0,0,0,0,0,0,0
2025,11,KC,DEN,OL,0,0,0,0,0,0,0,0,0,0,0,0
2025,11,KC,DEN,QB,37,24,295,0,0,3,8,0,1,0,0,0
2025,11,KC,DEN,RB,1,0,0,0,0,17,49,1,7,6,29,0
2025,11,KC,DEN,SPEC,0,0,0,0,0,0,0,0,0,0,0,0
2025,11,KC,DEN,TE,0,0,0,0,0,0,0,0,6,5,41,0
2025,11,KC,DEN,WR,0,0,0,0,0,1,2,0,22,13,225,0
2025,11,LA,SEA,ALL,44,29,279,0,0,35,135,1,42,29,279,0
2025,11,LA,SEA,DB,0,0,0,0,0,0,0,0,0,0,0,0
2025,11,LA,SEA,DL,0,0,0,0,0,0,0,0,0,0,0,0
2025,11,LA,SEA,LB,0,0,0,0,0,0,0,0,0,0,0,0
2025,11,LA,SEA,OL,0,0,0,0,0,0,0,0,0,0,0,0
2025,11,LA,SEA,QB,44,29,279,0,0,2,11,0,0,0,0,0
2025,11,LA,SEA,RB,0,0,0,0,0,29,110,1,5,5,54,0
2025,11,LA,SEA,SPEC,0,0,0,0,0,0,0,0,0,0,0,0
2025,11,LA,SEA,TE,0,0,0,0,0,2,1,0,13,10,70,0
2025,11,LA,SEA,WR,0,0,0,0,0,2,13,0,24,14,155,0
2025,11,LAC,JAX,ALL,22,14,153,1,0,47,192,4,22,14,153,1
2025,11,LAC,JAX,DB,0,0,0,0,0,0,0,0,0,0,0,0
2025,11,LAC,JAX,DL,0,0,0,0,0,0,0,0,0,0,0,0
2025,11,LAC,JAX,LB,0,0,0,0,0,0,0,0,0,0,0,0
2025,11,LAC,JAX,QB,22,14,153,1,0,5,9,1,0,0,0,0
2025,11,LAC,JAX,RB,0,0,0,0,0,42,183,3,2,0,0,0
2025,11,LAC,JAX,SPEC,0,0,0,0,0,0,0,0,0,0,0,0
2025,11,LAC,JAX,TE,0,0,0,0,0,0,0,0,6,3,36,0
2025,11,LAC,JAX,WR,0,0,0,0,0,0,0,0,14,11,117,1
2025,11,LV,DAL,ALL,33,25,268,4,0,31,114,0,32,25,268,4
2025,11,LV,DAL,DB,0,0,0,0,0,0,0,0,0,0,0,0
2025,11,LV,DAL,DL,0,0,0,0,0,0,0,0,0,0,0,0
2025,11,LV,DAL,LB,0,0,0,0,0,0,0,0,0,0,0,0
2025,11,LV,DAL,OL,0,0,0,0,0,0,0,0,0,0,0,0
2025,11,LV,DAL,QB,33,25,268,4,0,4,-4,0,0,0,0,0
2025,11,LV,DAL,RB,0,0,0,0,0,27,118,0,4,4,36,0
2025,11,LV,DAL,SPEC,0,0,0,0,0,0,0,0,0,0,0,0
2025,11,LV,DAL,TE,0,0,0,0,0,0,0,0,6,5,20,1
2025,11,LV,DAL,WR,0,0,0,0,0,0,0,0,22,16,212,3
2025,11,MIA,WAS,ALL,30,20,213,1,0,33,172,0,29,20,213,1
2025,11,MIA,WAS,DB,0,0,0,0,0,0,0,0,0,0,0,0
2025,11,MIA,WAS,DL,0,0,0,0,0,0,0,0,0,0,0,0
2025,11,MIA,WAS,LB,0,0,0,0,0,0,0,0,0,0,0,0
2025,11,MIA,WAS,OL,0,0,0,0,0,0,0,0,0,0,0,0
2025,11,MIA,WAS,QB,30,20,213,1,0,4,49,0,0,0,0,0
2025,11,MIA,WAS,RB,0,0,0,0,0,28,120,0,4,4,27,0
2025,11,MIA,WAS,SPEC,0,0,0,0,0,0,0,0,0,0,0,0
2025,11,MIA,WAS,TE,0,0,0,0,0,0,0,0,9,5,46,0
2025,11,MIA,WAS,WR,0,0,0,0,0,1,3,0,16,11,140,1
2025,11,MIN,CHI,ALL,32,16,193,0,0,39,140,1,28,16,193,0
2025,11,MIN,CHI,DB,0,0,0,0,0,0,0,0,0,0,0,0
2025,11,MIN,CHI,DL,0,0,0,0,0,0,0,0,0,0,0,0
2025,11,MIN,CHI,LB,0,0,0,0,0,0,0,0,0,0,0,0
2025,11,MIN,CHI,OL,0,0,0,0,0,0,0,0,0,0,0,0
2025,11,MIN,CHI,QB,32,16,193,0,0,4,26,0,0,0,0,0
2025,11,MIN,CHI,RB,0,0,0,0,0,34,111,1,2,1,14,0
2025,11,MIN,CHI,SPEC,0,0,0,0,0,0,0,0,0,0,0,0
2025,11,MIN,CHI,TE,0,0,0,0,0,0,0,0,12,9,93,0
2025,11,MIN,CHI,WR,0,0,0,0,0,1,3,0,14,6,86,0
2025,11,NE,NYJ,ALL,27,15,116,1,0,28,140,1,26,15,116,1
2025,11,NE,NYJ,DB,0,0,0,0,0,0,0,0,0,0,0,0
2025,11,NE,NYJ,DL,0,0,0,0,0,0,0,0,0,0,0,0
2025,11,NE,NYJ,LB,0,0,0,0,0,0,0,0,0,0,0,0
2025,11,NE,NYJ,OL,0,0,0,0,0,0,0,0,0,0,0,0
2025,11,NE,NYJ,OTHER,0,0,0,0,0,0,0,0,0,0,0,0
2025,11,NE,NYJ,QB,26,15,116,1,0,11,67,1,1,0,0,0
2025,11,NE,NYJ,RB,0,0,0,0,0,16,69,0,3,2,6,0
2025,11,NE,NYJ,SPEC,0,0,0,0,0,0,0,0,0,0,0,0
2025,11,NE,NYJ,TE,0,0,0,0,0,0,0,0,9,8,53,0
2025,11,NE,NYJ,WR,1,0,0,0,0,1,4,0,13,5,57,1
2025,11,NYG,GB,ALL,26,15,180,3,0,23,128,1,25,15,180,3
2025,11,NYG,GB,DB,0,0,0,0,0,0,0,0,0,0,0,0
2025,11,NYG,GB,DL,0,0,0,0,0,0,0,0,0,0,0,0
2025,11,NYG,GB,LB,0,0,0,0,0,0,0,0,0,0,0,0
2025,11,NYG,GB,OL,0,0,0,0,0,0,0,0,0,0,0,0
2025,11,NYG,GB,QB,26,15,180,3,0,3,23,0,0,0,0,0
2025,11,NYG,GB,RB,0,0,0,0,0,19,88,1,2,1,9,0
2025,11,NYG,GB,SPEC,0,0,0,0,0,0,0,0,0,0,0,0
2025,11,NYG,GB,TE,0,0,0,0,0,0,0,0,4,3,6,1
2025,11,NYG,GB,WR,0,0,0,0,0,1,17,0,19,11,165,2
2025,11,NYJ,NE,ALL,34,25,281,1,0,27,65,2,33,25,281,1
2025,11,NYJ,NE,DB,0,0,0,0,0,0,0,0,0,0,0,0
2025,11,NYJ,NE,DL,0,0,0,0,0,0,0,0,0,0,0,0
2025,11,NYJ,NE,LB,0,0,0,0,0,0,0,0,0,0,0,0
2025,11,NYJ,NE,OL,0,0,0,0,0,0,0,0,0,0,0,0
2025,11,NYJ,NE,QB,34,25,281,1,0,4,2,0,0,0,0,0
2025,11,NYJ,NE,RB,0,0,0,0,0,22,68,2,5,5,31,1
2025,11,NYJ,NE,SPEC,0,0,0,0,0,0,0,0,0,0,0,0
2025,11,NYJ,NE,TE,0,0,0,0,0,0,0,0,6,4,45,0
2025,11,NYJ,NE,WR,0,0,0,0,0,1,-5,0,22,16,205,0
2025,11,PHI,DET,ALL,37,14,255,1,0,21,74,0,36,14,255,1
2025,11,PHI,DET,DB,0,0,0,0,0,0,0,0,0,0,0,0
2025,11,PHI,DET,DL,0,0,0,0,0,0,0,0,0,0,0,0
2025,11,PHI,DET,LB,0,0,0,0,0,1,0,0,0,0,0,0
2025,11,PHI,DET,OL,0,0,0,0,0,0,0,0,0,0,0,0
2025,11,PHI,DET,QB,37,14,255,1,0,1,-1,0,0,0,0,0
2025,11,PHI,DET,RB,0,0,0,0,0,18,66,0,9,6,117,0
2025,11,PHI,DET,SPEC,0,0,0,0,0,0,0,0,0,0,0,0
2025,11,PHI,DET,TE,0,0,0,0,0,0,0,0,7,2,8,0
2025,11,PHI,DET,WR,0,0,0,0,0,1,9,0,20,6,130,1
2025,11,PIT,CIN,ALL,40,23,199,1,0,22,105,0,39,23,199,1
2025,11,PIT,CIN,DB,0,0,0,0,0,0,0,0,0,0,0,0
2025,11,PIT,CIN,DL,0,0,0,0,0,0,0,0,0,0,0,0
2025,11,PIT,CIN,LB,0,0,0,0,0,0,0,0,0,0,0,0
2025,11,PIT,CIN,OL,0,0,0,0,0,0,0,0,0,0,0,0
2025,11,PIT,CIN,QB,40,23,199,1,0,1,-1,0,0,0,0,0
2025,11,PIT,CIN,RB,0,0,0,0,0,21,106,0,8,6,28,0
2025,11,PIT,CIN,SPEC,0,0,0,0,0,0,0,0,0,0,0,0
2025,11,PIT,CIN,TE,0,0,0,0,0,0,0,0,9,8,58,0
2025,11,PIT,CIN,WR,0,0,0,0,0,0,0,0,22,9,113,1
2025,11,SEA,LA,ALL,28,15,130,2,0,22,119,1,27,15,130,2
2025,11,SEA,LA,DB,0,0,0,0,0,0,0,0,0,0,0,0
2025,11,SEA,LA,DL,0,0,0,0,0,0,0,0,0,0,0,0
2025,11,SEA,LA,LB,0,0,0,0,0,0,0,0,0,0,0,0
2025,11,SEA,LA,OL,0,0,0,0,0,0,0,0,0,0,0,0
2025,11,SEA,LA,QB,28,15,130,2,0,0,0,0,0,0,0,0
2025,11,SEA,LA,RB,0,0,0,0,0,20,101,1,4,2,0,0
2025,11,SEA,LA,SPEC,0,0,0,0,0,0,0,0,0,0,0,0
2025,11,SEA,LA,TE,0,0,0,0,0,0,0,0,4,3,37,1
2025,11,SEA,LA,WR,0,0,0,0,0,2,18,0,19,10,93,1
2025,11,SF,ARI,ALL,57,47,452,2,0,14,36,1,56,47,452,2
2025,11,SF,ARI,DB,0,0,0,0,0,0,0,0,0,0,0,0
2025,11,SF,ARI,DL,0,0,0,0,0,0,0,0,0,0,0,0
2025,11,SF,ARI,LB,0,0,0,0,0,0,0,0,0,0,0,0
2025,11,SF,ARI,OL,0,0,0,0,0,0,0,0,0,0,0,0
2025,11,SF,ARI,QB,57,47,452,2,0,2,-2,0,0,0,0,0
2025,11,SF,ARI,RB,0,0,0,0,0,12,38,1,14,11,55,0
2025,11,SF,ARI,SPEC,0,0,0,0,0,0,0,0,0,0,0,0
2025,11,SF,ARI,TE,0,0,0,0,0,0,0,0,14,12,126,1
2025,11,SF,ARI,WR,0,0,0,0,0,0,0,0,28,24,271,1
2025,11,TB,BUF,ALL,30,19,317,3,0,23,97,3,30,19,317,3
2025,11,TB,BUF,DB,0,0,0,0,0,0,0,0,0,0,0,0
2025,11,TB,BUF,DL,0,0,0,0,0,0,0,0,0,0,0,0
2025,11,TB,BUF,LB,0,0,0,0,0,0,0,0,0,0,0,0
2025,11,TB,BUF,OL,0,0,0,0,0,0,0,0,0,0,0,0
2025,11,TB,BUF,QB,30,19,317,3,0,6,40,3,0,0,0,0
2025,11,TB,BUF,RB,0,0,0,0,0,17,57,0,5,5,127,2
2025,11,TB,BUF,SPEC,0,0,0,0,0,0,0,0,0,0,0,0
2025,11,TB,BUF,TE,0,0,0,0,0,0,0,0,4,2,27,0
2025,11,TB,BUF,WR,0,0,0,0,0,0,0,0,21,12,163,1
2025,11,TEN,HOU,ALL,41,26,274,1,0,23,75,0,40,26,274,1
2025,11,TEN,HOU,DB,0,0,0,0,0,0,0,0,0,0,0,0
2025,11,TEN,HOU,DL,0,0,0,0,0,0,0,0,0,0,0,0
2025,11,TEN,HOU,LB,0,0,0,0,0,0,0,0,0,0,0,0
2025,11,TEN,HOU,OL,0,0,0,0,0,0,0,0,0,0,0,0
2025,11,TEN,HOU,QB,41,26,274,1,0,2,14,0,0,0,0,0
2025,11,TEN,HOU,RB,0,0,0,0,0,21,61,0,4,2,16,0
2025,11,TEN,HOU,SPEC,0,0,0,0,0,0,0,0,0,0,0,0
2025,11,TEN,HOU,TE,0,0,0,0,0,0,0,0,9,6,51,0
2025,11,TEN,HOU,WR,0,0,0,0,0,0,0,0,27,18,207,1
2025,11,WAS,MIA,ALL,20,14,171,0,0,31,169,1,20,14,171,0
2025,11,WAS,MIA,DB,0,0,0,0,0,0,0,0,0,0,0,0
2025,11,WAS,MIA,DL,0,0,0,0,0,0,0,0,0,0,0,0
2025,11,WAS,MIA,LB,0,0,0,0,0,0,0,0,0,0,0,0
2025,11,WAS,MIA,QB,20,14,171,0,0,0,0,0,0,0,0,0
2025,11,WAS,MIA,RB,0,0,0,0,0,31,169,1,5,5,45,0
2025,11,WAS,MIA,SPEC,0,0,0,0,0,0,0,0,0,0,0,0
2025,11,WAS,MIA,TE,0,0,0,0,0,0,0,0,5,3,32,0
2025,11,WAS,MIA,WR,0,0,0,0,0,0,0,0,10,6,94,0
2025,12,ARI,JAX,ALL,30,18,256,3,0,28,134,0,30,18,256,3
2025,12,ARI,JAX,DB,0,0,0,0,0,0,0,0,0,0,0,0
2025,12,ARI,JAX,DL,0,0,0,0,0,0,0,0,0,0,0,0
2025,12,ARI,JAX,LB,0,0,0,0,0,0,0,0,0,0,0,0
2025,12,ARI,JAX,OL,0,0,0,0,0,0,0,0,0,0,0,0
2025,12,ARI,JAX,QB,30,18,256,3,0,5,29,0,0,0,0,0
2025,12,ARI,JAX,RB,0,0,0,0,0,23,105,0,5,3,30,1
2025,12,ARI,JAX,SPEC,0,0,0,0,0,0,0,0,0,0,0,0
2025,12,ARI,JAX,TE,0,0,0,0,0,0,0,0,7,6,105,0
2025,12,ARI,JAX,WR,0,0,0,0,0,0,0,0,18,9,121,2
2025,12,ATL,NO,ALL,45,30,243,0,0,28,79,0,43,30,243,0
2025,12,ATL,NO,DB,0,0,0,0,0,0,0,0,0,0,0,0
2025,12,ATL,NO,DL,0,0,0,0,0,0,0,0,0,0,0,0
2025,12,ATL,NO,LB,0,0,0,0,0,0,0,0,0,0,0,0
2025,12,ATL,NO,OL,0,0,0,0,0,0,0,0,0,0,0,0
2025,12,ATL,NO,QB,43,30,243,0,0,7,22,0,0,0,0,0
2025,12,ATL,NO,RB,0,0,0,0,0,10,29,0,9,7,47,0
2025,12,ATL,NO,SPEC,0,0,0,0,0,0,0,0,0,0,0,0
2025,12,ATL,NO,TE,2,0,0,0,0,10,17,0,9,7,53,0
2025,12,ATL,NO,WR,0,0,0,0,0,1,11,0,25,16,143,0
2025,12,BAL,NYJ,ALL,28,17,222,1,0,26,78,0,27,17,222,1
2025,12,BAL,NYJ,DB,0,0,0,0,0,0,0,0,0,0,0,0
2025,12,BAL,NYJ,DL,0,0,0,0,0,0,0,0,0,0,0,0
2025,12,BAL,NYJ,LB,0,0,0,0,0,0,0,0,0,0,0,0
2025,12,BAL,NYJ,OL,0,0,0,0,0,0,0,0,0,0,0,0
2025,12,BAL,NYJ,QB,28,17,222,1,0,5,19,0,0,0,0,0
2025,12,BAL,NYJ,RB,0,0,0,0,0,20,51,0,5,5,85,0
2025,12,BAL,NYJ,SPEC,0,0,0,0,0,0,0,0,0,0,0,0
2025,12,BAL,NYJ,TE,0,0,0,0,0,0,0,0,5,3,21,0
2025,12,BAL,NYJ,WR,0,0,0,0,0,1,8,0,17,9,116,1
2025,12,BUF,HOU,ALL,30,16,153,2,0,26,108,0,28,16,153,2
2025,12,BUF,HOU,DB,0,0,0,0,0,0,0,0,0,0,0,0
2025,12,BUF,HOU,DL,0,0,0,0,0,0,0,0,0,0,0,0
2025,12,BUF,HOU,LB,0,0,0,0,0,0,0,0,0,0,0,0
2025,12,BUF,HOU,OL,0,0,0,0,0,0,0,0,0,0,0,0
2025,12,BUF,HOU,OTHER,0,0,0,0,0,0,0,0,0,0,0,0
2025,12,BUF,HOU,QB,30,16,153,2,0,2,4,0,0,0,0,0
2025,12,BUF,HOU,RB,0,0,0,0,0,22,90,0,2,2,-6,0
2025,12,BUF,HOU,SPEC,0,0,0,0,0,0,0,0,0,0,0,0
2025,12,BUF,HOU,TE,0,0,0,0,0,0,0,0,6,1,8,0
2025,12,BUF,HOU,WR,0,0,0,0,0,2,14,0,20,13,151,2
2025,12,CAR,SF,ALL,32,23,193,1,0,38,147,1,32,23,193,1
2025,12,CAR,SF,DB,0,0,0,0,0,0,0,0,0,0,0,0
2025,12,CAR,SF,DL,0,0,0,0,0,0,0,0,0,0,0,0
2025,12,CAR,SF,LB,0,0,0,0,0,0,0,0,0,0,0,0
2025,12,CAR,SF,OL,0,0,0,0,0,0,0,0,0,0,0,0
2025,12,CAR,SF,QB,32,23,193,1,0,6,16,0,0,0,0,0
2025,12,CAR,SF,RB,0,0,0,0,0,31,129,1,9,8,57,0
2025,12,CAR,SF,SPEC,0,0,0,0,0,0,0,0,0,0,0,0
2025,12,CAR,SF,TE,0,0,0,0,0,0,0,0,11,7,81,0
2025,12,CAR,SF,WR,0,0,0,0,0,1,2,0,12,8,55,1
2025,12,CHI,PIT,ALL,31,24,171,1,0,36,186,2,31,24,171,1
2025,12,CHI,PIT,DB,0,0,0,0,0,0,0,0,0,0,0,0
2025,12,CHI,PIT,DL,0,0,0,0,0,0,0,0,0,0,0,0
2025,12,CHI,PIT,LB,0,0,0,0,0,0,0,0,0,0,0,0
2025,12,CHI,PIT,QB,31,24,171,1,0,3,7,0,0,0,0,0
2025,12,CHI,PIT,RB,0,0,0,0,0,29,160,1,6,6,30,0
2025,12,CHI,PIT,SPEC,0,0,0,0,0,0,0,0,0,0,0,0
2025,12,CHI,PIT,TE,0,0,0,0,0,2,7,0,8,8,62,1
2025,12,CHI,PIT,WR,0,0,0,0,0,2,12,1,17,10,79,0
2025,12,CIN,NE,ALL,35,22,294,1,0,31,107,0,33,22,294,1
2025,12,CIN,NE,DB,0,0,0,0,0,0,0,0,0,0,0,0
2025,12,CIN,NE,DL,0,0,0,0,0,0,0,0,0,0,0,0
2025,12,CIN,NE,LB,0,0,0,0,0,0,0,0,0,0,0,0
2025,12,CIN,NE,OL,0,0,0,0,0,0,0,0,0,0,0,0
2025,12,CIN,NE,QB,35,22,294,1,0,5,22,0,0,0,0,0
2025,12,CIN,NE,RB,0,0,0,0,0,25,71,0,6,4,20,0
2025,12,CIN,NE,SPEC,0,0,0,0,0,0,0,0,0,0,0,0
2025,12,CIN,NE,TE,0,0,0,0,0,0,0,0,14,10,154,1
2025,12,CIN,NE,WR,0,0,0,0,0,1,14,0,13,8,120,0
2025,12,CLE,LV,ALL,44,30,285,1,0,21,60,0,42,30,285,1
2025,12,CLE,LV,DB,0,0,0,0,0,0,0,0,0,0,0,0
2025,12,CLE,LV,DL,0,0,0,0,0,0,0,0,0,0,0,0
2025,12,CLE,LV,LB,0,0,0,0,0,0,0,0,0,0,0,0
2025,12,CLE,LV,OL,0,0,0,0,0,0,0,0,0,0,0,0
2025,12,CLE,LV,QB,44,30,285,1,0,3,8,0,0,0,0,0
2025,12,CLE,LV,RB,0,0,0,0,0,18,52,0,11,11,76,1
2025,12,CLE,LV,SPEC,0,0,0,0,0,0,0,0,0,0,0,0
2025,12,CLE,LV,TE,0,0,0,0,0,0,0,0,14,11,105,0
2025,12,CLE,LV,WR,0,0,0,0,0,0,0,0,17,8,104,0
2025,12,DAL,PHI,ALL,39,27,289,1,0,18,63,2,36,27,289,1
2025,12,DAL,PHI,DB,0,0,0,0,0,0,0,0,0,0,0,0
2025,12,DAL,PHI,DL,0,0,0,0,0,0,0,0,0,0,0,0
2025,12,DAL,PHI,LB,0,0,0,0,0,0,0,0,0,0,0,0
2025,12,DAL,PHI,OL,0,0,0,0,0,0,0,0,0,0,0,0
2025,12,DAL,PHI,QB,39,27,289,1,0,7,33,2,0,0,0,0
2025,12,DAL,PHI,RB,0,0,0,0,0,11,30,0,8,7,52,0
2025,12,DAL,PHI,SPEC,0,0,0,0,0,0,0,0,0,0,0,0
2025,12,DAL,PHI,TE,0,0,0,0,0,0,0,0,3,3,28,0
2025,12,DAL,PHI,WR,0,0,0,0,0,0,0,0,25,17,209,1
2025,12,DET,NYG,ALL,37,19,399,3,0,39,122,0,34,19,399,3
2025,12,DET,NYG,DB,0,0,0,0,0,0,0,0,0,0,0,0
2025,12,DET,NYG,DL,0,0,0,0,0,0,0,0,0,0,0,0
2025,12,DET,NYG,LB,0,0,0,0,0,0,0,0,0,0,0,0
2025,12,DET,NYG,OL,0,0,0,0,0,0,0,0,0,0,0,0
2025,12,DET,NYG,QB,36,18,366,2,0,4,13,0,1,1,33,1
2025,12,DET,NYG,RB,0,0,0,0,0,34,109,0,4,3,68,0
2025,12,DET,NYG,SPEC,0,0,0,0,0,0,0,0,0,0,0,0
2025,12,DET,NYG,TE,0,0,0,0,0,0,0,0,7,3,77,0
2025,12,DET,NYG,WR,1,1,33,1,0,1,0,0,22,12,221,2
2025,12,GB,MIN,ALL,19,12,87,0,0,20,93,0,18,12,87,0
2025,12,GB,MIN,DB,0,0,0,0,0,0,0,0,0,0,0,0
2025,12,GB,MIN,DL,0,0,0,0,0,0,0,0,0,0,0,0
2025,12,GB,MIN,LB,0,0,0,0,0,0,0,0,0,0,0,0
2025,12,GB,MIN,OL,0,0,0,0,0,0,0,0,0,0,0,0
2025,12,GB,MIN,QB,19,12,87,0,0,2,10,0,0,0,0,0
2025,12,GB,MIN,RB,0,0,0,0,0,17,83,0,4,3,16,0
2025,12,GB,MIN,SPEC,0,0,0,0,0,0,0,0,0,0,0,0
2025,12,GB,MIN,TE,0,0,0,0,0,1,0,0,5,5,23,0
2025,12,GB,MIN,WR,0,0,0,0,0,0,0,0,9,4,48,0
2025,12,HOU,BUF,ALL,34,24,253,0,0,24,143,1,32,24,253,0
2025,12,HOU,BUF,DB,0,0,0,0,0,0,0,0,0,0,0,0
2025,12,HOU,BUF,DL,0,0,0,0,0,0,0,0,0,0,0,0
2025,12,HOU,BUF,LB,0,0,0,0,0,0,0,0,0,0,0,0
2025,12,HOU,BUF,OL,0,0,0,0,0,0,0,0,0,0,0,0
2025,12,HOU,BUF,QB,34,24,253,0,0,5,20,0,0,0,0,0
2025,12,HOU,BUF,RB,0,0,0,0,0,19,123,1,7,7,60,0
2025,12,HOU,BUF,SPEC,0,0,0,0,0,0,0,0,0,0,0,0
2025,12,HOU,BUF,TE,0,0,0,0,0,0,0,0,6,5,43,0
2025,12,HOU,BUF,WR,0,0,0,0,0,0,0,0,19,12,150,0
2025,12,IND,KC,ALL,46,29,352,0,0,41,148,1,43,29,352,0
2025,12,IND,KC,DB,0,0,0,0,0,0,0,0,0,0,0,0
2025,12,IND,KC,DL,0,0,0,0,0,0,0,0,0,0,0,0
2025,12,IND,KC,LB,0,0,0,0,0,0,0,0,0,0,0,0
2025,12,IND,KC,OL,0,0,0,0,0,0,0,0,0,0,0,0
2025,12,IND,KC,QB,46,29,352,0,0,4,30,0,0,0,0,0
2025,12,IND,KC,RB,0,0,0,0,0,36,117,1,9,8,66,0
2025,12,IND,KC,SPEC,0,0,0,0,0,0,0,0,0,0,0,0
2025,12,IND,KC,TE,0,0,0,0,0,1,1,0,10,7,68,0
2025,12,IND,KC,WR,0,0,0,0,0,0,0,0,24,14,218,0
2025,12,JAX,ARI,ALL,50,34,315,1,0,20,55,1,46,34,315,1
2025,12,JAX,ARI,DB,0,0,0,0,0,0,0,0,0,0,0,0
2025,12,JAX,ARI,DL,0,0,0,0,0,0,0,0,0,0,0,0
2025,12,JAX,ARI,LB,0,0,0,0,0,0,0,0,0,0,0,0
2025,12,JAX,ARI,OL,0,0,0,0,0,0,0,0,0,0,0,0
2025,12,JAX,ARI,QB,50,34,315,1,0,3,20,0,0,0,0,0
2025,12,JAX,ARI,RB,0,0,0,0,0,15,40,1,8,7,50,0
2025,12,JAX,ARI,SPEC,0,0,0,0,0,0,0,0,0,0,0,0
2025,12,JAX,ARI,TE,0,0,0,0,0,0,0,0,11,10,85,0
2025,12,JAX,ARI,WR,0,0,0,0,0,2,-5,0,27,17,180,1
2025,12,KC,IND,ALL,31,19,181,2,0,19,74,0,31,19,181,2
2025,12,KC,IND,DB,0,0,0,0,0,0,0,0,0,0,0,0
2025,12,KC,IND,DL,0,0,0,0,0,0,0,0,0,0,0,0
2025,12,KC,IND,LB,0,0,0,0,0,0,0,0,0,0,0,0
2025,12,KC,IND,OL,0,0,0,0,0,0,0,0,0,0,0,0
2025,12,KC,IND,QB,31,19,181,2,0,3,16,0,0,0,0,0
2025,12,KC,IND,RB,0,0,0,0,0,16,58,0,4,2,8,0
2025,12,KC,IND,SPEC,0,0,0,0,0,0,0,0,0,0,0,0
2025,12,KC,IND,TE,0,0,0,0,0,0,0,0,10,8,62,1
2025,12,KC,IND,WR,0,0,0,0,0,0,0,0,17,9,111,1
2025,12,LA,TB,ALL,34,17,103,1,0,29,123,0,31,17,103,1
2025,12,LA,TB,DB,0,0,0,0,0,0,0,0,0,0,0,0
2025,12,LA,TB,DL,0,0,0,0,0,0,0,0,0,0,0,0
2025,12,LA,TB,LB,0,0,0,0,0,0,0,0,0,0,0,0
2025,12,LA,TB,OL,0,0,0,0,0,0,0,0,0,0,0,0
2025,12,LA,TB,QB,34,17,103,1,0,5,25,0,0,0,0,0
2025,12,LA,TB,RB,0,0,0,0,0,22,86,0,3,2,8,0
2025,12,LA,TB,SPEC,0,0,0,0,0,0,0,0,0,0,0,0
2025,12,LA,TB,TE,0,0,0,0,0,0,0,0,7,4,21,0
2025,12,LA,TB,WR,0,0,0,0,0,2,12,0,21,11,74,1
2025,12,LV,CLE,ALL,20,11,209,1,0,27,64,2,18,11,209,1
2025,12,LV,CLE,DB,0,0,0,0,0,0,0,0,0,0,0,0
2025,12,LV,CLE,DL,0,0,0,0,0,0,0,0,0,0,0,0
2025,12,LV,CLE,LB,0,0,0,0,0,0,0,0,0,0,0,0
2025,12,LV,CLE,OL,0,0,0,0,0,0,0,0,0,0,0,0
2025,12,LV,CLE,QB,20,11,209,1,0,1,-1,0,0,0,0,0
2025,12,LV,CLE,RB,0,0,0,0,0,24,67,2,3,2,59,1
2025,12,LV,CLE,SPEC,0,0,0,0,0,0,0,0,0,0,0,0
2025,12,LV,CLE,TE,0,0,0,0,0,1,4,0,6,4,40,0
2025,12,LV,CLE,WR,0,0,0,0,0,1,-6,0,9,5,110,0
2025,12,MIN,GB,ALL,22,15,146,0,0,42,146,2,21,15,146,0
2025,12,MIN,GB,DB,0,0,0,0,0,0,0,0,0,0,0,0
2025,12,MIN,GB,DL,0,0,0,0,0,0,0,0,0,0,0,0
2025,12,MIN,GB,LB,0,0,0,0,0,0,0,0,0,0,0,0
2025,12,MIN,GB,QB,22,15,146,0,0,5,18,0,0,0,0,0
2025,12,MIN,GB,RB,0,0,0,0,0,36,128,2,3,3,23,0
2025,12,MIN,GB,SPEC,0,0,0,0,0,0,0,0,0,0,0,0
2025,12,MIN,GB,TE,0,0,0,0,0,0,0,0,4,3,19,0
2025,12,MIN,GB,WR,0,0,0,0,0,1,0,0,14,9,104,0
2025,12,NE,CIN,ALL,38,20,197,1,0,23,120,0,34,20,197,1
2025,12,NE,CIN,DB,0,0,0,0,0,0,0,0,0,0,0,0
2025,12,NE,CIN,DL,0,0,0,0,0,0,0,0,0,0,0,0
2025,12,NE,CIN,LB,0,0,0,0,0,0,0,0,0,0,0,0
2025,12,NE,CIN,OL,0,0,0,0,0,0,0,0,0,0,0,0
2025,12,NE,CIN,QB,38,20,197,1,0,1,3,0,0,0,0,0
2025,12,NE,CIN,RB,0,0,0,0,0,21,112,0,5,2,23,0
2025,12,NE,CIN,SPEC,0,0,0,0,0,0,0,0,0,0,0,0
2025,12,NE,CIN,TE,0,0,0,0,0,0,0,0,9,7,53,0
2025,12,NE,CIN,WR,0,0,0,0,0,1,5,0,20,11,121,1
2025,12,NO,ATL,ALL,23,16,199,2,0,29,121,0,20,16,199,2
2025,12,NO,ATL,DB,0,0,0,0,0,0,0,0,0,0,0,0
2025,12,NO,ATL,DL,0,0,0,0,0,0,0,0,0,0,0,0
2025,12,NO,ATL,LB,0,0,0,0,0,0,0,0,0,0,0,0
2025,12,NO,ATL,OL,0,0,0,0,0,0,0,0,0,0,0,0
2025,12,NO,ATL,QB,23,16,199,2,0,2,5,0,0,0,0,0
2025,12,NO,ATL,RB,0,0,0,0,0,26,114,0,3,3,42,0
2025,12,NO,ATL,SPEC,0,0,0,0,0,0,0,0,0,0,0,0
2025,12,NO,ATL,TE,0,0,0,0,0,1,2,0,8,5,49,0
2025,12,NO,ATL,WR,0,0,0,0,0,0,0,0,9,8,108,2
2025,12,NYG,DET,ALL,42,28,279,2,0,20,237,2,38,28,279,2
2025,12,NYG,DET,DB,0,0,0,0,0,0,0,0,0,0,0,0
2025,12,NYG,DET,DL,0,0,0,0,0,0,0,0,0,0,0,0
2025,12,NYG,DET,LB,0,0,0,0,0,0,0,0,0,0,0,0
2025,12,NYG,DET,OL,0,0,0,0,0,0,0,0,0,0,0,0
2025,12,NYG,DET,QB,42,28,279,2,0,0,0,0,0,0,0,0
2025,12,NYG,DET,RB,0,0,0,0,0,20,237,2,15,14,64,1
2025,12,NYG,DET,SPEC,0,0,0,0,0,0,0,0,0,0,0,0
2025,12,NYG,DET,TE,0,0,0,0,0,0,0,0,4,3,29,0
2025,12,NYG,DET,WR,0,0,0,0,0,0,0,0,19,11,186,1
2025,12,NYJ,BAL,ALL,23,13,153,0,0,34,98,2,20,13,153,0
2025,12,NYJ,BAL,DB,0,0,0,0,0,0,0,0,0,0,0,0
2025,12,NYJ,BAL,DL,0,0,0,0,0,0,0,0,0,0,0,0
2025,12,NYJ,BAL,LB,0,0,0,0,0,0,0,0,0,0,0,0
2025,12,NYJ,BAL,OL,0,0,0,0,0,0,0,0,0,0,0,0
2025,12,NYJ,BAL,QB,23,13,153,0,0,7,11,0,0,0,0,0
2025,12,NYJ,BAL,RB,0,0,0,0,0,23,74,2,3,3,33,0
2025,12,NYJ,BAL,SPEC,0,0,0,0,0,0,0,0,0,0,0,0
2025,12,NYJ,BAL,TE,0,0,0,0,0,2,2,0,6,2,19,0
2025,12,NYJ,BAL,WR,0,0,0,0,0,2,11,0,11,8,101,0
2025,12,PHI,DAL,ALL,36,23,354,2,0,31,125,1,35,23,354,2
2025,12,PHI,DAL,DB,0,0,0,0,0,0,0,0,0,0,0,0
2025,12,PHI,DAL,DL,0,0,0,0,0,0,0,0,0,0,0,0
2025,12,PHI,DAL,LB,0,0,0,0,0,0,0,0,0,0,0,0
2025,12,PHI,DAL,OL,0,0,0,0,0,0,0,0,0,0,0,0
2025,12,PHI,DAL,QB,36,23,354,2,0,5,9,1,0,0,0,0
2025,12,PHI,DAL,RB,0,0,0,0,0,23,111,0,4,3,21,0
2025,12,PHI,DAL,SPEC,0,0,0,0,0,0,0,0,0,0,0,0
2025,12,PHI,DAL,TE,0,0,0,0,0,1,1,0,8,6,64,1
2025,12,PHI,DAL,WR,0,0,0,0,0,2,4,0,23,14,269,1
2025,12,PIT,CHI,ALL,35,19,239,3,0,25,99,1,30,19,239,3
2025,12,PIT,CHI,DB,0,0,0,0,0,0,0,0,0,0,0,0
2025,12,PIT,CHI,DL,0,0,0,0,0,0,0,0,0,0,0,0
2025,12,PIT,CHI,LB,0,0,0,0,0,0,0,0,0,0,0,0
2025,12,PIT,CHI,OL,0,0,0,0,0,0,0,0,0,0,0,0
2025,12,PIT,CHI,QB,35,19,239,3,0,4,21,0,0,0,0,0
2025,12,PIT,CHI,RB,0,0,0,0,0,20,63,1,1,1,14,0
2025,12,PIT,CHI,SPEC,0,0,0,0,0,0,0,0,0,0,0,0
2025,12,PIT,CHI,TE,0,0,0,0,0,0,0,0,7,6,56,1
2025,12,PIT,CHI,WR,0,0,0,0,0,1,15,0,22,12,169,2
2025,12,SEA,TEN,ALL,42,28,256,1,0,22,64,1,38,28,256,1
2025,12,SEA,TEN,DB,0,0,0,0,0,0,0,0,0,0,0,0
2025,12,SEA,TEN,DL,0,0,0,0,0,0,0,0,0,0,0,0
2025,12,SEA,TEN,LB,0,0,0,0,0,0,0,0,0,0,0,0
2025,12,SEA,TEN,OL,0,0,0,0,0,0,0,0,0,0,0,0
2025,12,SEA,TEN,QB,42,28,256,1,0,6,37,1,0,0,0,0
2025,12,SEA,TEN,RB,0,0,0,0,0,16,27,0,10,8,42,0
2025,12,SEA,TEN,SPEC,0,0,0,0,0,0,0,0,0,0,0,0
2025,12,SEA,TEN,TE,0,0,0,0,0,0,0,0,11,9,91,0
2025,12,SEA,TEN,WR,0,0,0,0,0,0,0,0,17,11,123,1
2025,12,SF,CAR,ALL,29,18,169,1,0,13,69,0,27,18,169,1
2025,12,SF,CAR,DB,0,0,0,0,0,0,0,0,0,0,0,0
2025,12,SF,CAR,DL,0,0,0,0,0,0,0,0,0,0,0,0
2025,12,SF,CAR,LB,0,0,0,0,0,0,0,0,0,0,0,0
2025,12,SF,CAR,OL,0,0,0,0,0,0,0,0,0,0,0,0
2025,12,SF,CAR,QB,29,18,169,1,0,4,15,0,0,0,0,0
2025,12,SF,CAR,RB,0,0,0,0,0,9,54,0,8,8,63,0
2025,12,SF,CAR,SPEC,0,0,0,0,0,0,0,0,0,0,0,0
2025,12,SF,CAR,TE,0,0,0,0,0,0,0,0,2,1,6,0
2025,12,SF,CAR,WR,0,0,0,0,0,0,0,0,17,9,100,1
2025,12,TB,LA,ALL,35,25,273,3,0,19,70,0,34,25,273,3
2025,12,TB,LA,DB,0,0,0,0,0,0,0,0,0,0,0,0
2025,12,TB,LA,DL,0,0,0,0,0,0,0,0,0,0,0,0
2025,12,TB,LA,LB,0,0,0,0,0,0,0,0,0,0,0,0
2025,12,TB,LA,OL,0,0,0,0,0,0,0,0,0,0,0,0
2025,12,TB,LA,QB,35,25,273,3,0,0,0,0,0,0,0,0
2025,12,TB,LA,RB,0,0,0,0,0,19,70,0,1,1,2,0
2025,12,TB,LA,SPEC,0,0,0,0,0,0,0,0,0,0,0,0
2025,12,TB,LA,TE,0,0,0,0,0,0,0,0,9,7,70,1
2025,12,TB,LA,WR,0,0,0,0,0,0,0,0,24,17,201,2
2025,12,TEN,SEA,ALL,26,16,244,2,0,20,114,1,25,16,244,2
2025,12,TEN,SEA,DB,0,0,0,0,0,0,0,0,0,0,0,0
2025,12,TEN,SEA,DL,0,0,0,0,0,0,0,0,0,0,0,0
2025,12,TEN,SEA,LB,0,0,0,0,0,0,0,0,0,0,0,0
2025,12,TEN,SEA,OL,0,0,0,0,0,0,0,0,0,0,0,0
2025,12,TEN,SEA,QB,26,16,244,2,0,1,-1,0,0,0,0,0
2025,12,TEN,SEA,RB,0,0,0,0,0,17,106,1,4,3,30,0
2025,12,TEN,SEA,SPEC,0,0,0,0,0,0,0,0,0,0,0,0
2025,12,TEN,SEA,TE,0,0,0,0,0,0,0,0,5,3,23,0
2025,12,TEN,SEA,WR,0,0,0,0,0,2,9,0,16,10,191,2
2025,13,ARI,TB,ALL,28,18,194,1,0,27,95,1,26,18,194,1
2025,13,ARI,TB,DB,0,0,0,0,0,0,0,0,0,0,0,0
2025,13,ARI,TB,DL,0,0,0,0,0,0,0,0,0,0,0,0
2025,13,ARI,TB,LB,0,0,0,0,0,0,0,0,0,0,0,0
2025,13,ARI,TB,OL,0,0,0,0,0,0,0,0,1,1,2,1
2025,13,ARI,TB,QB,28,18,194,1,0,6,27,0,0,0,0,0
2025,13,ARI,TB,RB,0,0,0,0,0,21,68,1,5,5,42,0
2025,13,ARI,TB,SPEC,0,0,0,0,0,0,0,0,0,0,0,0
2025,13,ARI,TB,TE,0,0,0,0,0,0,0,0,3,3,20,0
2025,13,ARI,TB,WR,0,0,0,0,0,0,0,0,17,9,130,0
2025,13,ATL,NYJ,ALL,33,19,172,1,0,28,110,2,31,19,172,1
2025,13,ATL,NYJ,DB,0,0,0,0,0,0,0,0,0,0,0,0
2025,13,ATL,NYJ,DL,0,0,0,0,0,0,0,0,0,0,0,0
2025,13,ATL,NYJ,LB,0,0,0,0,0,0,0,0,0,0,0,0
2025,13,ATL,NYJ,OL,0,0,0,0,0,0,0,0,0,0,0,0
2025,13,ATL,NYJ,QB,33,19,172,1,0,8,44,1,0,0,0,0
2025,13,ATL,NYJ,RB,0,0,0,0,0,19,68,1,3,2,8,0
2025,13,ATL,NYJ,SPEC,0,0,0,0,0,0,0,0,0,0,0,0
2025,13,ATL,NYJ,TE,0,0,0,0,0,0,0,0,6,4,33,0
2025,13,ATL,NYJ,WR,0,0,0,0,0,1,-2,0,22,13,131,1
2025,13,BAL,CIN,ALL,46,24,261,2,0,33,128,0,44,24,261,2
2025,13,BAL,CIN,DB,0,0,0,0,0,0,0,0,0,0,0,0
2025,13,BAL,CIN,DL,0,0,0,0,0,0,0,0,0,0,0,0
2025,13,BAL,CIN,LB,0,0,0,0,0,0,0,0,0,0,0,0
2025,13,BAL,CIN,OL,0,0,0,0,0,0,0,0,0,0,0,0
2025,13,BAL,CIN,QB,46,24,261,2,0,3,8,0,0,0,0,0
2025,13,BAL,CIN,RB,0,0,0,0,0,29,117,0,9,9,50,0
2025,13,BAL,CIN,SPEC,0,0,0,0,0,0,0,0,0,0,0,0
2025,13,BAL,CIN,TE,0,0,0,0,0,1,3,0,10,5,50,1
2025,13,BAL,CIN,WR,0,0,0,0,0,0,0,0,25,10,161,1
2025,13,BUF,PIT,ALL,24,10,117,0,0,18,58,1,22,10,117,0
2025,13,BUF,PIT,DB,0,0,0,0,0,0,0,0,0,0,0,0
2025,13,BUF,PIT,DL,0,0,0,0,0,0,0,0,0,0,0,0
2025,13,BUF,PIT,LB,0,0,0,0,0,0,0,0,0,0,0,0
2025,13,BUF,PIT,OL,0,0,0,0,0,0,0,0,0,0,0,0
2025,13,BUF,PIT,QB,24,10,117,0,0,1,0,0,0,0,0,0
2025,13,BUF,PIT,RB,0,0,0,0,0,17,58,1,7,4,34,0
2025,13,BUF,PIT,SPEC,0,0,0,0,0,0,0,0,0,0,0,0
2025,13,BUF,PIT,TE,0,0,0,0,0,0,0,0,6,3,51,0
2025,13,BUF,PIT,WR,0,0,0,0,0,0,0,0,9,3,32,0
2025,13,CAR,LA,ALL,28,18,243,2,0,21,152,2,27,18,243,2
2025,13,CAR,LA,DB,0,0,0,0,0,0,0,0,0,0,0,0
2025,13,CAR,LA,DL,0,0,0,0,0,0,0,0,0,0,0,0
2025,13,CAR,LA,LB,0,0,0,0,0,0,0,0,0,0,0,0
2025,13,CAR,LA,QB,28,18,243,2,0,1,-1,0,0,0,0,0
2025,13,CAR,LA,RB,0,0,0,0,0,20,153,2,1,0,0,0
2025,13,CAR,LA,SPEC,0,0,0,0,0,0,0,0,0,0,0,0
2025,13,CAR,LA,TE,0,0,0,0,0,0,0,0,8,5,31,0
2025,13,CAR,LA,WR,0,0,0,0,0,0,0,0,18,13,212,2
2025,13,CHI,PHI,ALL,34,19,230,2,0,17,87,0,30,19,230,2
2025,13,CHI,PHI,DB,0,0,0,0,0,0,0,0,0,0,0,0
2025,13,CHI,PHI,DL,0,0,0,0,0,0,0,0,0,0,0,0
2025,13,CHI,PHI,LB,0,0,0,0,0,0,0,0,0,0,0,0
2025,13,CHI,PHI,OL,0,0,0,0,0,0,0,0,0,0,0,0
2025,13,CHI,PHI,QB,34,19,230,2,0,4,31,0,0,0,0,0
2025,13,CHI,PHI,RB,0,0,0,0,0,13,56,0,3,1,11,0
2025,13,CHI,PHI,SPEC,0,0,0,0,0,0,0,0,0,0,0,0
2025,13,CHI,PHI,TE,0,0,0,0,0,0,0,0,4,2,27,0
2025,13,CHI,PHI,WR,0,0,0,0,0,0,0,0,23,16,192,2
2025,13,CIN,BAL,ALL,32,17,246,0,0,22,123,2,30,17,246,0
2025,13,CIN,BAL,DB,0,0,0,0,0,0,0,0,0,0,0,0
2025,13,CIN,BAL,DL,0,0,0,0,0,0,0,0,0,0,0,0
2025,13,CIN,BAL,LB,0,0,0,0,0,0,0,0,0,0,0,0
2025,13,CIN,BAL,OL,0,0,0,0,0,0,0,0,0,0,0,0
2025,13,CIN,BAL,QB,32,17,246,0,0,6,27,0,0,0,0,0
2025,13,CIN,BAL,RB,0,0,0,0,0,16,96,2,4,3,56,0
2025,13,CIN,BAL,SPEC,0,0,0,0,0,0,0,0,0,0,0,0
2025,13,CIN,BAL,TE,0,0,0,0,0,0,0,0,13,10,159,0
2025,13,CIN,BAL,WR,0,0,0,0,0,0,0,0,13,4,31,0
2025,13,CLE,SF,ALL,30,16,168,1,0,33,91,2,23,16,168,1
2025,13,CLE,SF,DB,0,0,0,0,0,0,0,0,0,0,0,0
2025,13,CLE,SF,DL,0,0,0,0,0,0,0,0,0,0,0,0
2025,13,CLE,SF,LB,0,0,0,0,0,0,0,0,0,0,0,0
2025,13,CLE,SF,OL,0,0,0,0,0,0,0,0,0,0,0,0
2025,13,CLE,SF,QB,29,16,168,1,0,4,6,1,0,0,0,0
2025,13,CLE,SF,RB,1,0,0,0,0,28,79,1,6,6,48,0
2025,13,CLE,SF,SPEC,0,0,0,0,0,0,0,0,0,0,0,0
2025,13,CLE,SF,TE,0,0,0,0,0,0,0,0,6,4,67,0
2025,13,CLE,SF,WR,0,0,0,0,0,1,6,0,11,6,53,1
2025,13,DAL,KC,ALL,34,23,261,4,0,23,119,0,32,23,261,4
2025,13,DAL,KC,DB,0,0,0,0,0,0,0,0,0,0,0,0
2025,13,DAL,KC,DL,0,0,0,0,0,0,0,0,0,0,0,0
2025,13,DAL,KC,LB,0,0,0,0,0,0,0,0,0,0,0,0
2025,13,DAL,KC,OL,0,0,0,0,0,0,0,0,0,0,0,0
2025,13,DAL,KC,QB,34,23,261,4,0,3,30,0,0,0,0,0
2025,13,DAL,KC,RB,0,0,0,0,0,17,74,0,4,3,39,0
2025,13,DAL,KC,SPEC,0,0,0,0,0,0,0,0,0,0,0,0
2025,13,DAL,KC,TE,0,0,0,0,0,0,0,0,7,6,49,1
2025,13,DAL,KC,WR,0,0,0,0,0,3,15,0,21,14,173,3
2025,13,DEN,WAS,ALL,50,28,294,2,0,33,143,1,45,28,294,2
2025,13,DEN,WAS,DB,0,0,0,0,0,0,0,0,0,0,0,0
2025,13,DEN,WAS,DL,0,0,0,0,0,0,0,0,0,0,0,0
2025,13,DEN,WAS,LB,0,0,0,0,0,0,0,0,0,0,0,0
2025,13,DEN,WAS,OL,0,0,0,0,0,0,0,0,0,0,0,0
2025,13,DEN,WAS,QB,50,28,294,2,0,10,55,0,0,0,0,0
2025,13,DEN,WAS,RB,0,0,0,0,0,21,91,1,3,2,0,0
2025,13,DEN,WAS,SPEC,0,0,0,0,0,0,0,0,0,0,0,0
2025,13,DEN,WAS,TE,0,0,0,0,0,0,0,0,16,13,129,0
2025,13,DEN,WAS,WR,0,0,0,0,0,2,-3,0,26,13,165,2
2025,13,DET,GB,ALL,30,18,234,4,0,30,125,0,29,18,234,4
2025,13,DET,GB,DB,0,0,0,0,0,0,0,0,0,0,0,0
2025,13,DET,GB,DL,0,0,0,0,0,0,0,0,0,0,0,0
2025,13,DET,GB,LB,0,0,0,0,0,0,0,0,0,0,0,0
2025,13,DET,GB,OL,0,0,0,0,0,0,0,0,0,0,0,0
2025,13,DET,GB,OTHER,0,0,0,0,0,0,0,0,0,0,0,0
2025,13,DET,GB,QB,30,18,234,4,0,5,4,0,0,0,0,0
2025,13,DET,GB,RB,0,0,0,0,0,21,97,0,3,3,17,0
2025,13,DET,GB,SPEC,0,0,0,0,0,0,0,0,0,0,0,0
2025,13,DET,GB,TE,0,0,0,0,0,0,0,0,3,1,23,0
2025,13,DET,GB,WR,0,0,0,0,0,4,24,0,23,14,194,4
2025,13,GB,DET,ALL,27,20,256,2,0,30,119,1,27,20,256,2
2025,13,GB,DET,DB,0,0,0,0,0,0,0,0,0,0,0,0
2025,13,GB,DET,DL,0,0,0,0,0,0,0,0,0,0,0,0
2025,13,GB,DET,LB,0,0,0,0,0,0,0,0,0,0,0,0
2025,13,GB,DET,QB,26,20,256,2,0,1,24,0,0,0,0,0
2025,13,GB,DET,RB,1,0,0,0,0,28,100,1,6,5,34,0
2025,13,GB,DET,SPEC,0,0,0,0,0,0,0,0,0,0,0,0
2025,13,GB,DET,TE,0,0,0,0,0,0,0,0,4,2,7,0
2025,13,GB,DET,WR,0,0,0,0,0,1,-5,0,17,13,215,2
2025,13,HOU,IND,ALL,27,14,201,2,0,23,86,0,25,14,201,2
2025,13,HOU,IND,DB,0,0,0,0,0,0,0,0,0,0,0,0
2025,13,HOU,IND,DL,0,0,0,0,0,0,0,0,0,0,0,0
2025,13,HOU,IND,LB,0,0,0,0,0,0,0,0,0,0,0,0
2025,13,HOU,IND,OL,0,0,0,0,0,0,0,0,0,0,0,0
2025,13,HOU,IND,QB,27,14,201,2,0,1,1,0,0,0,0,0
2025,13,HOU,IND,RB,0,0,0,0,0,21,85,0,5,3,36,0
2025,13,HOU,IND,SPEC,0,0,0,0,0,0,0,0,0,0,0,0
2025,13,HOU,IND,TE,0,0,0,0,0,1,0,0,5,4,30,1
2025,13,HOU,IND,WR,0,0,0,0,0,0,0,0,15,7,135,1
2025,13,IND,HOU,ALL,35,22,276,0,0,34,108,2,32,22,276,0
2025,13,IND,HOU,DB,0,0,0,0,0,0,0,0,0,0,0,0
2025,13,IND,HOU,DL,0,0,0,0,0,0,0,0,0,0,0,0
2025,13,IND,HOU,LB,0,0,0,0,0,0,0,0,0,0,0,0
2025,13,IND,HOU,OL,0,0,0,0,0,0,0,0,0,0,0,0
2025,13,IND,HOU,QB,35,22,276,0,0,1,0,0,0,0,0,0
2025,13,IND,HOU,RB,0,0,0,0,0,28,98,1,1,1,3,0
2025,13,IND,HOU,SPEC,0,0,0,0,0,0,0,0,0,0,0,0
2025,13,IND,HOU,TE,0,0,0,0,0,4,3,0,10,9,71,0
2025,13,IND,HOU,WR,0,0,0,0,0,1,7,1,21,12,202,0
2025,13,JAX,TEN,ALL,38,24,141,0,0,14,67,0,35,24,141,0
2025,13,JAX,TEN,DB,0,0,0,0,0,0,0,0,0,0,0,0
2025,13,JAX,TEN,DL,0,0,0,0,0,0,0,0,0,0,0,0
2025,13,JAX,TEN,LB,0,0,0,0,0,0,0,0,0,0,0,0
2025,13,JAX,TEN,OL,0,0,0,0,0,0,0,0,0,0,0,0
2025,13,JAX,TEN,QB,38,24,141,0,0,1,7,0,0,0,0,0
2025,13,JAX,TEN,RB,0,0,0,0,0,12,59,0,8,7,28,0
2025,13,JAX,TEN,SPEC,0,0,0,0,0,0,0,0,0,0,0,0
2025,13,JAX,TEN,TE,0,0,0,0,0,0,0,0,12,10,52,0
2025,13,JAX,TEN,WR,0,0,0,0,0,1,1,0,15,7,61,0
2025,13,KC,DAL,ALL,39,27,320,2,0,26,137,1,37,27,320,2
2025,13,KC,DAL,DB,0,0,0,0,0,0,0,0,0,0,0,0
2025,13,KC,DAL,DL,0,0,0,0,0,0,0,0,0,0,0,0
2025,13,KC,DAL,LB,0,0,0,0,0,0,0,0,0,0,0,0
2025,13,KC,DAL,OL,0,0,0,0,0,0,0,0,0,0,0,0
2025,13,KC,DAL,QB,39,27,320,2,0,3,-2,0,0,0,0,0
2025,13,KC,DAL,RB,0,0,0,0,0,20,106,1,3,3,21,1
2025,13,KC,DAL,SPEC,0,0,0,0,0,0,0,0,0,0,0,0
2025,13,KC,DAL,TE,0,0,0,0,0,0,0,0,7,6,37,0
2025,13,KC,DAL,WR,0,0,0,0,0,3,33,0,27,18,262,1
2025,13,LA,CAR,ALL,20,15,206,3,0,40,164,0,20,15,206,3
2025,13,LA,CAR,DB,0,0,0,0,0,0,0,0,0,0,0,0
2025,13,LA,CAR,DL,0,0,0,0,0,0,0,0,0,0,0,0
2025,13,LA,CAR,LB,0,0,0,0,0,0,0,0,0,0,0,0
2025,13,LA,CAR,QB,20,15,206,3,0,5,23,0,0,0,0,0
2025,13,LA,CAR,RB,0,0,0,0,0,35,141,0,5,5,66,1
2025,13,LA,CAR,SPEC,0,0,0,0,0,0,0,0,0,0,0,0
2025,13,LA,CAR,TE,0,0,0,0,0,0,0,0,5,4,22,0
2025,13,LA,CAR,WR,0,0,0,0,0,0,0,0,10,6,118,2
2025,13,LAC,LV,ALL,23,18,165,2,0,18,31,0,22,18,165,2
2025,13,LAC,LV,DB,0,0,0,0,0,0,0,0,0,0,0,0
2025,13,LAC,LV,DL,0,0,0,0,0,0,0,0,0,0,0,0
2025,13,LAC,LV,LB,0,0,0,0,0,0,0,0,0,0,0,0
2025,13,LAC,LV,QB,23,18,165,2,0,2,-6,0,0,0,0,0
2025,13,LAC,LV,RB,0,0,0,0,0,16,37,0,8,6,30,0
2025,13,LAC,LV,SPEC,0,0,0,0,0,0,0,0,0,0,0,0
2025,13,LAC,LV,TE,0,0,0,0,0,0,0,0,5,5,71,2
2025,13,LAC,LV,WR,0,0,0,0,0,0,0,0,9,7,64,0
2025,13,LV,LAC,ALL,21,16,160,2,0,43,192,2,21,16,160,2
2025,13,LV,LAC,DB,0,0,0,0,0,0,0,0,0,0,0,0
2025,13,LV,LAC,DL,0,0,0,0,0,0,0,0,0,0,0,0
2025,13,LV,LAC,LB,0,0,0,0,0,0,0,0,0,0,0,0
2025,13,LV,LAC,OL,0,0,0,0,0,0,0,0,0,0,0,0
2025,13,LV,LAC,QB,21,16,160,2,0,7,12,0,0,0,0,0
2025,13,LV,LAC,RB,0,0,0,0,0,36,180,2,1,1,11,0
2025,13,LV,LAC,SPEC,0,0,0,0,0,0,0,0,0,0,0,0
2025,13,LV,LAC,TE,0,0,0,0,0,0,0,0,2,1,27,0
2025,13,LV,LAC,WR,0,0,0,0,0,0,0,0,18,14,122,2
2025,13,MIA,NO,ALL,38,26,239,2,0,27,81,0,34,26,239,2
2025,13,MIA,NO,DB,0,0,0,0,0,0,0,0,0,0,0,0
2025,13,MIA,NO,DL,0,0,0,0,0,0,0,0,0,0,0,0
2025,13,MIA,NO,LB,0,0,0,0,0,0,0,0,0,0,0,0
2025,13,MIA,NO,OL,0,0,0,0,0,0,0,0,0,0,0,0
2025,13,MIA,NO,QB,38,26,239,2,0,6,18,0,0,0,0,0
2025,13,MIA,NO,RB,0,0,0,0,0,19,62,0,3,3,22,0
2025,13,MIA,NO,SPEC,0,0,0,0,0,0,0,0,0,0,0,0
2025,13,MIA,NO,TE,0,0,0,0,0,1,2,0,12,8,57,0
2025,13,MIA,NO,WR,0,0,0,0,0,1,-1,0,19,15,160,2
2025,13,MIN,SEA,ALL,26,14,128,0,0,32,125,1,23,14,128,0
2025,13,MIN,SEA,DB,0,0,0,0,0,0,0,0,0,0,0,0
2025,13,MIN,SEA,DL,0,0,0,0,0,0,0,0,0,0,0,0
2025,13,MIN,SEA,LB,0,0,0,0,0,0,0,0,0,0,0,0
2025,13,MIN,SEA,QB,26,14,128,0,0,0,0,0,0,0,0,0
2025,13,MIN,SEA,RB,0,0,0,0,0,30,114,1,4,3,18,0
2025,13,MIN,SEA,SPEC,0,0,0,0,0,0,0,0,0,0,0,0
2025,13,MIN,SEA,TE,0,0,0,0,0,1,2,0,7,4,35,0
2025,13,MIN,SEA,WR,0,0,0,0,0,1,9,0,12,7,75,0
2025,13,NE,NYG,ALL,24,17,139,1,0,27,111,1,24,17,139,1
2025,13,NE,NYG,DB,0,0,0,0,0,0,0,0,0,0,0,0
2025,13,NE,NYG,DL,0,0,0,0,0,0,0,0,0,0,0,0
2025,13,NE,NYG,LB,0,0,0,0,0,0,0,0,0,0,0,0
2025,13,NE,NYG,OL,0,0,0,0,0,0,0,0,0,0,0,0
2025,13,NE,NYG,QB,24,17,139,1,0,4,20,0,0,0,0,0
2025,13,NE,NYG,RB,0,0,0,0,0,22,104,1,4,4,31,0
2025,13,NE,NYG,SPEC,0,0,0,0,0,1,-13,0,0,0,0,0
2025,13,NE,NYG,TE,0,0,0,0,0,0,0,0,8,3,29,0
2025,13,NE,NYG,WR,0,0,0,0,0,0,0,0,12,10,79,1
2025,13,NO,MIA,ALL,23,12,157,0,0,32,164,1,20,12,157,0
2025,13,NO,MIA,DB,0,0,0,0,0,0,0,0,0,0,0,0
2025,13,NO,MIA,DL,0,0,0,0,0,0,0,0,0,0,0,0
2025,13,NO,MIA,LB,0,0,0,0,0,0,0,0,0,0,0,0
2025,13,NO,MIA,QB,23,12,157,0,0,4,4,0,0,0,0,0
2025,13,NO,MIA,RB,0,0,0,0,0,28,160,1,1,0,0,0
2025,13,NO,MIA,SPEC,0,0,0,0,0,0,0,0,0,0,0,0
2025,13,NO,MIA,TE,0,0,0,0,0,0,0,0,6,4,71,0
2025,13,NO,MIA,WR,0,0,0,0,0,0,0,0,13,8,86,0
2025,13,NYG,NE,ALL,31,24,282,2,0,29,119,0,30,24,282,2
2025,13,NYG,NE,DB,0,0,0,0,0,0,0,0,0,0,0,0
2025,13,NYG,NE,DL,0,0,0,0,0,0,0,0,0,0,0,0
2025,13,NYG,NE,LB,0,0,0,0,0,0,0,0,0,0,0,0
2025,13,NYG,NE,OL,0,0,0,0,0,0,0,0,0,0,0,0
2025,13,NYG,NE,QB,31,24,282,2,0,6,12,0,0,0,0,0
2025,13,NYG,NE,RB,0,0,0,0,0,23,107,0,7,6,59,0
2025,13,NYG,NE,SPEC,0,0,0,0,0,0,0,0,0,0,0,0
2025,13,NYG,NE,TE,0,0,0,0,0,0,0,0,6,4,73,0
2025,13,NYG,NE,WR,0,0,0,0,0,0,0,0,17,14,150,2
2025,13,NYJ,ATL,ALL,33,21,234,1,0,32,167,2,31,21,234,1
2025,13,NYJ,ATL,DB,0,0,0,0,0,0,0,0,0,0,0,0
2025,13,NYJ,ATL,DL,0,0,0,0,0,0,0,0,0,0,0,0
2025,13,NYJ,ATL,LB,0,0,0,0,0,0,0,0,0,0,0,0
2025,13,NYJ,ATL,QB,33,21,234,1,0,0,0,0,0,0,0,0
2025,13,NYJ,ATL,RB,0,0,0,0,0,31,162,2,9,7,86,0
2025,13,NYJ,ATL,SPEC,0,0,0,0,0,0,0,0,0,0,0,0
2025,13,NYJ,ATL,TE,0,0,0,0,0,0,0,0,8,7,82,0
2025,13,NYJ,ATL,WR,0,0,0,0,0,1,5,0,14,7,66,1
2025,13,PHI,CHI,ALL,36,17,154,1,0,47,281,2,32,17,154,1
2025,13,PHI,CHI,DB,0,0,0,0,0,0,0,0,0,0,0,0
2025,13,PHI,CHI,DL,0,0,0,0,0,0,0,0,0,0,0,0
2025,13,PHI,CHI,LB,0,0,0,0,0,0,0,0,0,0,0,0
2025,13,PHI,CHI,OL,0,0,0,0,0,0,0,0,0,0,0,0
2025,13,PHI,CHI,QB,36,17,154,1,0,5,13,0,0,0,0,0
2025,13,PHI,CHI,RB,0,0,0,0,0,40,255,2,3,1,13,0
2025,13,PHI,CHI,SPEC,0,0,0,0,0,0,0,0,0,0,0,0
2025,13,PHI,CHI,TE,0,0,0,0,0,0,0,0,9,6,64,1
2025,13,PHI,CHI,WR,0,0,0,0,0,2,13,0,20,10,77,0
2025,13,PIT,BUF,ALL,23,15,123,1,0,51,249,1,23,15,123,1
2025,13,PIT,BUF,DB,0,0,0,0,0,0,0,0,0,0,0,0
2025,13,PIT,BUF,DL,0,0,0,0,0,0,0,0,0,0,0,0
2025,13,PIT,BUF,LB,0,0,0,0,0,0,0,0,0,0,0,0
2025,13,PIT,BUF,OL,0,0,0,0,0,0,0,0,0,0,0,0
2025,13,PIT,BUF,QB,23,15,123,1,0,8,38,1,0,0,0,0
2025,13,PIT,BUF,RB,0,0,0,0,0,43,211,0,8,6,53,0
2025,13,PIT,BUF,SPEC,0,0,0,0,0,0,0,0,0,0,0,0
2025,13,PIT,BUF,TE,0,0,0,0,0,0,0,0,5,4,38,0
2025,13,PIT,BUF,WR,0,0,0,0,0,0,0,0,10,5,32,1
2025,13,SEA,MIN,ALL,30,19,126,0,0,16,66,0,29,19,126,0
2025,13,SEA,MIN,DB,0,0,0,0,0,0,0,0,0,0,0,0
2025,13,SEA,MIN,DL,0,0,0,0,0,0,0,0,0,0,0,0
2025,13,SEA,MIN,LB,0,0,0,0,0,0,0,0,0,0,0,0
2025,13,SEA,MIN,OL,0,0,0,0,0,0,0,0,0,0,0,0
2025,13,SEA,MIN,QB,30,19,126,0,0,1,-1,0,0,0,0,0
2025,13,SEA,MIN,RB,0,0,0,0,0,15,67,0,6,6,27,0
2025,13,SEA,MIN,SPEC,0,0,0,0,0,0,0,0,0,0,0,0
2025,13,SEA,MIN,TE,0,0,0,0,0,0,0,0,6,6,59,0
2025,13,SEA,MIN,WR,0,0,0,0,0,0,0,0,17,7,40,0
2025,13,SF,CLE,ALL,26,17,149,1,0,31,138,0,23,17,149,1
2025,13,SF,CLE,DB,0,0,0,0,0,0,0,0,0,0,0,0
2025,13,SF,CLE,DL,0,0,0,0,0,0,0,0,0,0,0,0
2025,13,SF,CLE,LB,0,0,0,0,0,0,0,0,0,0,0,0
2025,13,SF,CLE,OL,0,0,0,0,0,0,0,0,0,0,0,0
2025,13,SF,CLE,QB,26,17,149,1,0,1,6,0,0,0,0,0
2025,13,SF,CLE,RB,0,0,0,0,0,27,114,0,6,6,35,0
2025,13,SF,CLE,SPEC,0,0,0,0,0,0,0,0,0,0,0,0
2025,13,SF,CLE,TE,0,0,0,0,0,1,0,0,7,5,47,1
2025,13,SF,CLE,WR,0,0,0,0,0,2,18,0,10,6,67,0
2025,13,TB,ARI,ALL,40,29,301,2,0,19,95,0,37,29,301,2
2025,13,TB,ARI,DB,0,0,0,0,0,0,0,0,0,0,0,0
2025,13,TB,ARI,DL,0,0,0,0,0,0,0,0,0,0,0,0
2025,13,TB,ARI,LB,0,0,0,0,0,0,0,0,0,0,0,0
2025,13,TB,ARI,QB,40,29,301,2,0,3,16,0,0,0,0,0
2025,13,TB,ARI,RB,0,0,0,0,0,16,79,0,9,8,83,1
2025,13,TB,ARI,SPEC,0,0,0,0,0,0,0,0,0,0,0,0
2025,13,TB,ARI,TE,0,0,0,0,0,0,0,0,11,10,99,1
2025,13,TB,ARI,WR,0,0,0,0,0,0,0,0,17,11,119,0
2025,13,TEN,JAX,ALL,27,16,229,2,0,27,70,1,25,16,229,2
2025,13,TEN,JAX,DB,0,0,0,0,0,0,0,0,0,0,0,0
2025,13,TEN,JAX,DL,0,0,0,0,0,0,0,0,0,0,0,0
2025,13,TEN,JAX,LB,0,0,0,0,0,0,0,0,0,0,0,0
2025,13,TEN,JAX,OL,0,0,0,0,0,0,0,0,0,0,0,0
2025,13,TEN,JAX,QB,27,16,229,2,0,6,22,0,0,0,0,0
2025,13,TEN,JAX,RB,0,0,0,0,0,20,45,1,2,2,15,0
2025,13,TEN,JAX,SPEC,0,0,0,0,0,0,0,0,0,0,0,0
2025,13,TEN,JAX,TE,0,0,0,0,0,0,0,0,6,4,59,1
2025,13,TEN,JAX,WR,0,0,0,0,0,1,3,0,17,10,155,1
2025,13,WAS,DEN,ALL,45,29,321,1,0,23,87,2,43,29,321,1
2025,13,WAS,DEN,DB,0,0,0,0,0,0,0,0,0,0,0,0
2025,13,WAS,DEN,DL,0,0,0,0,0,0,0,0,0,0,0,0
2025,13,WAS,DEN,LB,0,0,0,0,0,0,0,0,0,0,0,0
2025,13,WAS,DEN,QB,45,29,321,1,0,2,16,0,0,0,0,0
2025,13,WAS,DEN,RB,0,0,0,0,0,20,62,2,11,8,62,0
2025,13,WAS,DEN,SPEC,0,0,0,0,0,0,0,0,0,0,0,0
2025,13,WAS,DEN,TE,0,0,0,0,0,0,0,0,13,9,126,0
2025,13,WAS,DEN,WR,0,0,0,0,0,1,9,0,19,12,133,1
2025,14,ARI,LA,ALL,31,22,281,3,0,36,249,3,31,22,281,3
2025,14,ARI,LA,DB,0,0,0,0,0,0,0,0,0,0,0,0
2025,14,ARI,LA,DL,0,0,0,0,0,0,0,0,0,0,0,0
2025,14,ARI,LA,LB,0,0,0,0,0,0,0,0,0,0,0,0
2025,14,ARI,LA,OL,0,0,0,0,0,0,0,0,0,0,0,0
2025,14,ARI,LA,QB,31,22,281,3,0,3,-4,0,0,0,0,0
2025,14,ARI,LA,RB,0,0,0,0,0,33,253,3,3,3,16,0
2025,14,ARI,LA,SPEC,0,0,0,0,0,0,0,0,0,0,0,0
2025,14,ARI,LA,TE,0,0,0,0,0,0,0,0,8,5,53,1
2025,14,ARI,LA,WR,0,0,0,0,0,0,0,0,20,14,212,2
2025,14,ATL,SEA,ALL,30,20,249,3,0,26,129,0,30,20,249,3
2025,14,ATL,SEA,DB,0,0,0,0,0,0,0,0,0,0,0,0
2025,14,ATL,SEA,DL,0,0,0,0,0,0,0,0,0,0,0,0
2025,14,ATL,SEA,LB,0,0,0,0,0,0,0,0,0,0,0,0
2025,14,ATL,SEA,OL,0,0,0,0,0,0,0,0,0,0,0,0
2025,14,ATL,SEA,QB,30,20,249,3,0,4,23,0,0,0,0,0
2025,14,ATL,SEA,RB,0,0,0,0,0,17,75,0,6,3,19,0
2025,14,ATL,SEA,SPEC,0,0,0,0,0,0,0,0,0,0,0,0
2025,14,ATL,SEA,TE,0,0,0,0,0,0,0,0,5,3,27,0
2025,14,ATL,SEA,WR,0,0,0,0,0,5,31,0,19,14,203,3
2025,14,BAL,PIT,ALL,34,23,284,1,0,17,34,2,33,23,284,1
2025,14,BAL,PIT,DB,0,0,0,0,0,0,0,0,0,0,0,0
2025,14,BAL,PIT,DL,0,0,0,0,0,0,0,0,0,0,0,0
2025,14,BAL,PIT,LB,0,0,0,0,0,0,0,0,0,0,0,0
2025,14,BAL,PIT,OL,0,0,0,0,0,0,0,0,0,0,0,0
2025,14,BAL,PIT,QB,34,23,284,1,0,2,0,1,1,1,-9,0
2025,14,BAL,PIT,RB,0,0,0,0,0,15,34,1,10,9,76,1
2025,14,BAL,PIT,SPEC,0,0,0,0,0,0,0,0,0,0,0,0
2025,14,BAL,PIT,TE,0,0,0,0,0,0,0,0,5,3,21,0
2025,14,BAL,PIT,WR,0,0,0,0,0,0,0,0,17,10,196,0
2025,14,BUF,CIN,ALL,36,25,284,4,0,19,62,1,36,25,284,4
2025,14,BUF,CIN,DB,0,0,0,0,0,0,0,0,0,0,0,0
2025,14,BUF,CIN,DL,0,0,0,0,0,0,0,0,0,0,0,0
2025,14,BUF,CIN,LB,0,0,0,0,0,0,0,0,0,0,0,0
2025,14,BUF,CIN,OL,0,0,0,0,0,0,0,0,0,0,0,0
2025,14,BUF,CIN,QB,36,25,284,4,0,0,0,0,0,0,0,0
2025,14,BUF,CIN,RB,0,0,0,0,0,18,54,1,5,4,19,1
2025,14,BUF,CIN,SPEC,0,0,0,0,0,0,0,0,0,0,0,0
2025,14,BUF,CIN,TE,0,0,0,0,0,0,0,0,9,8,112,1
2025,14,BUF,CIN,WR,0,0,0,0,0,1,8,0,22,13,153,2
2025,14,CHI,GB,ALL,25,17,234,3,0,26,117,1,23,17,234,3
2025,14,CHI,GB,DB,0,0,0,0,0,0,0,0,0,0,0,0
2025,14,CHI,GB,DL,0,0,0,0,0,0,0,0,0,0,0,0
2025,14,CHI,GB,LB,0,0,0,0,0,0,0,0,0,0,0,0
2025,14,CHI,GB,OL,0,0,0,0,0,0,0,0,0,0,0,0
2025,14,CHI,GB,QB,25,17,234,3,0,1,-1,0,0,0,0,0
2025,14,CHI,GB,RB,0,0,0,0,0,23,96,1,3,3,12,0
2025,14,CHI,GB,SPEC,0,0,0,0,0,0,0,0,0,0,0,0
2025,14,CHI,GB,TE,0,0,0,0,0,0,0,0,7,5,57,0
2025,14,CHI,GB,WR,0,0,0,0,0,2,22,0,13,9,165,3
2025,14,CIN,BUF,ALL,28,22,251,3,0,29,183,1,27,22,251,3
2025,14,CIN,BUF,DB,0,0,0,0,0,0,0,0,0,0,0,0
2025,14,CIN,BUF,DL,0,0,0,0,0,0,0,0,0,0,0,0
2025,14,CIN,BUF,LB,0,0,0,0,0,0,0,0,0,0,0,0
2025,14,CIN,BUF,OL,0,0,0,0,0,0,0,0,0,0,0,0
2025,14,CIN,BUF,QB,28,22,251,3,0,9,78,1,0,0,0,0
2025,14,CIN,BUF,RB,0,0,0,0,0,20,105,0,5,4,45,0
2025,14,CIN,BUF,SPEC,0,0,0,0,0,0,0,0,0,0,0,0
2025,14,CIN,BUF,TE,0,0,0,0,0,0,0,0,13,11,137,2
2025,14,CIN,BUF,WR,0,0,0,0,0,0,0,0,9,7,69,1
2025,14,CLE,TEN,ALL,28,14,117,2,0,35,184,2,25,14,117,2
2025,14,CLE,TEN,DB,0,0,0,0,0,0,0,0,0,0,0,0
2025,14,CLE,TEN,DL,0,0,0,0,0,0,0,0,0,0,0,0
2025,14,CLE,TEN,LB,0,0,0,0,0,0,0,0,0,0,0,0
2025,14,CLE,TEN,OL,0,0,0,0,0,0,0,0,0,0,0,0
2025,14,CLE,TEN,QB,28,14,117,2,0,2,4,0,0,0,0,0
2025,14,CLE,TEN,RB,0,0,0,0,0,33,180,2,4,2,28,0
2025,14,CLE,TEN,SPEC,0,0,0,0,0,0,0,0,0,0,0,0
2025,14,CLE,TEN,TE,0,0,0,0,0,0,0,0,5,4,34,0
2025,14,CLE,TEN,WR,0,0,0,0,0,0,0,0,16,8,55,2
2025,14,DAL,DET,ALL,34,25,309,1,0,22,109,4,31,25,309,1
2025,14,DAL,DET,DB,0,0,0,0,0,0,0,0,0,0,0,0
2025,14,DAL,DET,DL,0,0,0,0,0,0,0,0,0,0,0,0
2025,14,DAL,DET,LB,0,0,0,0,0,0,0,0,0,0,0,0
2025,14,DAL,DET,OL,0,0,0,0,0,0,0,0,0,0,0,0
2025,14,DAL,DET,OTHER,0,0,0,0,0,0,0,0,0,0,0,0
2025,14,DAL,DET,QB,34,25,309,1,0,2,-2,0,0,0,0,0
2025,14,DAL,DET,RB,0,0,0,0,0,18,103,4,8,8,90,0
2025,14,DAL,DET,SPEC,0,0,0,0,0,0,0,0,0,0,0,0
2025,14,DAL,DET,TE,0,0,0,0,0,0,0,0,2,2,11,0
2025,14,DAL,DET,WR,0,0,0,0,0,2,8,0,21,15,208,1
2025,14,DEN,LV,ALL,32,21,213,2,0,12,40,0,28,21,213,2
2025,14,DEN,LV,DB,0,0,0,0,0,0,0,0,0,0,0,0
2025,14,DEN,LV,DL,0,0,0,0,0,0,0,0,0,0,0,0
2025,14,DEN,LV,LB,0,0,0,0,0,0,0,0,0,0,0,0
2025,14,DEN,LV,QB,32,21,213,2,0,2,10,0,0,0,0,0
2025,14,DEN,LV,RB,0,0,0,0,0,10,30,0,5,3,10,0
2025,14,DEN,LV,SPEC,0,0,0,0,0,0,0,0,0,0,0,0
2025,14,DEN,LV,TE,0,0,0,0,0,0,0,0,7,6,63,1
2025,14,DEN,LV,WR,0,0,0,0,0,0,0,0,16,12,140,1
2025,14,DET,DAL,ALL,47,31,376,1,0,24,91,1,47,31,376,1
2025,14,DET,DAL,DB,0,0,0,0,0,0,0,0,0,0,0,0
2025,14,DET,DAL,DL,0,0,0,0,0,0,0,0,0,0,0,0
2025,14,DET,DAL,LB,0,0,0,0,0,0,0,0,0,0,0,0
2025,14,DET,DAL,OL,0,0,0,0,0,0,0,0,0,0,0,0
2025,14,DET,DAL,QB,47,31,376,1,0,3,14,0,0,0,0,0
2025,14,DET,DAL,RB,0,0,0,0,0,20,73,1,4,2,0,0
2025,14,DET,DAL,SPEC,0,0,0,0,0,0,0,0,0,0,0,0
2025,14,DET,DAL,TE,0,0,0,0,0,0,0,0,10,7,77,0
2025,14,DET,DAL,WR,0,0,0,0,0,1,4,0,33,22,299,1
2025,14,GB,CHI,ALL,35,19,186,2,0,32,138,0,28,19,186,2
2025,14,GB,CHI,DB,0,0,0,0,0,0,0,0,0,0,0,0
2025,14,GB,CHI,DL,0,0,0,0,0,0,0,0,0,0,0,0
2025,14,GB,CHI,LB,0,0,0,0,0,0,0,0,0,0,0,0
2025,14,GB,CHI,OL,0,0,0,0,0,0,0,0,0,0,0,0
2025,14,GB,CHI,QB,35,19,186,2,0,4,15,0,0,0,0,0
2025,14,GB,CHI,RB,0,0,0,0,0,27,120,0,6,4,19,0
2025,14,GB,CHI,SPEC,0,0,0,0,0,0,0,0,0,0,0,0
2025,14,GB,CHI,TE,0,0,0,0,0,0,0,0,9,7,73,1
2025,14,GB,CHI,WR,0,0,0,0,0,1,3,0,13,8,94,1
2025,14,HOU,KC,ALL,33,14,160,0,0,29,126,1,29,14,160,0
2025,14,HOU,KC,DB,0,0,0,0,0,0,0,0,0,0,0,0
2025,14,HOU,KC,DL,0,0,0,0,0,0,0,0,0,0,0,0
2025,14,HOU,KC,LB,0,0,0,0,0,0,0,0,0,0,0,0
2025,14,HOU,KC,OL,0,0,0,0,0,0,0,0,0,0,0,0
2025,14,HOU,KC,QB,33,14,160,0,0,7,59,0,1,1,-10,0
2025,14,HOU,KC,RB,0,0,0,0,0,22,67,1,1,0,0,0
2025,14,HOU,KC,SPEC,0,0,0,0,0,0,0,0,0,0,0,0
2025,14,HOU,KC,TE,0,0,0,0,0,0,0,0,8,2,22,0
2025,14,HOU,KC,WR,0,0,0,0,0,0,0,0,19,11,148,0
2025,14,IND,JAX,ALL,31,18,247,2,0,32,103,2,31,18,247,2
2025,14,IND,JAX,DB,0,0,0,0,0,0,0,0,0,0,0,0
2025,14,IND,JAX,DL,0,0,0,0,0,0,0,0,0,0,0,0
2025,14,IND,JAX,LB,0,0,0,0,0,0,0,0,0,0,0,0
2025,14,IND,JAX,OL,0,0,0,0,0,0,0,0,0,0,0,0
2025,14,IND,JAX,QB,31,18,247,2,0,7,15,0,0,0,0,0
2025,14,IND,JAX,RB,0,0,0,0,0,22,79,2,3,3,16,0
2025,14,IND,JAX,SPEC,0,0,0,0,0,0,0,0,0,0,0,0
2025,14,IND,JAX,TE,0,0,0,0,0,0,0,0,6,3,27,0
2025,14,IND,JAX,WR,0,0,0,0,0,3,9,0,22,12,204,2
2025,14,JAX,IND,ALL,36,23,205,0,0,26,89,2,36,23,205,0
2025,14,JAX,IND,DB,0,0,0,0,0,0,0,0,0,0,0,0
2025,14,JAX,IND,DL,0,0,0,0,0,0,0,0,0,0,0,0
2025,14,JAX,IND,LB,0,0,0,0,0,0,0,0,0,0,0,0
2025,14,JAX,IND,OL,0,0,0,0,0,0,0,0,0,0,0,0
2025,14,JAX,IND,QB,36,23,205,0,0,3,9,1,0,0,0,0
2025,14,JAX,IND,RB,0,0,0,0,0,22,78,1,2,2,5,0
2025,14,JAX,IND,SPEC,0,0,0,0,0,0,0,0,0,0,0,0
2025,14,JAX,IND,TE,0,0,0,0,0,1,2,0,8,2,15,0
2025,14,JAX,IND,WR,0,0,0,0,0,0,0,0,26,19,185,0
2025,14,KC,HOU,ALL,31,15,203,1,0,31,82,1,27,15,203,1
2025,14,KC,HOU,DB,0,0,0,0,0,0,0,0,0,0,0,0
2025,14,KC,HOU,DL,0,0,0,0,0,0,0,0,0,0,0,0
2025,14,KC,HOU,LB,0,0,0,0,0,0,0,0,0,0,0,0
2025,14,KC,HOU,OL,0,0,0,0,0,0,0,0,0,0,0,0
2025,14,KC,HOU,QB,31,15,203,1,0,2,5,0,0,0,0,0
2025,14,KC,HOU,RB,0,0,0,0,0,28,76,1,3,2,8,1
2025,14,KC,HOU,SPEC,0,0,0,0,0,0,0,0,0,0,0,0
2025,14,KC,HOU,TE,0,0,0,0,0,0,0,0,4,3,22,0
2025,14,KC,HOU,WR,0,0,0,0,0,1,1,0,20,10,173,0
2025,14,LA,ARI,ALL,44,25,271,2,0,14,51,0,44,25,271,2
2025,14,LA,ARI,DB,0,0,0,0,0,0,0,0,0,0,0,0
2025,14,LA,ARI,DL,0,0,0,0,0,0,0,0,0,0,0,0
2025,14,LA,ARI,LB,0,0,0,0,0,0,0,0,0,0,0,0
2025,14,LA,ARI,OL,0,0,0,0,0,0,0,0,0,0,0,0
2025,14,LA,ARI,QB,44,25,271,2,0,4,22,0,0,0,0,0
2025,14,LA,ARI,RB,0,0,0,0,0,10,29,0,10,5,36,0
2025,14,LA,ARI,SPEC,0,0,0,0,0,0,0,0,0,0,0,0
2025,14,LA,ARI,TE,0,0,0,0,0,0,0,0,11,6,58,0
2025,14,LA,ARI,WR,0,0,0,0,0,0,0,0,23,14,177,2
2025,14,LAC,PHI,ALL,40,21,240,0,0,25,134,1,38,21,240,0
2025,14,LAC,PHI,DB,0,0,0,0,0,0,0,0,0,0,0,0
2025,14,LAC,PHI,DL,0,0,0,0,0,0,0,0,0,0,0,0
2025,14,LAC,PHI,LB,0,0,0,0,0,0,0,0,0,0,0,0
2025,14,LAC,PHI,OL,0,0,0,0,0,0,0,0,0,0,0,0
2025,14,LAC,PHI,QB,40,21,240,0,0,4,8,0,0,0,0,0
2025,14,LAC,PHI,RB,0,0,0,0,0,21,126,1,3,1,3,0
2025,14,LAC,PHI,SPEC,0,0,0,0,0,0,0,0,0,0,0,0
2025,14,LAC,PHI,TE,0,0,0,0,0,0,0,0,10,8,78,0
2025,14,LAC,PHI,WR,0,0,0,0,0,0,0,0,25,12,159,0
2025,14,LV,DEN,ALL,38,31,212,0,0,31,152,2,36,31,212,0
2025,14,LV,DEN,DB,0,0,0,0,0,0,0,0,0,0,0,0
2025,14,LV,DEN,DL,0,0,0,0,0,0,0,0,0,0,0,0
2025,14,LV,DEN,LB,0,0,0,0,0,0,0,0,0,0,0,0
2025,14,LV,DEN,OL,0,0,0,0,0,0,0,0,0,0,0,0
2025,14,LV,DEN,QB,38,31,212,0,0,3,15,1,0,0,0,0
2025,14,LV,DEN,RB,0,0,0,0,0,27,135,1,10,10,50,0
2025,14,LV,DEN,SPEC,0,0,0,0,0,0,0,0,0,0,0,0
2025,14,LV,DEN,TE,0,0,0,0,0,0,0,0,4,4,25,0
2025,14,LV,DEN,WR,0,0,0,0,0,1,2,0,22,17,137,0
2025,14,MIA,NYJ,ALL,34,15,169,0,0,17,65,0,32,15,169,0
2025,14,MIA,NYJ,DB,0,0,0,0,0,0,0,0,0,0,0,0
2025,14,MIA,NYJ,DL,0,0,0,0,0,0,0,0,0,0,0,0
2025,14,MIA,NYJ,LB,0,0,0,0,0,0,0,0,0,0,0,0
2025,14,MIA,NYJ,OL,0,0,0,0,0,0,0,0,0,0,0,0
2025,14,MIA,NYJ,QB,34,15,169,0,0,1,0,0,0,0,0,0
2025,14,MIA,NYJ,RB,0,0,0,0,0,16,65,0,2,1,17,0
2025,14,MIA,NYJ,SPEC,0,0,0,0,0,0,0,0,0,0,0,0
2025,14,MIA,NYJ,TE,0,0,0,0,0,0,0,0,12,7,70,0
2025,14,MIA,NYJ,WR,0,0,0,0,0,0,0,0,18,7,82,0
2025,14,MIN,WAS,ALL,24,11,108,0,0,23,107,0,20,11,108,0
2025,14,MIN,WAS,DB,0,0,0,0,0,0,0,0,0,0,0,0
2025,14,MIN,WAS,DL,0,0,0,0,0,0,0,0,0,0,0,0
2025,14,MIN,WAS,LB,0,0,0,0,0,0,0,0,0,0,0,0
2025,14,MIN,WAS,QB,24,11,108,0,0,6,23,0,0,0,0,0
2025,14,MIN,WAS,RB,0,0,0,0,0,17,84,0,1,1,2,0
2025,14,MIN,WAS,SPEC,0,0,0,0,0,0,0,0,0,0,0,0
2025,14,MIN,WAS,TE,0,0,0,0,0,0,0,0,4,2,19,0
2025,14,MIN,WAS,WR,0,0,0,0,0,0,0,0,15,8,87,0
2025,14,NO,TB,ALL,30,14,122,1,0,39,179,1,28,14,122,1
2025,14,NO,TB,DB,0,0,0,0,0,0,0,0,0,0,0,0
2025,14,NO,TB,DL,0,0,0,0,0,0,0,0,0,0,0,0
2025,14,NO,TB,LB,0,0,0,0,0,0,0,0,0,0,0,0
2025,14,NO,TB,OL,0,0,0,0,0,0,0,0,0,0,0,0
2025,14,NO,TB,QB,30,14,122,1,0,6,42,0,0,0,0,0
2025,14,NO,TB,RB,0,0,0,0,0,33,137,1,5,3,28,1
2025,14,NO,TB,SPEC,0,0,0,0,0,0,0,0,0,0,0,0
2025,14,NO,TB,TE,0,0,0,0,0,0,0,0,4,3,19,0
2025,14,NO,TB,WR,0,0,0,0,0,0,0,0,19,8,75,0
2025,14,NYJ,MIA,ALL,21,13,127,1,0,41,239,3,21,13,127,1
2025,14,NYJ,MIA,DB,0,0,0,0,0,0,0,0,0,0,0,0
2025,14,NYJ,MIA,DL,0,0,0,0,0,0,0,0,0,0,0,0
2025,14,NYJ,MIA,LB,0,0,0,0,0,0,0,0,0,0,0,0
2025,14,NYJ,MIA,OL,0,0,0,0,0,0,0,0,0,0,0,0
2025,14,NYJ,MIA,QB,21,13,127,1,0,3,-2,0,0,0,0,0
2025,14,NYJ,MIA,RB,0,0,0,0,0,36,216,3,4,1,13,0
2025,14,NYJ,MIA,SPEC,0,0,0,0,0,0,0,0,0,0,0,0
2025,14,NYJ,MIA,TE,0,0,0,0,0,1,4,0,6,4,54,0
2025,14,NYJ,MIA,WR,0,0,0,0,0,1,21,0,11,8,60,1
2025,14,PHI,LAC,ALL,26,12,139,1,0,38,169,0,23,12,139,1
2025,14,PHI,LAC,DB,0,0,0,0,0,0,0,0,0,0,0,0
2025,14,PHI,LAC,DL,0,0,0,0,0,0,0,0,0,0,0,0
2025,14,PHI,LAC,LB,0,0,0,0,0,0,0,0,0,0,0,0
2025,14,PHI,LAC,OL,0,0,0,0,0,0,0,0,0,0,0,0
2025,14,PHI,LAC,QB,26,12,139,1,0,10,66,0,0,0,0,0
2025,14,PHI,LAC,RB,0,0,0,0,0,27,100,0,5,3,71,1
2025,14,PHI,LAC,SPEC,0,0,0,0,0,0,0,0,0,0,0,0
2025,14,PHI,LAC,TE,0,0,0,0,0,0,0,0,5,2,8,0
2025,14,PHI,LAC,WR,0,0,0,0,0,1,3,0,13,7,60,0
2025,14,PIT,BAL,ALL,35,19,219,1,0,40,217,1,33,19,219,1
2025,14,PIT,BAL,DB,0,0,0,0,0,0,0,0,0,0,0,0
2025,14,PIT,BAL,DL,0,0,0,0,0,0,0,0,0,0,0,0
2025,14,PIT,BAL,LB,0,0,0,0,0,0,0,0,0,0,0,0
2025,14,PIT,BAL,OL,0,0,0,0,0,0,0,0,0,0,0,0
2025,14,PIT,BAL,QB,35,19,219,1,0,7,43,1,0,0,0,0
2025,14,PIT,BAL,RB,0,0,0,0,0,32,172,0,6,3,19,0
2025,14,PIT,BAL,SPEC,0,0,0,0,0,0,0,0,0,0,0,0
2025,14,PIT,BAL,TE,0,0,0,0,0,0,0,0,12,6,53,1
2025,14,PIT,BAL,WR,0,0,0,0,0,1,2,0,15,10,147,0
2025,14,SEA,ATL,ALL,30,15,162,0,0,31,120,0,28,15,162,0
2025,14,SEA,ATL,DB,0,0,0,0,0,0,0,0,0,0,0,0
2025,14,SEA,ATL,DL,0,0,0,0,0,0,0,0,0,0,0,0
2025,14,SEA,ATL,LB,0,0,0,0,0,0,0,0,0,0,0,0
2025,14,SEA,ATL,OL,0,0,0,0,0,0,0,0,0,0,0,0
2025,14,SEA,ATL,QB,30,15,162,0,0,0,0,0,0,0,0,0
2025,14,SEA,ATL,RB,0,0,0,0,0,31,120,0,4,4,41,0
2025,14,SEA,ATL,SPEC,0,0,0,0,0,0,0,0,0,0,0,0
2025,14,SEA,ATL,TE,0,0,0,0,0,0,0,0,10,6,90,0
2025,14,SEA,ATL,WR,0,0,0,0,0,0,0,0,14,5,31,0
2025,14,TB,NO,ALL,20,13,144,0,0,32,139,3,20,13,144,0
2025,14,TB,NO,DB,0,0,0,0,0,0,0,0,0,0,0,0
2025,14,TB,NO,DL,0,0,0,0,0,0,0,0,0,0,0,0
2025,14,TB,NO,LB,0,0,0,0,0,0,0,0,0,0,0,0
2025,14,TB,NO,OL,0,0,0,0,0,0,0,0,0,0,0,0
2025,14,TB,NO,QB,20,13,144,0,0,7,55,2,0,0,0,0
2025,14,TB,NO,RB,0,0,0,0,0,23,85,1,2,2,20,0
2025,14,TB,NO,SPEC,0,0,0,0,0,0,0,0,0,0,0,0
2025,14,TB,NO,TE,0,0,0,0,0,2,-1,0,8,5,54,0
2025,14,TB,NO,WR,0,0,0,0,0,0,0,0,10,6,70,0
2025,14,TEN,CLE,ALL,42,23,364,3,0,20,61,1,38,23,364,3
2025,14,TEN,CLE,DB,0,0,0,0,0,0,0,0,0,0,0,0
2025,14,TEN,CLE,DL,0,0,0,0,0,0,0,0,0,0,0,0
2025,14,TEN,CLE,LB,0,0,0,0,0,0,0,0,0,0,0,0
2025,14,TEN,CLE,OL,0,0,0,0,0,0,0,0,0,0,0,0
2025,14,TEN,CLE,QB,42,23,364,3,0,3,29,1,0,0,0,0
2025,14,TEN,CLE,RB,0,0,0,0,0,16,30,0,12,8,132,0
2025,14,TEN,CLE,SPEC,0,0,0,0,0,0,0,0,0,0,0,0
2025,14,TEN,CLE,TE,0,0,0,0,0,0,0,0,13,9,115,2
2025,14,TEN,CLE,WR,0,0,0,0,0,1,2,0,13,6,117,1
2025,14,WAS,MIN,ALL,23,16,163,3,0,34,162,1,23,16,163,3
2025,14,WAS,MIN,DB,0,0,0,0,0,0,0,0,0,0,0,0
2025,14,WAS,MIN,DL,0,0,0,0,0,0,0,0,0,0,0,0
2025,14,WAS,MIN,LB,0,0,0,0,0,0,0,0,0,0,0,0
2025,14,WAS,MIN,OL,0,0,0,0,0,0,0,0,0,0,0,0
2025,14,WAS,MIN,QB,23,16,163,3,0,6,19,0,0,0,0,0
2025,14,WAS,MIN,RB,0,0,0,0,0,28,143,1,2,1,5,0
2025,14,WAS,MIN,SPEC,0,0,0,0,0,0,0,0,0,0,0,0
2025,14,WAS,MIN,TE,0,0,0,0,0,0,0,0,6,5,45,3
2025,14,WAS,MIN,WR,0,0,0,0,0,0,0,0,15,10,113,0
2025,15,ARI,HOU,ALL,29,22,260,3,0,33,143,0,26,22,260,3
2025,15,ARI,HOU,DB,0,0,0,0,0,0,0,0,0,0,0,0
2025,15,ARI,HOU,DL,0,0,0,0,0,0,0,0,0,0,0,0
2025,15,ARI,HOU,LB,0,0,0,0,0,0,0,0,0,0,0,0
2025,15,ARI,HOU,OL,0,0,0,0,0,0,0,0,0,0,0,0
2025,15,ARI,HOU,QB,29,22,260,3,0,6,10,0,0,0,0,0
2025,15,ARI,HOU,RB,0,0,0,0,0,27,133,0,7,6,57,0
2025,15,ARI,HOU,SPEC,0,0,0,0,0,0,0,0,0,0,0,0
2025,15,ARI,HOU,TE,0,0,0,0,0,0,0,0,12,11,98,1
2025,15,ARI,HOU,WR,0,0,0,0,0,0,0,0,7,5,105,2
2025,15,ATL,TB,ALL,34,19,277,2,0,22,88,1,32,19,277,2
2025,15,ATL,TB,DB,0,0,0,0,0,0,0,0,0,0,0,0
2025,15,ATL,TB,DL,0,0,0,0,0,0,0,0,0,0,0,0
2025,15,ATL,TB,LB,0,0,0,0,0,0,0,0,0,0,0,0
2025,15,ATL,TB,OTHER,0,0,0,0,0,0,0,0,0,0,0,0
2025,15,ATL,TB,QB,34,19,277,2,0,1,1,0,0,0,0,0
2025,15,ATL,TB,RB,0,0,0,0,0,21,87,1,4,2,17,0
2025,15,ATL,TB,SPEC,0,0,0,0,0,0,0,0,0,0,0,0
2025,15,ATL,TB,TE,0,0,0,0,0,0,0,0,1,1,6,1
2025,15,ATL,TB,WR,0,0,0,0,0,0,0,0,27,16,254,1
2025,15,BAL,CIN,ALL,39,25,225,0,0,29,100,0,36,25,225,0
2025,15,BAL,CIN,DB,0,0,0,0,0,0,0,0,0,0,0,0
2025,15,BAL,CIN,DL,0,0,0,0,0,0,0,0,0,0,0,0
2025,15,BAL,CIN,LB,0,0,0,0,0,0,0,0,0,0,0,0
2025,15,BAL,CIN,OL,0,0,0,0,0,0,0,0,0,0,0,0
2025,15,BAL,CIN,QB,39,25,225,0,0,2,5,0,0,0,0,0
2025,15,BAL,CIN,RB,0,0,0,0,0,27,95,0,8,8,38,0
2025,15,BAL,CIN,SPEC,0,0,0,0,0,0,0,0,0,0,0,0
2025,15,BAL,CIN,TE,0,0,0,0,0,0,0,0,9,6,39,0
2025,15,BAL,CIN,WR,0,0,0,0,0,0,0,0,19,11,148,0
2025,15,BUF,NE,ALL,23,14,155,0,0,25,246,4,22,14,155,0
2025,15,BUF,NE,DB,0,0,0,0,0,0,0,0,0,0,0,0
2025,15,BUF,NE,DL,0,0,0,0,0,0,0,0,0,0,0,0
2025,15,BUF,NE,LB,0,0,0,0,0,0,0,0,0,0,0,0
2025,15,BUF,NE,OL,0,0,0,0,0,0,0,0,0,0,0,0
2025,15,BUF,NE,QB,23,14,155,0,0,4,43,2,0,0,0,0
2025,15,BUF,NE,RB,0,0,0,0,0,20,198,2,6,5,40,0
2025,15,BUF,NE,SPEC,0,0,0,0,0,0,0,0,0,0,0,0
2025,15,BUF,NE,TE,0,0,0,0,0,0,0,0,3,1,18,0
2025,15,BUF,NE,WR,0,0,0,0,0,1,5,0,13,8,97,0
2025,15,CAR,NO,ALL,33,24,272,1,0,25,81,1,31,24,272,1
2025,15,CAR,NO,DB,0,0,0,0,0,0,0,0,0,0,0,0
2025,15,CAR,NO,DL,0,0,0,0,0,0,0,0,0,0,0,0
2025,15,CAR,NO,LB,0,0,0,0,0,0,0,0,0,0,0,0
2025,15,CAR,NO,OL,0,0,0,0,0,0,0,0,0,0,0,0
2025,15,CAR,NO,QB,33,24,272,1,0,8,32,0,0,0,0,0
2025,15,CAR,NO,RB,0,0,0,0,0,14,51,1,4,4,43,0
2025,15,CAR,NO,SPEC,0,0,0,0,0,0,0,0,0,0,0,0
2025,15,CAR,NO,TE,0,0,0,0,0,2,2,0,5,5,37,0
2025,15,CAR,NO,WR,0,0,0,0,0,1,-4,0,22,15,192,1
2025,15,CHI,CLE,ALL,35,18,177,0,0,16,50,0,31,18,177,0
2025,15,CHI,CLE,DB,0,0,0,0,0,0,0,0,0,0,0,0
2025,15,CHI,CLE,DL,0,0,0,0,0,0,0,0,0,0,0,0
2025,15,CHI,CLE,LB,0,0,0,0,0,0,0,0,0,0,0,0
2025,15,CHI,CLE,QB,35,18,177,0,0,2,24,0,0,0,0,0
2025,15,CHI,CLE,RB,0,0,0,0,0,13,24,0,6,5,0,0
2025,15,CHI,CLE,SPEC,0,0,0,0,0,0,0,0,0,0,0,0
2025,15,CHI,CLE,TE,0,0,0,0,0,1,2,0,14,7,48,0
2025,15,CHI,CLE,WR,0,0,0,0,0,0,0,0,11,6,129,0
2025,15,CIN,BAL,ALL,12,8,150,2,0,24,189,0,12,8,150,2
2025,15,CIN,BAL,DB,0,0,0,0,0,0,0,0,0,0,0,0
2025,15,CIN,BAL,DL,0,0,0,0,0,0,0,0,0,0,0,0
2025,15,CIN,BAL,LB,0,0,0,0,0,0,0,0,0,0,0,0
2025,15,CIN,BAL,QB,12,8,150,2,0,5,23,0,0,0,0,0
2025,15,CIN,BAL,RB,0,0,0,0,0,19,166,0,3,2,32,1
2025,15,CIN,BAL,SPEC,0,0,0,0,0,0,0,0,0,0,0,0
2025,15,CIN,BAL,TE,0,0,0,0,0,0,0,0,3,2,18,0
2025,15,CIN,BAL,WR,0,0,0,0,0,0,0,0,6,4,100,1
2025,15,CLE,CHI,ALL,28,17,242,2,0,33,142,2,27,17,242,2
2025,15,CLE,CHI,DB,0,0,0,0,0,0,0,0,0,0,0,0
2025,15,CLE,CHI,DL,0,0,0,0,0,0,0,0,0,0,0,0
2025,15,CLE,CHI,LB,0,0,0,0,0,0,0,0,0,0,0,0
2025,15,CLE,CHI,OL,0,0,0,0,0,0,0,0,0,0,0,0
2025,15,CLE,CHI,QB,28,17,242,2,0,3,13,0,0,0,0,0
2025,15,CLE,CHI,RB,0,0,0,0,0,29,131,2,3,1,-2,0
2025,15,CLE,CHI,SPEC,0,0,0,0,0,0,0,0,0,0,0,0
2025,15,CLE,CHI,TE,0,0,0,0,0,1,-2,0,9,6,91,0
2025,15,CLE,CHI,WR,0,0,0,0,0,0,0,0,15,10,153,2
2025,15,DAL,MIN,ALL,24,15,250,2,0,28,77,2,24,15,250,2
2025,15,DAL,MIN,DB,0,0,0,0,0,0,0,0,0,0,0,0
2025,15,DAL,MIN,DL,0,0,0,0,0,0,0,0,0,0,0,0
2025,15,DAL,MIN,LB,0,0,0,0,0,0,0,0,0,0,0,0
2025,15,DAL,MIN,QB,24,15,250,2,0,4,15,1,0,0,0,0
2025,15,DAL,MIN,RB,0,0,0,0,0,23,64,1,3,3,31,0
2025,15,DAL,MIN,SPEC,0,0,0,0,0,0,0,0,0,0,0,0
2025,15,DAL,MIN,TE,0,0,0,0,0,0,0,0,6,5,84,0
2025,15,DAL,MIN,WR,0,0,0,0,0,1,-2,0,15,7,135,2
2025,15,DEN,GB,ALL,40,24,276,1,0,20,115,1,36,24,276,1
2025,15,DEN,GB,DB,0,0,0,0,0,0,0,0,0,0,0,0
2025,15,DEN,GB,DL,0,0,0,0,0,0,0,0,0,0,0,0
2025,15,DEN,GB,LB,0,0,0,0,0,0,0,0,0,0,0,0
2025,15,DEN,GB,OL,0,0,0,0,0,0,0,0,0,0,0,0
2025,15,DEN,GB,QB,40,24,276,1,0,3,29,0,0,0,0,0
2025,15,DEN,GB,RB,0,0,0,0,0,16,86,1,5,3,25,1
2025,15,DEN,GB,SPEC,0,0,0,0,0,0,0,0,0,0,0,0
2025,15,DEN,GB,TE,0,0,0,0,0,0,0,0,10,7,70,0
2025,15,DEN,GB,WR,0,0,0,0,0,1,0,0,21,14,181,0
2025,15,DET,LA,ALL,38,24,368,2,0,29,159,3,38,24,368,2
2025,15,DET,LA,DB,0,0,0,0,0,0,0,0,0,0,0,0
2025,15,DET,LA,DL,0,0,0,0,0,0,0,0,0,0,0,0
2025,15,DET,LA,LB,0,0,0,0,0,0,0,0,0,0,0,0
2025,15,DET,LA,QB,38,24,368,2,0,1,2,0,0,0,0,0
2025,15,DET,LA,RB,0,0,0,0,0,26,149,3,1,1,10,0
2025,15,DET,LA,SPEC,0,0,0,0,0,0,0,0,0,0,0,0
2025,15,DET,LA,TE,0,0,0,0,0,0,0,0,13,9,97,2
2025,15,DET,LA,WR,0,0,0,0,0,2,8,0,24,14,261,0
2025,15,GB,DEN,ALL,34,23,302,4,0,31,89,1,32,23,302,4
2025,15,GB,DEN,DB,0,0,0,0,0,0,0,0,0,0,0,0
2025,15,GB,DEN,DL,0,0,0,0,0,0,0,0,0,0,0,0
2025,15,GB,DEN,LB,0,0,0,0,0,0,0,0,0,0,0,0
2025,15,GB,DEN,OL,0,0,0,0,0,0,0,0,0,0,0,0
2025,15,GB,DEN,QB,34,23,302,4,0,7,10,0,0,0,0,0
2025,15,GB,DEN,RB,0,0,0,0,0,22,68,1,2,1,1,0
2025,15,GB,DEN,SPEC,0,0,0,0,0,0,0,0,0,0,0,0
2025,15,GB,DEN,TE,0,0,0,0,0,0,0,0,3,1,12,0
2025,15,GB,DEN,WR,0,0,0,0,0,2,11,0,27,21,289,4
2025,15,HOU,ARI,ALL,40,27,249,3,0,21,72,0,38,27,249,3
2025,15,HOU,ARI,DB,0,0,0,0,0,0,0,0,0,0,0,0
2025,15,HOU,ARI,DL,0,0,0,0,0,0,0,0,0,0,0,0
2025,15,HOU,ARI,LB,0,0,0,0,0,0,0,0,0,0,0,0
2025,15,HOU,ARI,OL,0,0,0,0,0,0,0,0,0,0,0,0
2025,15,HOU,ARI,QB,40,27,249,3,0,3,6,0,0,0,0,0
2025,15,HOU,ARI,RB,0,0,0,0,0,18,66,0,7,6,38,0
2025,15,HOU,ARI,SPEC,0,0,0,0,0,0,0,0,0,0,0,0
2025,15,HOU,ARI,TE,0,0,0,0,0,0,0,0,17,15,138,2
2025,15,HOU,ARI,WR,0,0,0,0,0,0,0,0,14,6,73,1
2025,15,IND,SEA,ALL,36,22,271,0,0,22,50,0,33,22,271,0
2025,15,IND,SEA,DB,0,0,0,0,0,0,0,0,0,0,0,0
2025,15,IND,SEA,DL,0,0,0,0,0,0,0,0,0,0,0,0
2025,15,IND,SEA,LB,0,0,0,0,0,0,0,0,0,0,0,0
2025,15,IND,SEA,OL,0,0,0,0,0,0,0,0,0,0,0,0
2025,15,IND,SEA,QB,36,22,271,0,0,4,5,0,0,0,0,0
2025,15,IND,SEA,RB,0,0,0,0,0,17,48,0,3,1,2,0
2025,15,IND,SEA,SPEC,0,0,0,0,0,0,0,0,0,0,0,0
2025,15,IND,SEA,TE,0,0,0,0,0,0,0,0,7,4,36,0
2025,15,IND,SEA,WR,0,0,0,0,0,1,-3,0,23,17,233,0
2025,15,JAX,NYJ,ALL,33,22,176,1,0,32,130,1,32,22,176,1
2025,15,JAX,NYJ,DB,0,0,0,0,0,0,0,0,0,0,0,0
2025,15,JAX,NYJ,DL,0,0,0,0,0,0,0,0,0,0,0,0
2025,15,JAX,NYJ,LB,0,0,0,0,0,0,0,0,0,0,0,0
2025,15,JAX,NYJ,OL,0,0,0,0,0,0,0,0,0,0,0,0
2025,15,JAX,NYJ,QB,33,22,176,1,0,6,39,0,0,0,0,0
2025,15,JAX,NYJ,RB,0,0,0,0,0,24,91,1,5,3,21,0
2025,15,JAX,NYJ,SPEC,0,0,0,0,0,0,0,0,0,0,0,0
2025,15,JAX,NYJ,TE,0,0,0,0,0,0,0,0,2,2,13,0
2025,15,JAX,NYJ,WR,0,0,0,0,0,2,0,0,25,17,142,1
2025,15,KC,LAC,ALL,29,19,210,1,0,29,94,0,26,19,210,1
2025,15,KC,LAC,DB,0,0,0,0,0,0,0,0,0,0,0,0
2025,15,KC,LAC,DL,0,0,0,0,0,0,0,0,2,2,9,0
2025,15,KC,LAC,LB,0,0,0,0,0,0,0,0,0,0,0,0
2025,15,KC,LAC,OL,0,0,0,0,0,0,0,0,1,0,0,0
2025,15,KC,LAC,QB,29,19,210,1,0,2,0,0,0,0,0,0
2025,15,KC,LAC,RB,0,0,0,0,0,27,94,0,2,2,19,0
2025,15,KC,LAC,SPEC,0,0,0,0,0,0,0,0,0,0,0,0
2025,15,KC,LAC,TE,0,0,0,0,0,0,0,0,5,4,61,0
2025,15,KC,LAC,WR,0,0,0,0,0,0,0,0,16,11,121,1
2025,15,LA,DET,ALL,41,25,338,3,0,20,70,1,38,25,338,3
2025,15,LA,DET,DB,0,0,0,0,0,0,0,0,0,0,0,0
2025,15,LA,DET,DL,0,0,0,0,0,0,0,0,0,0,0,0
2025,15,LA,DET,LB,0,0,0,0,0,0,0,0,0,0,0,0
2025,15,LA,DET,OL,0,0,0,0,0,0,0,0,0,0,0,0
2025,15,LA,DET,QB,41,25,338,3,0,0,0,0,0,0,0,0
2025,15,LA,DET,RB,0,0,0,0,0,20,70,1,8,4,20,0
2025,15,LA,DET,SPEC,0,0,0,0,0,0,0,0,0,0,0,0
2025,15,LA,DET,TE,0,0,0,0,0,0,0,0,0,0,0,0
2025,15,LA,DET,WR,0,0,0,0,0,0,0,0,30,21,318,3
2025,15,LAC,KC,ALL,33,19,211,0,0,21,49,1,30,19,211,0
2025,15,LAC,KC,DB,0,0,0,0,0,0,0,0,0,0,0,0
2025,15,LAC,KC,DL,0,0,0,0,0,0,0,0,0,0,0,0
2025,15,LAC,KC,LB,0,0,0,0,0,0,0,0,0,0,0,0
2025,15,LAC,KC,OL,0,0,0,0,0,0,0,0,0,0,0,0
2025,15,LAC,KC,QB,33,19,211,0,0,2,15,1,0,0,0,0
2025,15,LAC,KC,RB,0,0,0,0,0,19,34,0,2,1,8,0
2025,15,LAC,KC,SPEC,0,0,0,0,0,0,0,0,0,0,0,0
2025,15,LAC,KC,TE,0,0,0,0,0,0,0,0,9,7,70,0
2025,15,LAC,KC,WR,0,0,0,0,0,0,0,0,19,11,133,0
2025,15,LV,PHI,ALL,18,15,208,3,0,47,183,1,18,15,208,3
2025,15,LV,PHI,DB,0,0,0,0,0,0,0,0,0,0,0,0
2025,15,LV,PHI,DL,0,0,0,0,0,0,0,0,0,0,0,0
2025,15,LV,PHI,LB,0,0,0,0,0,0,0,0,0,0,0,0
2025,15,LV,PHI,OL,0,0,0,0,0,0,0,0,0,0,0,0
2025,15,LV,PHI,QB,18,15,208,3,0,8,48,0,0,0,0,0
2025,15,LV,PHI,RB,0,0,0,0,0,39,135,1,4,2,14,0
2025,15,LV,PHI,SPEC,0,0,0,0,0,0,0,0,0,0,0,0
2025,15,LV,PHI,TE,0,0,0,0,0,0,0,0,8,7,74,2
2025,15,LV,PHI,WR,0,0,0,0,0,0,0,0,6,6,120,1
2025,15,MIA,PIT,ALL,27,23,224,2,0,32,135,2,27,23,224,2
2025,15,MIA,PIT,DB,0,0,0,0,0,0,0,0,0,0,0,0
2025,15,MIA,PIT,DL,0,0,0,0,0,0,0,0,0,0,0,0
2025,15,MIA,PIT,LB,0,0,0,0,0,0,0,0,0,0,0,0
2025,15,MIA,PIT,QB,27,23,224,2,0,0,0,0,0,0,0,0
2025,15,MIA,PIT,RB,0,0,0,0,0,31,121,1,10,10,61,0
2025,15,MIA,PIT,SPEC,0,0,0,0,0,0,0,0,0,0,0,0
2025,15,MIA,PIT,TE,0,0,0,0,0,1,14,1,11,8,82,0
2025,15,MIA,PIT,WR,0,0,0,0,0,0,0,0,6,5,81,2
2025,15,MIN,DAL,ALL,38,23,294,0,0,29,138,2,35,23,294,0
2025,15,MIN,DAL,DB,0,0,0,0,0,0,0,0,0,0,0,0
2025,15,MIN,DAL,DL,0,0,0,0,0,0,0,0,0,0,0,0
2025,15,MIN,DAL,LB,0,0,0,0,0,0,0,0,0,0,0,0
2025,15,MIN,DAL,OL,0,0,0,0,0,0,0,0,0,0,0,0
2025,15,MIN,DAL,QB,38,23,294,0,0,1,2,0,0,0,0,0
2025,15,MIN,DAL,RB,0,0,0,0,0,26,128,2,5,4,30,0
2025,15,MIN,DAL,SPEC,0,0,0,0,0,1,6,0,0,0,0,0
2025,15,MIN,DAL,TE,0,0,0,0,0,0,0,0,6,3,45,0
2025,15,MIN,DAL,WR,0,0,0,0,0,1,2,0,24,16,219,0
2025,15,NE,BUF,ALL,28,19,193,3,0,37,168,2,26,19,193,3
2025,15,NE,BUF,DB,0,0,0,0,0,0,0,0,0,0,0,0
2025,15,NE,BUF,DL,0,0,0,0,0,0,0,0,0,0,0,0
2025,15,NE,BUF,LB,0,0,0,0,0,0,0,0,0,0,0,0
2025,15,NE,BUF,OL,0,0,0,0,0,0,0,0,0,0,0,0
2025,15,NE,BUF,QB,28,19,193,3,0,11,48,0,0,0,0,0
2025,15,NE,BUF,RB,0,0,0,0,0,26,120,2,7,6,32,1
2025,15,NE,BUF,SPEC,0,0,0,0,0,0,0,0,0,0,0,0
2025,15,NE,BUF,TE,0,0,0,0,0,0,0,0,9,7,80,2
2025,15,NE,BUF,WR,0,0,0,0,0,0,0,0,10,6,81,0
2025,15,NO,CAR,ALL,24,15,163,1,0,31,127,1,20,15,163,1
2025,15,NO,CAR,DB,0,0,0,0,0,0,0,0,0,0,0,0
2025,15,NO,CAR,DL,0,0,0,0,0,0,0,0,0,0,0,0
2025,15,NO,CAR,LB,0,0,0,0,0,0,0,0,0,0,0,0
2025,15,NO,CAR,OL,0,0,0,0,0,0,0,0,0,0,0,0
2025,15,NO,CAR,QB,24,15,163,1,0,7,49,0,0,0,0,0
2025,15,NO,CAR,RB,0,0,0,0,0,24,78,1,2,2,14,0
2025,15,NO,CAR,SPEC,0,0,0,0,0,0,0,0,0,0,0,0
2025,15,NO,CAR,TE,0,0,0,0,0,0,0,0,6,4,18,0
2025,15,NO,CAR,WR,0,0,0,0,0,0,0,0,12,9,131,1
2025,15,NYG,WAS,ALL,19,10,211,1,0,37,145,1,16,10,211,1
2025,15,NYG,WAS,DB,0,0,0,0,0,0,0,0,0,0,0,0
2025,15,NYG,WAS,DL,0,0,0,0,0,0,0,0,0,0,0,0
2025,15,NYG,WAS,LB,0,0,0,0,0,0,0,0,0,0,0,0
2025,15,NYG,WAS,OL,0,0,0,0,0,0,0,0,0,0,0,0
2025,15,NYG,WAS,QB,19,10,211,1,0,10,43,0,0,0,0,0
2025,15,NYG,WAS,RB,0,0,0,0,0,27,102,1,1,1,16,0
2025,15,NYG,WAS,SPEC,0,0,0,0,0,0,0,0,0,0,0,0
2025,15,NYG,WAS,TE,0,0,0,0,0,0,0,0,2,2,55,0
2025,15,NYG,WAS,WR,0,0,0,0,0,0,0,0,13,7,140,1
2025,15,NYJ,JAX,ALL,32,20,330,5,0,27,108,1,28,20,330,5
2025,15,NYJ,JAX,DB,0,0,0,0,0,0,0,0,0,0,0,0
2025,15,NYJ,JAX,DL,0,0,0,0,0,0,0,0,0,0,0,0
2025,15,NYJ,JAX,LB,0,0,0,0,0,0,0,0,0,0,0,0
2025,15,NYJ,JAX,OL,0,0,0,0,0,0,0,0,0,0,0,0
2025,15,NYJ,JAX,QB,32,20,330,5,0,8,49,1,0,0,0,0
2025,15,NYJ,JAX,RB,0,0,0,0,0,17,50,0,6,5,94,4
2025,15,NYJ,JAX,SPEC,0,0,0,0,0,0,0,0,0,0,0,0
2025,15,NYJ,JAX,TE,0,0,0,0,0,0,0,0,5,3,46,0
2025,15,NYJ,JAX,WR,0,0,0,0,0,2,9,0,17,12,190,1
2025,15,PHI,LV,ALL,25,15,64,0,0,13,46,0,25,15,64,0
2025,15,PHI,LV,DB,0,0,0,0,0,0,0,0,0,0,0,0
2025,15,PHI,LV,DL,0,0,0,0,0,0,0,0,0,0,0,0
2025,15,PHI,LV,LB,0,0,0,0,0,0,0,0,0,0,0,0
2025,15,PHI,LV,QB,25,15,64,0,0,2,7,0,0,0,0,0
2025,15,PHI,LV,RB,0,0,0,0,0,11,39,0,7,5,9,0
2025,15,PHI,LV,SPEC,0,0,0,0,0,0,0,0,0,0,0,0
2025,15,PHI,LV,TE,0,0,0,0,0,0,0,0,8,6,28,0
2025,15,PHI,LV,WR,0,0,0,0,0,0,0,0,10,4,27,0
2025,15,PIT,MIA,ALL,28,22,253,2,0,16,63,0,26,22,253,2
2025,15,PIT,MIA,DB,0,0,0,0,0,0,0,0,0,0,0,0
2025,15,PIT,MIA,DL,0,0,0,0,0,0,0,0,0,0,0,0
2025,15,PIT,MIA,LB,0,0,0,0,0,0,0,0,0,0,0,0
2025,15,PIT,MIA,QB,28,22,253,2,0,1,1,0,0,0,0,0
2025,15,PIT,MIA,RB,0,0,0,0,0,15,62,0,8,8,80,0
2025,15,PIT,MIA,SPEC,0,0,0,0,0,0,0,0,0,0,0,0
2025,15,PIT,MIA,TE,0,0,0,0,0,0,0,0,12,11,137,2
2025,15,PIT,MIA,WR,0,0,0,0,0,0,0,0,6,3,36,0
2025,15,SEA,IND,ALL,27,18,120,1,0,30,102,0,26,18,120,1
2025,15,SEA,IND,DB,0,0,0,0,0,0,0,0,0,0,0,0
2025,15,SEA,IND,DL,0,0,0,0,0,0,0,0,0,0,0,0
2025,15,SEA,IND,LB,0,0,0,0,0,0,0,0,0,0,0,0
2025,15,SEA,IND,OL,0,0,0,0,0,0,0,0,0,0,0,0
2025,15,SEA,IND,QB,27,18,120,1,0,1,0,0,0,0,0,0
2025,15,SEA,IND,RB,0,0,0,0,0,29,102,0,9,8,46,0
2025,15,SEA,IND,SPEC,0,0,0,0,0,0,0,0,0,0,0,0
2025,15,SEA,IND,TE,0,0,0,0,0,0,0,0,6,3,19,0
2025,15,SEA,IND,WR,0,0,0,0,0,0,0,0,11,7,55,1
2025,15,SF,TEN,ALL,29,18,170,2,0,20,136,1,27,18,170,2
2025,15,SF,TEN,DB,0,0,0,0,0,0,0,0,0,0,0,0
2025,15,SF,TEN,DL,0,0,0,0,0,0,0,0,1,1,1,1
2025,15,SF,TEN,LB,0,0,0,0,0,0,0,0,0,0,0,0
2025,15,SF,TEN,OL,0,0,0,0,0,0,0,0,0,0,0,0
2025,15,SF,TEN,QB,29,18,170,2,0,1,2,0,0,0,0,0
2025,15,SF,TEN,RB,0,0,0,0,0,18,141,1,4,3,10,0
2025,15,SF,TEN,SPEC,0,0,0,0,0,0,0,0,0,0,0,0
2025,15,SF,TEN,TE,0,0,0,0,0,0,0,0,10,8,82,1
2025,15,SF,TEN,WR,0,0,0,0,0,1,-7,0,12,6,77,0
2025,15,TB,ATL,ALL,44,30,373,3,0,21,111,1,41,30,373,3
2025,15,TB,ATL,DB,0,0,0,0,0,0,0,0,0,0,0,0
2025,15,TB,ATL,DL,0,0,0,0,0,0,0,0,0,0,0,0
2025,15,TB,ATL,LB,0,0,0,0,0,0,0,0,0,0,0,0
2025,15,TB,ATL,OL,0,0,0,0,0,0,0,0,0,0,0,0
2025,15,TB,ATL,QB,44,30,373,3,0,0,0,0,0,0,0,0
2025,15,TB,ATL,RB,0,0,0,0,0,21,111,1,11,8,82,0
2025,15,TB,ATL,SPEC,0,0,0,0,0,0,0,0,0,0,0,0
2025,15,TB,ATL,TE,0,0,0,0,0,0,0,0,14,13,178,3
2025,15,TB,ATL,WR,0,0,0,0,0,0,0,0,16,9,113,0
2025,15,TEN,SF,ALL,30,23,295,3,0,38,138,1,28,23,295,3
2025,15,TEN,SF,DB,0,0,0,0,0,0,0,0,0,0,0,0
2025,15,TEN,SF,DL,0,0,0,0,0,0,0,0,0,0,0,0
2025,15,TEN,SF,LB,0,0,0,0,0,0,0,0,0,0,0,0
2025,15,TEN,SF,OL,0,0,0,0,0,0,0,0,0,0,0,0
2025,15,TEN,SF,QB,30,23,295,3,0,7,44,0,0,0,0,0
2025,15,TEN,SF,RB,0,0,0,0,0,31,94,1,2,2,21,0
2025,15,TEN,SF,SPEC,0,0,0,0,0,0,0,0,0,0,0,0
2025,15,TEN,SF,TE,0,0,0,0,0,0,0,0,9,8,88,1
2025,15,TEN,SF,WR,0,0,0,0,0,0,0,0,17,13,186,2
2025,15,WAS,NYG,ALL,37,20,246,2,0,29,146,1,36,20,246,2
2025,15,WAS,NYG,DB,0,0,0,0,0,0,0,0,0,0,0,0
2025,15,WAS,NYG,DL,0,0,0,0,0,0,0,0,0,0,0,0
2025,15,WAS,NYG,LB,0,0,0,0,0,0,0,0,0,0,0,0
2025,15,WAS,NYG,OL,0,0,0,0,0,0,0,0,0,0,0,0
2025,15,WAS,NYG,QB,37,20,246,2,0,9,63,0,0,0,0,0
2025,15,WAS,NYG,RB,0,0,0,0,0,20,83,1,5,4,28,1
2025,15,WAS,NYG,SPEC,0,0,0,0,0,0,0,0,0,0,0,0
2025,15,WAS,NYG,TE,0,0,0,0,0,0,0,0,8,6,107,0
2025,15,WAS,NYG,WR,0,0,0,0,0,0,0,0,23,10,111,1
2025,16,ARI,ATL,ALL,35,21,197,2,0,37,152,1,34,21,197,2
2025,16,ARI,ATL,DB,0,0,0,0,0,0,0,0,0,0,0,0
2025,16,ARI,ATL,DL,0,0,0,0,0,0,0,0,0,0,0,0
2025,16,ARI,ATL,LB,0,0,0,0,0,0,0,0,0,0,0,0
2025,16,ARI,ATL,OL,0,0,0,0,0,0,0,0,1,0,0,0
2025,16,ARI,ATL,QB,35,21,197,2,0,5,-3,1,0,0,0,0
2025,16,ARI,ATL,RB,0,0,0,0,0,32,155,0,12,8,86,1
2025,16,ARI,ATL,SPEC,0,0,0,0,0,0,0,0,0,0,0,0
2025,16,ARI,ATL,TE,0,0,0,0,0,0,0,0,10,8,60,1
2025,16,ARI,ATL,WR,0,0,0,0,0,0,0,0,11,5,51,0
2025,16,ATL,ARI,ALL,31,16,203,1,0,23,132,0,29,16,203,1
2025,16,ATL,ARI,DB,0,0,0,0,0,0,0,0,0,0,0,0
2025,16,ATL,ARI,DL,0,0,0,0,0,0,0,0,0,0,0,0
2025,16,ATL,ARI,LB,0,0,0,0,0,0,0,0,0,0,0,0
2025,16,ATL,ARI,OL,0,0,0,0,0,0,0,0,0,0,0,0
2025,16,ATL,ARI,QB,31,16,203,1,0,1,5,0,0,0,0,0
2025,16,ATL,ARI,RB,0,0,0,0,0,22,127,0,3,0,0,0
2025,16,ATL,ARI,SPEC,0,0,0,0,0,0,0,0,0,0,0,0
2025,16,ATL,ARI,TE,0,0,0,0,0,0,0,0,17,11,118,0
2025,16,ATL,ARI,WR,0,0,0,0,0,0,0,0,9,5,85,1
2025,16,BAL,NE,ALL,44,31,380,2,0,23,79,1,42,31,380,2
2025,16,BAL,NE,DB,0,0,0,0,0,0,0,0,0,0,0,0
2025,16,BAL,NE,DL,0,0,0,0,0,0,0,0,0,0,0,0
2025,16,BAL,NE,LB,0,0,0,0,0,0,0,0,0,0,0,0
2025,16,BAL,NE,OL,0,0,0,0,0,0,0,0,0,0,0,0
2025,16,BAL,NE,QB,44,31,380,2,0,10,25,0,0,0,0,0
2025,16,BAL,NE,RB,0,0,0,0,0,13,54,1,4,3,36,0
2025,16,BAL,NE,SPEC,0,0,0,0,0,0,0,0,0,0,0,0
2025,16,BAL,NE,TE,0,0,0,0,0,0,0,0,11,8,69,1
2025,16,BAL,NE,WR,0,0,0,0,0,0,0,0,27,20,275,1
2025,16,BUF,CLE,ALL,30,20,157,1,0,31,160,1,27,20,157,1
2025,16,BUF,CLE,DB,0,0,0,0,0,0,0,0,0,0,0,0
2025,16,BUF,CLE,DL,0,0,0,0,0,0,0,0,0,0,0,0
2025,16,BUF,CLE,LB,0,0,0,0,0,0,0,0,0,0,0,0
2025,16,BUF,CLE,OL,0,0,0,0,0,0,0,0,0,0,0,0
2025,16,BUF,CLE,QB,29,20,157,1,0,4,49,0,0,0,0,0
2025,16,BUF,CLE,RB,0,0,0,0,0,22,81,0,11,10,71,0
2025,16,BUF,CLE,SPEC,1,0,0,0,0,0,0,0,0,0,0,0
2025,16,BUF,CLE,TE,0,0,0,0,0,1,1,1,7,4,34,1
2025,16,BUF,CLE,WR,0,0,0,0,0,4,29,0,9,6,52,0
2025,16,CAR,TB,ALL,26,18,145,1,0,33,169,1,25,18,145,1
2025,16,CAR,TB,DB,0,0,0,0,0,0,0,0,0,0,0,0
2025,16,CAR,TB,DL,0,0,0,0,0,0,0,0,0,0,0,0
2025,16,CAR,TB,LB,0,0,0,0,0,0,0,0,0,0,0,0
2025,16,CAR,TB,OL,0,0,0,0,0,0,0,0,0,0,0,0
2025,16,CAR,TB,QB,26,18,145,1,0,4,49,0,0,0,0,0
2025,16,CAR,TB,RB,0,0,0,0,0,28,119,1,2,2,15,0
2025,16,CAR,TB,SPEC,0,0,0,0,0,0,0,0,0,0,0,0
2025,16,CAR,TB,TE,0,0,0,0,0,0,0,0,2,2,15,0
2025,16,CAR,TB,WR,0,0,0,0,0,1,1,0,21,14,115,1
2025,16,CHI,GB,ALL,24,17,198,1,0,44,192,0,24,17,198,1
2025,16,CHI,GB,DB,0,0,0,0,0,0,0,0,0,0,0,0
2025,16,CHI,GB,DL,0,0,0,0,0,0,0,0,0,0,0,0
2025,16,CHI,GB,LB,0,0,0,0,0,0,0,0,0,0,0,0
2025,16,CHI,GB,QB,24,17,198,1,0,12,51,0,0,0,0,0
2025,16,CHI,GB,RB,0,0,0,0,0,27,122,0,2,2,12,0
2025,16,CHI,GB,SPEC,0,0,0,0,0,0,0,0,0,0,0,0
2025,16,CHI,GB,TE,0,0,0,0,0,0,0,0,4,3,38,0
2025,16,CHI,GB,WR,0,0,0,0,0,5,19,0,18,12,148,1
2025,16,CIN,MIA,ALL,30,20,260,0,0,28,129,3,29,20,260,0
2025,16,CIN,MIA,DB,0,0,0,0,0,0,0,0,0,0,0,0
2025,16,CIN,MIA,DL,0,0,0,0,0,0,0,0,0,0,0,0
2025,16,CIN,MIA,LB,0,0,0,0,0,0,0,0,0,0,0,0
2025,16,CIN,MIA,OL,0,0,0,0,0,0,0,0,0,0,0,0
2025,16,CIN,MIA,QB,30,20,260,0,0,2,5,0,0,0,0,0
2025,16,CIN,MIA,RB,0,0,0,0,0,25,115,2,6,5,36,0
2025,16,CIN,MIA,SPEC,0,0,0,0,0,0,0,0,0,0,0,0
2025,16,CIN,MIA,TE,0,0,0,0,0,0,0,0,8,6,86,0
2025,16,CIN,MIA,WR,0,0,0,0,0,1,9,1,15,9,138,0
2025,16,CLE,BUF,ALL,19,12,130,0,0,29,164,3,18,12,130,0
2025,16,CLE,BUF,DB,0,0,0,0,0,0,0,0,0,0,0,0
2025,16,CLE,BUF,DL,0,0,0,0,0,0,0,0,0,0,0,0
2025,16,CLE,BUF,LB,0,0,0,0,0,0,0,0,0,0,0,0
2025,16,CLE,BUF,OL,0,0,0,0,0,0,0,0,0,0,0,0
2025,16,CLE,BUF,QB,19,12,130,0,0,7,17,0,0,0,0,0
2025,16,CLE,BUF,RB,0,0,0,0,0,22,147,3,4,3,37,0
2025,16,CLE,BUF,SPEC,0,0,0,0,0,0,0,0,0,0,0,0
2025,16,CLE,BUF,TE,0,0,0,0,0,0,0,0,5,3,36,0
2025,16,CLE,BUF,WR,0,0,0,0,0,0,0,0,9,6,57,0
2025,16,DAL,LAC,ALL,29,23,300,2,0,33,152,2,28,23,300,2
2025,16,DAL,LAC,DB,0,0,0,0,0,0,0,0,0,0,0,0
2025,16,DAL,LAC,DL,0,0,0,0,0,0,0,0,0,0,0,0
2025,16,DAL,LAC,LB,0,0,0,0,0,0,0,0,0,0,0,0
2025,16,DAL,LAC,OL,0,0,0,0,0,0,0,0,0,0,0,0
2025,16,DAL,LAC,QB,29,23,300,2,0,8,42,1,0,0,0,0
2025,16,DAL,LAC,RB,0,0,0,0,0,25,110,1,2,1,10,0
2025,16,DAL,LAC,SPEC,0,0,0,0,0,0,0,0,0,0,0,0
2025,16,DAL,LAC,TE,0,0,0,0,0,0,0,0,4,4,35,0
2025,16,DAL,LAC,WR,0,0,0,0,0,0,0,0,22,18,255,2
2025,16,DEN,JAX,ALL,36,23,279,3,0,27,81,1,35,23,279,3
2025,16,DEN,JAX,DB,0,0,0,0,0,0,0,0,0,0,0,0
2025,16,DEN,JAX,DL,0,0,0,0,0,0,0,0,0,0,0,0
2025,16,DEN,JAX,LB,0,0,0,0,0,0,0,0,0,0,0,0
2025,16,DEN,JAX,QB,36,23,279,3,0,6,20,1,0,0,0,0
2025,16,DEN,JAX,RB,0,0,0,0,0,20,60,0,5,4,16,1
2025,16,DEN,JAX,SPEC,0,0,0,0,0,0,0,0,0,0,0,0
2025,16,DEN,JAX,TE,0,0,0,0,0,0,0,0,8,6,44,1
2025,16,DEN,JAX,WR,0,0,0,0,0,1,1,0,22,13,219,1
2025,16,DET,PIT,ALL,41,27,266,1,0,27,230,2,38,27,266,1
2025,16,DET,PIT,DB,0,0,0,0,0,0,0,0,0,0,0,0
2025,16,DET,PIT,DL,0,0,0,0,0,0,0,0,0,0,0,0
2025,16,DET,PIT,LB,0,0,0,0,0,0,0,0,0,0,0,0
2025,16,DET,PIT,OL,0,0,0,0,0,0,0,0,0,0,0,0
2025,16,DET,PIT,QB,41,27,266,1,0,2,9,0,0,0,0,0
2025,16,DET,PIT,RB,0,0,0,0,0,23,193,2,9,7,86,1
2025,16,DET,PIT,SPEC,0,0,0,0,0,0,0,0,0,0,0,0
2025,16,DET,PIT,TE,0,0,0,0,0,2,28,0,9,7,56,0
2025,16,DET,PIT,WR,0,0,0,0,0,0,0,0,20,13,124,0
2025,16,GB,CHI,ALL,34,19,250,2,0,26,150,0,29,19,250,2
2025,16,GB,CHI,DB,0,0,0,0,0,0,0,0,0,0,0,0
2025,16,GB,CHI,DL,0,0,0,0,0,0,0,0,0,0,0,0
2025,16,GB,CHI,LB,0,0,0,0,0,0,0,0,0,0,0,0
2025,16,GB,CHI,OL,0,0,0,0,0,0,0,0,0,0,0,0
2025,16,GB,CHI,QB,34,19,250,2,0,3,30,0,0,0,0,0
2025,16,GB,CHI,RB,0,0,0,0,0,22,108,0,6,5,55,0
2025,16,GB,CHI,SPEC,0,0,0,0,0,0,0,0,0,0,0,0
2025,16,GB,CHI,TE,0,0,0,0,0,0,0,0,8,5,44,0
2025,16,GB,CHI,WR,0,0,0,0,0,1,12,0,15,9,151,2
2025,16,HOU,LV,ALL,23,16,201,2,0,27,145,1,22,16,201,2
2025,16,HOU,LV,DB,0,0,0,0,0,0,0,0,0,0,0,0
2025,16,HOU,LV,DL,0,0,0,0,0,0,0,0,0,0,0,0
2025,16,HOU,LV,LB,0,0,0,0,0,0,0,0,0,0,0,0
2025,16,HOU,LV,OL,0,0,0,0,0,0,0,0,0,0,0,0
2025,16,HOU,LV,QB,23,16,201,2,0,0,0,0,0,0,0,0
2025,16,HOU,LV,RB,0,0,0,0,0,25,134,1,3,2,63,1
2025,16,HOU,LV,SPEC,0,0,0,0,0,0,0,0,0,0,0,0
2025,16,HOU,LV,TE,0,0,0,0,0,0,0,0,8,6,43,1
2025,16,HOU,LV,WR,0,0,0,0,0,2,11,0,11,8,95,0
2025,16,IND,SF,ALL,34,25,295,5,0,31,145,0,33,25,295,5
2025,16,IND,SF,DB,0,0,0,0,0,0,0,0,0,0,0,0
2025,16,IND,SF,DL,0,0,0,0,0,0,0,0,0,0,0,0
2025,16,IND,SF,LB,0,0,0,0,0,0,0,0,0,0,0,0
2025,16,IND,SF,QB,34,25,295,5,0,5,8,0,0,0,0,0
2025,16,IND,SF,RB,0,0,0,0,0,26,137,0,9,6,29,2
2025,16,IND,SF,SPEC,0,0,0,0,0,0,0,0,0,0,0,0
2025,16,IND,SF,TE,0,0,0,0,0,0,0,0,10,8,122,1
2025,16,IND,SF,WR,0,0,0,0,0,0,0,0,14,11,144,2
2025,16,JAX,DEN,ALL,47,28,352,1,0,17,101,1,46,28,352,1
2025,16,JAX,DEN,DB,0,0,0,0,0,0,0,0,0,0,0,0
2025,16,JAX,DEN,DL,0,0,0,0,0,0,0,0,0,0,0,0
2025,16,JAX,DEN,LB,0,0,0,0,0,0,0,0,0,0,0,0
2025,16,JAX,DEN,OL,0,0,0,0,0,0,0,0,0,0,0,0
2025,16,JAX,DEN,QB,47,28,352,1,0,4,11,0,0,0,0,0
2025,16,JAX,DEN,RB,0,0,0,0,0,12,87,1,8,5,73,0
2025,16,JAX,DEN,SPEC,0,0,0,0,0,0,0,0,0,0,0,0
2025,16,JAX,DEN,TE,0,0,0,0,0,0,0,0,8,4,50,0
2025,16,JAX,DEN,WR,0,0,0,0,0,1,3,0,30,19,229,1
2025,16,KC,TEN,ALL,28,21,228,2,0,40,164,1,27,21,228,2
2025,16,KC,TEN,DB,0,0,0,0,0,0,0,0,0,0,0,0
2025,16,KC,TEN,DL,0,0,0,0,0,0,0,0,0,0,0,0
2025,16,KC,TEN,LB,0,0,0,0,0,0,0,0,0,0,0,0
2025,16,KC,TEN,OL,0,0,0,0,0,0,0,0,0,0,0,0
2025,16,KC,TEN,QB,28,21,228,2,0,4,9,0,0,0,0,0
2025,16,KC,TEN,RB,0,0,0,0,0,36,155,1,5,5,53,0
2025,16,KC,TEN,SPEC,0,0,0,0,0,0,0,0,0,0,0,0
2025,16,KC,TEN,TE,0,0,0,0,0,0,0,0,11,8,53,1
2025,16,KC,TEN,WR,0,0,0,0,0,0,0,0,11,8,122,1
2025,16,LA,SEA,ALL,34,22,270,2,0,25,171,2,31,22,270,2
2025,16,LA,SEA,DB,0,0,0,0,0,0,0,0,0,0,0,0
2025,16,LA,SEA,DL,0,0,0,0,0,0,0,0,0,0,0,0
2025,16,LA,SEA,LB,0,0,0,0,0,0,0,0,0,0,0,0
2025,16,LA,SEA,OL,0,0,0,0,0,0,0,0,0,0,0,0
2025,16,LA,SEA,QB,34,22,270,2,0,3,7,0,0,0,0,0
2025,16,LA,SEA,RB,0,0,0,0,0,20,132,2,7,7,86,0
2025,16,LA,SEA,SPEC,0,0,0,0,0,0,0,0,0,0,0,0
2025,16,LA,SEA,TE,0,0,0,0,0,1,1,0,6,4,49,1
2025,16,LA,SEA,WR,0,0,0,0,0,1,31,0,18,11,135,1
2025,16,LAC,DAL,ALL,32,23,255,2,0,23,91,0,32,23,255,2
2025,16,LAC,DAL,DB,0,0,0,0,0,0,0,0,0,0,0,0
2025,16,LAC,DAL,DL,0,0,0,0,0,0,0,0,0,0,0,0
2025,16,LAC,DAL,LB,0,0,0,0,0,0,0,0,0,0,0,0
2025,16,LAC,DAL,OL,0,0,0,0,0,0,0,0,0,0,0,0
2025,16,LAC,DAL,QB,32,23,255,2,0,3,21,0,0,0,0,0
2025,16,LAC,DAL,RB,0,0,0,0,0,18,57,0,5,3,23,0
2025,16,LAC,DAL,SPEC,0,0,0,0,0,0,0,0,0,0,0,0
2025,16,LAC,DAL,TE,0,0,0,0,0,0,0,0,4,3,19,0
2025,16,LAC,DAL,WR,0,0,0,0,0,2,13,0,23,17,213,2
2025,16,LV,HOU,ALL,35,23,187,1,0,26,83,0,34,23,187,1
2025,16,LV,HOU,DB,0,0,0,0,0,0,0,0,0,0,0,0
2025,16,LV,HOU,DL,0,0,0,0,0,0,0,0,0,0,0,0
2025,16,LV,HOU,LB,0,0,0,0,0,0,0,0,0,0,0,0
2025,16,LV,HOU,OL,0,0,0,0,0,0,0,0,0,0,0,0
2025,16,LV,HOU,QB,35,23,187,1,0,4,0,0,0,0,0,0
2025,16,LV,HOU,RB,0,0,0,0,0,22,83,0,7,7,28,0
2025,16,LV,HOU,SPEC,0,0,0,0,0,0,0,0,0,0,0,0
2025,16,LV,HOU,TE,0,0,0,0,0,0,0,0,8,7,42,1
2025,16,LV,HOU,WR,0,0,0,0,0,0,0,0,19,9,117,0
2025,16,MIA,CIN,ALL,33,26,313,4,0,26,105,2,31,26,313,4
2025,16,MIA,CIN,DB,0,0,0,0,0,0,0,0,0,0,0,0
2025,16,MIA,CIN,DL,0,0,0,0,0,0,0,0,0,0,0,0
2025,16,MIA,CIN,LB,0,0,0,0,0,0,0,0,0,0,0,0
2025,16,MIA,CIN,OL,0,0,0,0,0,0,0,0,0,0,0,0
2025,16,MIA,CIN,QB,33,26,313,4,0,2,6,0,0,0,0,0
2025,16,MIA,CIN,RB,0,0,0,0,0,23,98,2,7,6,59,2
2025,16,MIA,CIN,SPEC,0,0,0,0,0,0,0,0,0,0,0,0
2025,16,MIA,CIN,TE,0,0,0,0,0,0,0,0,8,7,71,1
2025,16,MIA,CIN,WR,0,0,0,0,0,1,1,0,16,13,183,1
2025,16,MIN,NYG,ALL,13,7,33,0,0,30,128,0,13,7,33,0
2025,16,MIN,NYG,DB,0,0,0,0,0,0,0,0,0,0,0,0
2025,16,MIN,NYG,DL,0,0,0,0,0,0,0,0,0,0,0,0
2025,16,MIN,NYG,LB,0,0,0,0,0,0,0,0,0,0,0,0
2025,16,MIN,NYG,OL,0,0,0,0,0,0,0,0,0,0,0,0
2025,16,MIN,NYG,QB,13,7,33,0,0,2,7,0,0,0,0,0
2025,16,MIN,NYG,RB,0,0,0,0,0,27,118,0,3,3,6,0
2025,16,MIN,NYG,SPEC,0,0,0,0,0,0,0,0,0,0,0,0
2025,16,MIN,NYG,TE,0,0,0,0,0,0,0,0,2,0,0,0
2025,16,MIN,NYG,WR,0,0,0,0,0,1,3,0,8,4,27,0
2025,16,NE,BAL,ALL,20,16,166,0,0,33,171,3,20,16,166,0
2025,16,NE,BAL,DB,0,0,0,0,0,0,0,0,0,0,0,0
2025,16,NE,BAL,DL,0,0,0,0,0,0,0,0,0,0,0,0
2025,16,NE,BAL,LB,0,0,0,0,0,0,0,0,0,0,0,0
2025,16,NE,BAL,OL,0,0,0,0,0,0,0,0,0,0,0,0
2025,16,NE,BAL,QB,20,16,166,0,0,4,9,0,0,0,0,0
2025,16,NE,BAL,RB,0,0,0,0,0,27,141,2,2,2,2,0
2025,16,NE,BAL,SPEC,0,0,0,0,0,0,0,0,0,0,0,0
2025,16,NE,BAL,TE,0,0,0,0,0,1,3,0,4,3,39,0
2025,16,NE,BAL,WR,0,0,0,0,0,1,18,1,14,11,125,0
2025,16,NO,NYJ,ALL,35,22,188,0,0,20,64,0,34,22,188,0
2025,16,NO,NYJ,DB,0,0,0,0,0,0,0,0,0,0,0,0
2025,16,NO,NYJ,DL,0,0,0,0,0,0,0,0,0,0,0,0
2025,16,NO,NYJ,LB,0,0,0,0,0,0,0,0,0,0,0,0
2025,16,NO,NYJ,OL,0,0,0,0,0,0,0,0,0,0,0,0
2025,16,NO,NYJ,QB,35,22,188,0,0,1,2,0,0,0,0,0
2025,16,NO,NYJ,RB,0,0,0,0,0,19,62,0,7,6,61,0
2025,16,NO,NYJ,SPEC,0,0,0,0,0,0,0,0,0,0,0,0
2025,16,NO,NYJ,TE,0,0,0,0,0,0,0,0,10,7,48,0
2025,16,NO,NYJ,WR,0,0,0,0,0,0,0,0,17,9,79,0
2025,16,NYG,MIN,ALL,23,16,160,0,0,31,114,1,23,16,160,0
2025,16,NYG,MIN,DB,0,0,0,0,0,0,0,0,0,0,0,0
2025,16,NYG,MIN,DL,0,0,0,0,0,0,0,0,0,0,0,0
2025,16,NYG,MIN,LB,0,0,0,0,0,0,0,0,0,0,0,0
2025,16,NYG,MIN,OL,0,0,0,0,0,0,0,0,0,0,0,0
2025,16,NYG,MIN,QB,23,16,160,0,0,5,17,1,0,0,0,0
2025,16,NYG,MIN,RB,0,0,0,0,0,26,97,0,5,4,22,0
2025,16,NYG,MIN,SPEC,0,0,0,0,0,0,0,0,0,0,0,0
2025,16,NYG,MIN,TE,0,0,0,0,0,0,0,0,4,3,21,0
2025,16,NYG,MIN,WR,0,0,0,0,0,0,0,0,14,9,117,0
2025,16,NYJ,NO,ALL,50,33,346,2,0,25,84,0,47,33,346,2
2025,16,NYJ,NO,DB,0,0,0,0,0,0,0,0,0,0,0,0
2025,16,NYJ,NO,DL,0,0,0,0,0,0,0,0,0,0,0,0
2025,16,NYJ,NO,LB,0,0,0,0,0,0,0,0,0,0,0,0
2025,16,NYJ,NO,OL,0,0,0,0,0,0,0,0,0,0,0,0
2025,16,NYJ,NO,QB,49,32,308,1,0,2,8,0,0,0,0,0
2025,16,NYJ,NO,RB,0,0,0,0,0,10,22,0,4,3,17,0
2025,16,NYJ,NO,SPEC,0,0,0,0,0,0,0,0,0,0,0,0
2025,16,NYJ,NO,TE,1,1,38,1,0,12,42,0,18,14,134,0
2025,16,NYJ,NO,WR,0,0,0,0,0,1,12,0,25,16,195,2
2025,16,PHI,WAS,ALL,23,12,138,0,0,26,90,2,20,12,138,0
2025,16,PHI,WAS,DB,0,0,0,0,0,0,0,0,0,0,0,0
2025,16,PHI,WAS,DL,0,0,0,0,0,0,0,0,0,0,0,0
2025,16,PHI,WAS,LB,0,0,0,0,0,0,0,0,0,0,0,0
2025,16,PHI,WAS,OL,0,0,0,0,0,0,0,0,0,0,0,0
2025,16,PHI,WAS,QB,23,12,138,0,0,2,-1,0,0,0,0,0
2025,16,PHI,WAS,RB,0,0,0,0,0,24,91,2,4,3,15,0
2025,16,PHI,WAS,SPEC,0,0,0,0,0,0,0,0,0,0,0,0
2025,16,PHI,WAS,TE,0,0,0,0,0,0,0,0,3,1,5,0
2025,16,PHI,WAS,WR,0,0,0,0,0,0,0,0,13,8,118,0
2025,16,PIT,DET,ALL,54,34,364,3,0,12,15,0,52,34,364,3
2025,16,PIT,DET,DB,0,0,0,0,0,0,0,0,0,0,0,0
2025,16,PIT,DET,DL,0,0,0,0,0,0,0,0,0,0,0,0
2025,16,PIT,DET,LB,0,0,0,0,0,0,0,0,0,0,0,0
2025,16,PIT,DET,OL,0,0,0,0,0,0,0,0,0,0,0,0
2025,16,PIT,DET,QB,54,34,364,3,0,1,-1,0,0,0,0,0
2025,16,PIT,DET,RB,0,0,0,0,0,11,16,0,13,10,66,1
2025,16,PIT,DET,SPEC,0,0,0,0,0,0,0,0,0,0,0,0
2025,16,PIT,DET,TE,0,0,0,0,0,0,0,0,9,7,60,0
2025,16,PIT,DET,WR,0,0,0,0,0,0,0,0,30,17,238,2
2025,16,SEA,LA,ALL,49,29,457,3,0,39,124,1,48,29,457,3
2025,16,SEA,LA,DB,0,0,0,0,0,0,0,0,0,0,0,0
2025,16,SEA,LA,DL,0,0,0,0,0,0,0,0,0,0,0,0
2025,16,SEA,LA,LB,0,0,0,0,0,0,0,0,0,0,0,0
2025,16,SEA,LA,OL,0,0,0,0,0,0,0,0,0,0,0,0
2025,16,SEA,LA,OTHER,0,0,0,0,0,0,0,0,0,0,0,0
2025,16,SEA,LA,QB,49,29,457,3,0,2,6,0,0,0,0,0
2025,16,SEA,LA,RB,0,0,0,0,0,37,118,1,8,4,28,0
2025,16,SEA,LA,SPEC,0,0,0,0,0,0,0,0,0,0,0,0
2025,16,SEA,LA,TE,0,0,0,0,0,0,0,0,13,7,88,1
2025,16,SEA,LA,WR,0,0,0,0,0,0,0,0,27,18,341,2
2025,16,SF,IND,ALL,36,23,277,2,0,20,58,1,36,23,277,2
2025,16,SF,IND,DB,0,0,0,0,0,0,0,0,0,0,0,0
2025,16,SF,IND,DL,0,0,0,0,0,0,0,0,0,0,0,0
2025,16,SF,IND,LB,0,0,0,0,0,0,0,0,0,0,0,0
2025,16,SF,IND,OL,0,0,0,0,0,0,0,0,0,0,0,0
2025,16,SF,IND,QB,36,23,277,2,0,0,0,0,0,0,0,0
2025,16,SF,IND,RB,0,0,0,0,0,19,55,1,4,4,37,0
2025,16,SF,IND,SPEC,0,0,0,0,0,0,0,0,0,0,0,0
2025,16,SF,IND,TE,0,0,0,0,0,0,0,0,13,6,57,0
2025,16,SF,IND,WR,0,0,0,0,0,1,3,0,19,13,183,2
2025,16,TB,CAR,ALL,32,21,191,2,0,20,101,0,31,21,191,2
2025,16,TB,CAR,DB,0,0,0,0,0,0,0,0,0,0,0,0
2025,16,TB,CAR,DL,0,0,0,0,0,0,0,0,0,0,0,0
2025,16,TB,CAR,LB,0,0,0,0,0,0,0,0,0,0,0,0
2025,16,TB,CAR,OL,0,0,0,0,0,0,0,0,0,0,0,0
2025,16,TB,CAR,QB,32,21,191,2,0,4,20,0,0,0,0,0
2025,16,TB,CAR,RB,0,0,0,0,0,15,56,0,7,5,21,0
2025,16,TB,CAR,SPEC,0,0,0,0,0,0,0,0,0,0,0,0
2025,16,TB,CAR,TE,0,0,0,0,0,0,0,0,6,6,38,1
2025,16,TB,CAR,WR,0,0,0,0,0,1,25,0,18,10,132,1
2025,16,TEN,KC,ALL,24,14,126,0,0,15,51,0,22,14,126,0
2025,16,TEN,KC,DB,0,0,0,0,0,0,0,0,0,0,0,0
2025,16,TEN,KC,DL,0,0,0,0,0,0,0,0,0,0,0,0
2025,16,TEN,KC,LB,0,0,0,0,0,0,0,0,0,0,0,0
2025,16,TEN,KC,OL,0,0,0,0,0,0,0,0,0,0,0,0
2025,16,TEN,KC,QB,24,14,126,0,0,3,15,0,0,0,0,0
2025,16,TEN,KC,RB,0,0,0,0,0,11,36,0,8,7,45,0
2025,16,TEN,KC,SPEC,0,0,0,0,0,0,0,0,0,0,0,0
2025,16,TEN,KC,TE,0,0,0,0,0,0,0,0,4,1,6,0
2025,16,TEN,KC,WR,0,0,0,0,0,1,0,0,10,6,75,0
2025,16,WAS,PHI,ALL,30,22,185,2,0,34,207,2,29,22,185,2
2025,16,WAS,PHI,DB,0,0,0,0,0,0,0,0,0,0,0,0
2025,16,WAS,PHI,DL,0,0,0,0,0,0,0,0,0,0,0,0
2025,16,WAS,PHI,LB,0,0,0,0,0,0,0,0,0,0,0,0
2025,16,WAS,PHI,OL,0,0,0,0,0,0,0,0,0,0,0,0
2025,16,WAS,PHI,QB,30,22,185,2,0,9,38,0,0,0,0,0
2025,16,WAS,PHI,RB,0,0,0,0,0,25,169,2,3,1,3,0
2025,16,WAS,PHI,SPEC,0,0,0,0,0,0,0,0,0,0,0,0
2025,16,WAS,PHI,TE,0,0,0,0,0,0,0,0,3,3,32,1
2025,16,WAS,PHI,WR,0,0,0,0,0,0,0,0,23,18,150,1
2025,17,ARI,CIN,ALL,36,27,329,2,0,35,120,3,33,27,329,2
2025,17,ARI,CIN,DB,0,0,0,0,0,0,0,0,0,0,0,0
2025,17,ARI,CIN,DL,0,0,0,0,0,0,0,0,0,0,0,0
2025,17,ARI,CIN,LB,0,0,0,0,0,0,0,0,0,0,0,0
2025,17,ARI,CIN,OL,0,0,0,0,0,0,0,0,1,1,21,0
2025,17,ARI,CIN,QB,36,27,329,2,0,7,4,0,0,0,0,0
2025,17,ARI,CIN,RB,0,0,0,0,0,28,116,3,5,5,57,0
2025,17,ARI,CIN,SPEC,0,0,0,0,0,0,0,0,0,0,0,0
2025,17,ARI,CIN,TE,0,0,0,0,0,0,0,0,6,5,86,0
2025,17,ARI,CIN,WR,0,0,0,0,0,0,0,0,21,16,165,2
2025,17,ATL,LA,ALL,38,22,269,2,0,20,115,0,36,22,269,2
2025,17,ATL,LA,DB,0,0,0,0,0,0,0,0,0,0,0,0
2025,17,ATL,LA,DL,0,0,0,0,0,0,0,0,0,0,0,0
2025,17,ATL,LA,LB,0,0,0,0,0,0,0,0,0,0,0,0
2025,17,ATL,LA,OL,0,0,0,0,0,0,0,0,0,0,0,0
2025,17,ATL,LA,QB,38,22,269,2,0,0,0,0,0,0,0,0
2025,17,ATL,LA,RB,0,0,0,0,0,20,115,0,3,3,38,0
2025,17,ATL,LA,SPEC,0,0,0,0,0,0,0,0,0,0,0,0
2025,17,ATL,LA,TE,0,0,0,0,0,0,0,0,11,8,107,1
2025,17,ATL,LA,WR,0,0,0,0,0,0,0,0,22,11,124,1
2025,17,BAL,GB,ALL,25,19,296,1,0,17,79,2,25,19,296,1
2025,17,BAL,GB,DB,0,0,0,0,0,0,0,0,0,0,0,0
2025,17,BAL,GB,DL,0,0,0,0,0,0,0,0,0,0,0,0
2025,17,BAL,GB,LB,0,0,0,0,0,0,0,0,0,0,0,0
2025,17,BAL,GB,OL,0,0,0,0,0,0,0,0,0,0,0,0
2025,17,BAL,GB,QB,25,19,296,1,0,10,60,2,0,0,0,0
2025,17,BAL,GB,RB,0,0,0,0,0,7,19,0,4,3,19,0
2025,17,BAL,GB,SPEC,0,0,0,0,0,0,0,0,0,0,0,0
2025,17,BAL,GB,TE,0,0,0,0,0,0,0,0,1,1,8,0
2025,17,BAL,GB,WR,0,0,0,0,0,0,0,0,20,15,269,1
2025,17,BUF,PHI,ALL,27,13,110,1,0,26,82,0,22,13,110,1
2025,17,BUF,PHI,DB,0,0,0,0,0,0,0,0,0,0,0,0
2025,17,BUF,PHI,DL,0,0,0,0,0,0,0,0,0,0,0,0
2025,17,BUF,PHI,LB,0,0,0,0,0,0,0,0,0,0,0,0
2025,17,BUF,PHI,QB,27,13,110,1,0,3,5,0,0,0,0,0
2025,17,BUF,PHI,RB,0,0,0,0,0,23,77,0,1,1,2,0
2025,17,BUF,PHI,SPEC,0,0,0,0,0,0,0,0,0,0,0,0
2025,17,BUF,PHI,TE,0,0,0,0,0,0,0,0,7,4,11,1
2025,17,BUF,PHI,WR,0,0,0,0,0,0,0,0,14,8,97,0
2025,17,CAR,SEA,ALL,27,18,147,1,0,36,163,2,26,18,147,1
2025,17,CAR,SEA,DB,0,0,0,0,0,0,0,0,0,0,0,0
2025,17,CAR,SEA,DL,0,0,0,0,0,0,0,0,0,0,0,0
2025,17,CAR,SEA,LB,0,0,0,0,0,0,0,0,0,0,0,0
2025,17,CAR,SEA,QB,27,18,147,1,0,3,2,0,0,0,0,0
2025,17,CAR,SEA,RB,0,0,0,0,0,33,161,2,4,4,18,0
2025,17,CAR,SEA,SPEC,0,0,0,0,0,0,0,0,0,0,0,0
2025,17,CAR,SEA,TE,0,0,0,0,0,0,0,0,5,3,43,1
2025,17,CAR,SEA,WR,0,0,0,0,0,0,0,0,17,11,86,0
2025,17,CHI,SF,ALL,33,24,303,3,0,34,200,3,33,24,303,3
2025,17,CHI,SF,DB,0,0,0,0,0,0,0,0,0,0,0,0
2025,17,CHI,SF,DL,0,0,0,0,0,0,0,0,0,0,0,0
2025,17,CHI,SF,LB,0,0,0,0,0,0,0,0,0,0,0,0
2025,17,CHI,SF,OL,0,0,0,0,0,0,0,0,0,0,0,0
2025,17,CHI,SF,QB,33,24,303,3,0,6,28,2,0,0,0,0
2025,17,CHI,SF,RB,0,0,0,0,0,27,162,1,9,7,61,1
2025,17,CHI,SF,SPEC,0,0,0,0,0,0,0,0,0,0,0,0
2025,17,CHI,SF,TE,0,0,0,0,0,0,0,0,9,7,60,1
2025,17,CHI,SF,WR,0,0,0,0,0,1,10,0,15,10,182,1
2025,17,CIN,ARI,ALL,37,21,212,2,0,13,42,0,35,21,212,2
2025,17,CIN,ARI,DB,0,0,0,0,0,0,0,0,0,0,0,0
2025,17,CIN,ARI,DL,0,0,0,0,0,0,0,0,0,0,0,0
2025,17,CIN,ARI,LB,0,0,0,0,0,0,0,0,0,0,0,0
2025,17,CIN,ARI,OL,0,0,0,0,0,0,0,0,0,0,0,0
2025,17,CIN,ARI,QB,37,21,212,2,0,0,0,0,0,0,0,0
2025,17,CIN,ARI,RB,0,0,0,0,0,13,42,0,7,4,23,0
2025,17,CIN,ARI,SPEC,0,0,0,0,0,0,0,0,0,0,0,0
2025,17,CIN,ARI,TE,0,0,0,0,0,0,0,0,14,10,76,1
2025,17,CIN,ARI,WR,0,0,0,0,0,0,0,0,14,7,113,1
2025,17,CLE,PIT,ALL,39,21,168,0,0,24,131,0,37,21,168,0
2025,17,CLE,PIT,DB,0,0,0,0,0,0,0,0,0,0,0,0
2025,17,CLE,PIT,DL,0,0,0,0,0,0,0,0,0,0,0,0
2025,17,CLE,PIT,LB,0,0,0,0,0,0,0,0,0,0,0,0
2025,17,CLE,PIT,OL,0,0,0,0,0,0,0,0,0,0,0,0
2025,17,CLE,PIT,QB,39,21,168,0,0,1,6,0,0,0,0,0
2025,17,CLE,PIT,RB,0,0,0,0,0,21,116,0,4,3,12,0
2025,17,CLE,PIT,SPEC,0,0,0,0,0,0,0,0,0,0,0,0
2025,17,CLE,PIT,TE,0,0,0,0,0,2,9,0,12,10,96,0
2025,17,CLE,PIT,WR,0,0,0,0,0,0,0,0,21,8,60,0
2025,17,DAL,WAS,ALL,23,15,198,0,0,16,138,2,21,15,198,0
2025,17,DAL,WAS,DB,0,0,0,0,0,0,0,0,0,0,0,0
2025,17,DAL,WAS,DL,0,0,0,0,0,0,0,0,0,0,0,0
2025,17,DAL,WAS,LB,0,0,0,0,0,0,0,0,0,0,0,0
2025,17,DAL,WAS,OL,0,0,0,0,0,0,0,0,0,0,0,0
2025,17,DAL,WAS,QB,23,15,198,0,0,2,10,0,0,0,0,0
2025,17,DAL,WAS,RB,0,0,0,0,0,12,103,2,3,3,12,0
2025,17,DAL,WAS,SPEC,0,0,0,0,0,0,0,0,0,0,0,0
2025,17,DAL,WAS,TE,0,0,0,0,0,0,0,0,4,3,29,0
2025,17,DAL,WAS,WR,0,0,0,0,0,2,25,0,14,9,157,0
2025,17,DEN,KC,ALL,22,13,66,1,0,19,82,0,20,13,66,1
2025,17,DEN,KC,DB,0,0,0,0,0,0,0,0,0,0,0,0
2025,17,DEN,KC,DL,0,0,0,0,0,0,0,0,0,0,0,0
2025,17,DEN,KC,LB,0,0,0,0,0,0,0,0,0,0,0,0
2025,17,DEN,KC,QB,22,13,66,1,0,2,11,0,0,0,0,0
2025,17,DEN,KC,RB,0,0,0,0,0,16,70,0,4,3,5,1
2025,17,DEN,KC,SPEC,0,0,0,0,0,0,0,0,0,0,0,0
2025,17,DEN,KC,TE,0,0,0,0,0,0,0,0,7,6,38,0
2025,17,DEN,KC,WR,0,0,0,0,0,1,1,0,9,4,23,0
2025,17,DET,MIN,ALL,16,9,51,0,0,28,158,2,14,9,51,0
2025,17,DET,MIN,DB,0,0,0,0,0,0,0,0,0,0,0,0
2025,17,DET,MIN,DL,0,0,0,0,0,0,0,0,0,0,0,0
2025,17,DET,MIN,LB,0,0,0,0,0,0,0,0,0,0,0,0
2025,17,DET,MIN,OL,0,0,0,0,0,0,0,0,0,0,0,0
2025,17,DET,MIN,QB,16,9,51,0,0,2,16,0,0,0,0,0
2025,17,DET,MIN,RB,0,0,0,0,0,25,77,1,4,3,10,0
2025,17,DET,MIN,SPEC,0,0,0,0,0,0,0,0,0,0,0,0
2025,17,DET,MIN,TE,0,0,0,0,0,0,0,0,3,2,11,0
2025,17,DET,MIN,WR,0,0,0,0,0,1,65,1,7,4,30,0
2025,17,GB,BAL,ALL,20,16,107,1,0,53,307,4,20,16,107,1
2025,17,GB,BAL,DB,0,0,0,0,0,0,0,0,0,0,0,0
2025,17,GB,BAL,DL,0,0,0,0,0,0,0,0,0,0,0,0
2025,17,GB,BAL,LB,0,0,0,0,0,0,0,0,0,0,0,0
2025,17,GB,BAL,QB,20,16,107,1,0,8,60,0,0,0,0,0
2025,17,GB,BAL,RB,0,0,0,0,0,45,247,4,5,4,15,0
2025,17,GB,BAL,SPEC,0,0,0,0,0,0,0,0,0,0,0,0
2025,17,GB,BAL,TE,0,0,0,0,0,0,0,0,8,7,55,0
2025,17,GB,BAL,WR,0,0,0,0,0,0,0,0,7,5,37,1
2025,17,HOU,LAC,ALL,32,21,236,1,0,22,74,1,31,21,236,1
2025,17,HOU,LAC,DB,0,0,0,0,0,0,0,0,0,0,0,0
2025,17,HOU,LAC,DL,0,0,0,0,0,0,0,0,0,0,0,0
2025,17,HOU,LAC,LB,0,0,0,0,0,0,0,0,0,0,0,0
2025,17,HOU,LAC,QB,32,21,236,1,0,6,37,0,0,0,0,0
2025,17,HOU,LAC,RB,0,0,0,0,0,15,30,1,8,8,31,0
2025,17,HOU,LAC,SPEC,0,0,0,0,0,0,0,0,0,0,0,0
2025,17,HOU,LAC,TE,0,0,0,0,0,0,0,0,8,5,51,1
2025,17,HOU,LAC,WR,0,0,0,0,0,1,7,0,15,8,154,0
2025,17,IND,JAX,ALL,37,23,263,0,0,29,121,2,37,23,263,0
2025,17,IND,JAX,DB,0,0,0,0,0,0,0,0,0,0,0,0
2025,17,IND,JAX,DL,0,0,0,0,0,0,0,0,0,0,0,0
2025,17,IND,JAX,LB,0,0,0,0,0,0,0,0,0,0,0,0
2025,17,IND,JAX,OL,0,0,0,0,0,0,0,0,0,0,0,0
2025,17,IND,JAX,QB,37,23,263,0,0,8,26,2,0,0,0,0
2025,17,IND,JAX,RB,0,0,0,0,0,20,100,0,4,2,16,0
2025,17,IND,JAX,SPEC,0,0,0,0,0,0,0,0,0,0,0,0
2025,17,IND,JAX,TE,0,0,0,0,0,0,0,0,6,3,54,0
2025,17,IND,JAX,WR,0,0,0,0,0,1,-5,0,27,18,193,0
2025,17,JAX,IND,ALL,31,17,147,1,0,22,69,1,29,17,147,1
2025,17,JAX,IND,DB,0,0,0,0,0,0,0,0,0,0,0,0
2025,17,JAX,IND,DL,0,0,0,0,0,0,0,0,0,0,0,0
2025,17,JAX,IND,LB,0,0,0,0,0,0,0,0,0,0,0,0
2025,17,JAX,IND,QB,31,17,147,1,0,1,-1,0,0,0,0,0
2025,17,JAX,IND,RB,0,0,0,0,0,21,70,1,7,4,18,0
2025,17,JAX,IND,SPEC,0,0,0,0,0,0,0,0,0,0,0,0
2025,17,JAX,IND,TE,0,0,0,0,0,0,0,0,9,9,79,1
2025,17,JAX,IND,WR,0,0,0,0,0,0,0,0,13,4,50,0
2025,17,KC,DEN,ALL,38,26,182,1,0,32,128,1,37,26,182,1
2025,17,KC,DEN,DB,0,0,0,0,0,0,0,0,0,0,0,0
2025,17,KC,DEN,DL,0,0,0,0,0,0,0,0,0,0,0,0
2025,17,KC,DEN,LB,0,0,0,0,0,0,0,0,0,0,0,0
2025,17,KC,DEN,OL,0,0,0,0,0,0,0,0,0,0,0,0
2025,17,KC,DEN,QB,38,26,182,1,0,9,42,1,0,0,0,0
2025,17,KC,DEN,RB,0,0,0,0,0,23,86,0,6,5,33,1
2025,17,KC,DEN,SPEC,0,0,0,0,0,0,0,0,0,0,0,0
2025,17,KC,DEN,TE,0,0,0,0,0,0,0,0,6,6,45,0
2025,17,KC,DEN,WR,0,0,0,0,0,0,0,0,25,15,104,0
2025,17,LA,ATL,ALL,20,13,126,1,0,33,219,1,20,13,126,1
2025,17,LA,ATL,DB,0,0,0,0,0,0,0,0,0,0,0,0
2025,17,LA,ATL,DL,0,0,0,0,0,0,0,0,0,0,0,0
2025,17,LA,ATL,LB,0,0,0,0,0,0,0,0,0,0,0,0
2025,17,LA,ATL,OL,0,0,0,0,0,0,0,0,0,0,0,0
2025,17,LA,ATL,QB,20,13,126,1,0,1,1,0,0,0,0,0
2025,17,LA,ATL,RB,0,0,0,0,0,32,218,1,8,5,34,1
2025,17,LA,ATL,SPEC,0,0,0,0,0,0,0,0,0,0,0,0
2025,17,LA,ATL,TE,0,0,0,0,0,0,0,0,3,2,16,0
2025,17,LA,ATL,WR,0,0,0,0,0,0,0,0,9,6,76,0
2025,17,LAC,HOU,ALL,28,16,244,2,0,34,118,0,26,16,244,2
2025,17,LAC,HOU,DB,0,0,0,0,0,0,0,0,0,0,0,0
2025,17,LAC,HOU,DL,0,0,0,0,0,0,0,0,0,0,0,0
2025,17,LAC,HOU,LB,0,0,0,0,0,0,0,0,0,0,0,0
2025,17,LAC,HOU,OL,0,0,0,0,0,0,0,0,0,0,0,0
2025,17,LAC,HOU,QB,28,16,244,2,0,4,0,0,0,0,0,0
2025,17,LAC,HOU,RB,0,0,0,0,0,28,108,0,2,1,4,0
2025,17,LAC,HOU,SPEC,0,0,0,0,0,0,0,0,0,0,0,0
2025,17,LAC,HOU,TE,0,0,0,0,0,0,0,0,4,3,19,0
2025,17,LAC,HOU,WR,0,0,0,0,0,2,10,0,20,12,221,2
2025,17,LV,NYG,ALL,30,22,207,0,0,31,155,3,29,22,207,0
2025,17,LV,NYG,DB,0,0,0,0,0,0,0,0,0,0,0,0
2025,17,LV,NYG,DL,0,0,0,0,0,0,0,0,0,0,0,0
2025,17,LV,NYG,LB,0,0,0,0,0,0,0,0,0,0,0,0
2025,17,LV,NYG,OL,0,0,0,0,0,0,0,0,0,0,0,0
2025,17,LV,NYG,QB,30,22,207,0,0,9,48,2,0,0,0,0
2025,17,LV,NYG,RB,0,0,0,0,0,22,107,1,6,5,20,0
2025,17,LV,NYG,SPEC,0,0,0,0,0,0,0,0,0,0,0,0
2025,17,LV,NYG,TE,0,0,0,0,0,0,0,0,3,2,11,0
2025,17,LV,NYG,WR,0,0,0,0,0,0,0,0,20,15,176,0
2025,17,MIA,TB,ALL,44,33,346,2,0,16,53,0,44,33,346,2
2025,17,MIA,TB,DB,0,0,0,0,0,0,0,0,0,0,0,0
2025,17,MIA,TB,DL,0,0,0,0,0,0,0,0,0,0,0,0
2025,17,MIA,TB,LB,0,0,0,0,0,0,0,0,0,0,0,0
2025,17,MIA,TB,OL,0,0,0,0,0,0,0,0,0,0,0,0
2025,17,MIA,TB,QB,44,33,346,2,0,3,16,0,0,0,0,0
2025,17,MIA,TB,RB,0,0,0,0,0,13,37,0,9,7,21,0
2025,17,MIA,TB,SPEC,0,0,0,0,0,0,0,0,0,0,0,0
2025,17,MIA,TB,TE,0,0,0,0,0,0,0,0,4,4,33,0
2025,17,MIA,TB,WR,0,0,0,0,0,0,0,0,31,22,292,2
2025,17,MIN,DET,ALL,29,18,197,1,0,30,68,0,29,18,197,1
2025,17,MIN,DET,DB,0,0,0,0,0,0,0,0,0,0,0,0
2025,17,MIN,DET,DL,0,0,0,0,0,0,0,0,0,0,0,0
2025,17,MIN,DET,LB,0,0,0,0,0,0,0,0,0,0,0,0
2025,17,MIN,DET,OL,0,0,0,0,0,0,0,0,0,0,0,0
2025,17,MIN,DET,QB,29,18,197,1,0,3,2,0,0,0,0,0
2025,17,MIN,DET,RB,0,0,0,0,0,27,66,0,5,4,38,0
2025,17,MIN,DET,SPEC,0,0,0,0,0,0,0,0,0,0,0,0
2025,17,MIN,DET,TE,0,0,0,0,0,0,0,0,2,0,0,0
2025,17,MIN,DET,WR,0,0,0,0,0,0,0,0,22,14,159,1
2025,17,NE,NYJ,ALL,34,20,155,0,0,28,164,1,32,20,155,0
2025,17,NE,NYJ,DB,0,0,0,0,0,0,0,0,1,1,3,0
2025,17,NE,NYJ,DL,0,0,0,0,0,0,0,0,0,0,0,0
2025,17,NE,NYJ,LB,0,0,0,0,0,0,0,0,0,0,0,0
2025,17,NE,NYJ,OL,0,0,0,0,0,0,0,0,0,0,0,0
2025,17,NE,NYJ,QB,33,19,152,0,0,2,1,0,0,0,0,0
2025,17,NE,NYJ,RB,0,0,0,0,0,25,158,1,5,3,27,0
2025,17,NE,NYJ,SPEC,1,1,3,0,0,0,0,0,0,0,0,0
2025,17,NE,NYJ,TE,0,0,0,0,0,0,0,0,7,4,24,0
2025,17,NE,NYJ,WR,0,0,0,0,0,1,5,0,19,12,101,0
2025,17,NO,TEN,ALL,40,21,251,2,0,28,108,0,35,21,251,2
2025,17,NO,TEN,DB,0,0,0,0,0,0,0,0,0,0,0,0
2025,17,NO,TEN,DL,0,0,0,0,0,0,0,0,0,0,0,0
2025,17,NO,TEN,LB,0,0,0,0,0,0,0,0,0,0,0,0
2025,17,NO,TEN,OL,0,0,0,0,0,0,0,0,0,0,0,0
2025,17,NO,TEN,QB,40,21,251,2,0,2,10,0,0,0,0,0
2025,17,NO,TEN,RB,0,0,0,0,0,25,91,0,4,3,9,0
2025,17,NO,TEN,SPEC,0,0,0,0,0,0,0,0,0,0,0,0
2025,17,NO,TEN,TE,0,0,0,0,0,0,0,0,10,5,65,1
2025,17,NO,TEN,WR,0,0,0,0,0,1,7,0,21,13,177,1
2025,17,NYG,LV,ALL,30,22,192,1,0,20,63,0,28,22,192,1
2025,17,NYG,LV,DB,0,0,0,0,0,0,0,0,0,0,0,0
2025,17,NYG,LV,DL,0,0,0,0,0,0,0,0,0,0,0,0
2025,17,NYG,LV,LB,0,0,0,0,0,0,0,0,0,0,0,0
2025,17,NYG,LV,OL,0,0,0,0,0,0,0,0,0,0,0,0
2025,17,NYG,LV,QB,30,22,192,1,0,1,1,0,0,0,0,0
2025,17,NYG,LV,RB,0,0,0,0,0,17,62,0,2,2,13,0
2025,17,NYG,LV,SPEC,0,0,0,0,0,0,0,0,0,0,0,0
2025,17,NYG,LV,TE,0,0,0,0,0,0,0,0,10,9,89,0
2025,17,NYG,LV,WR,0,0,0,0,0,2,0,0,16,11,90,1
2025,17,NYJ,NE,ALL,25,22,286,5,0,36,155,1,25,22,286,5
2025,17,NYJ,NE,DB,0,0,0,0,0,0,0,0,0,0,0,0
2025,17,NYJ,NE,DL,0,0,0,0,0,0,0,0,0,0,0,0
2025,17,NYJ,NE,LB,0,0,0,0,0,0,0,0,0,0,0,0
2025,17,NYJ,NE,OL,0,0,0,0,0,0,0,0,0,0,0,0
2025,17,NYJ,NE,QB,25,22,286,5,0,5,21,0,0,0,0,0
2025,17,NYJ,NE,RB,0,0,0,0,0,31,134,1,5,5,55,1
2025,17,NYJ,NE,SPEC,0,0,0,0,0,0,0,0,0,0,0,0
2025,17,NYJ,NE,TE,0,0,0,0,0,0,0,0,5,5,60,2
2025,17,NYJ,NE,WR,0,0,0,0,0,0,0,0,15,12,171,2
2025,17,PHI,BUF,ALL,35,23,262,0,0,33,120,2,33,23,262,0
2025,17,PHI,BUF,DB,0,0,0,0,0,0,0,0,0,0,0,0
2025,17,PHI,BUF,DL,0,0,0,0,0,0,0,0,0,0,0,0
2025,17,PHI,BUF,LB,0,0,0,0,0,0,0,0,0,0,0,0
2025,17,PHI,BUF,OL,0,0,0,0,0,0,0,0,0,0,0,0
2025,17,PHI,BUF,QB,35,23,262,0,0,7,27,2,0,0,0,0
2025,17,PHI,BUF,RB,0,0,0,0,0,26,93,0,9,5,48,0
2025,17,PHI,BUF,SPEC,0,0,0,0,0,0,0,0,0,0,0,0
2025,17,PHI,BUF,TE,0,0,0,0,0,0,0,0,5,5,30,0
2025,17,PHI,BUF,WR,0,0,0,0,0,0,0,0,19,13,184,0
2025,17,PIT,CLE,ALL,23,17,186,1,0,25,78,0,23,17,186,1
2025,17,PIT,CLE,DB,0,0,0,0,0,0,0,0,0,0,0,0
2025,17,PIT,CLE,DL,0,0,0,0,0,0,0,0,0,0,0,0
2025,17,PIT,CLE,LB,0,0,0,0,0,0,0,0,0,0,0,0
2025,17,PIT,CLE,OL,0,0,0,0,0,0,0,0,0,0,0,0
2025,17,PIT,CLE,QB,23,17,186,1,0,4,20,0,0,0,0,0
2025,17,PIT,CLE,RB,0,0,0,0,0,21,58,0,5,4,10,0
2025,17,PIT,CLE,SPEC,0,0,0,0,0,0,0,0,0,0,0,0
2025,17,PIT,CLE,TE,0,0,0,0,0,0,0,0,8,5,60,1
2025,17,PIT,CLE,WR,0,0,0,0,0,0,0,0,10,8,116,0
2025,17,SEA,CAR,ALL,24,14,54,0,0,26,99,1,21,14,54,0
2025,17,SEA,CAR,DB,0,0,0,0,0,0,0,0,0,0,0,0
2025,17,SEA,CAR,DL,0,0,0,0,0,0,0,0,0,0,0,0
2025,17,SEA,CAR,LB,0,0,0,0,0,0,0,0,0,0,0,0
2025,17,SEA,CAR,OL,0,0,0,0,0,0,0,0,0,0,0,0
2025,17,SEA,CAR,QB,24,14,54,0,0,9,27,1,0,0,0,0
2025,17,SEA,CAR,RB,0,0,0,0,0,16,71,0,8,6,10,0
2025,17,SEA,CAR,SPEC,0,0,0,0,0,0,0,0,0,0,0,0
2025,17,SEA,CAR,TE,0,0,0,0,0,1,1,0,3,2,11,0
2025,17,SEA,CAR,WR,0,0,0,0,0,0,0,0,10,6,33,0
2025,17,SF,CHI,ALL,42,25,330,2,0,22,110,2,39,25,330,2
2025,17,SF,CHI,DB,0,0,0,0,0,0,0,0,0,0,0,0
2025,17,SF,CHI,DL,0,0,0,0,0,0,0,0,0,0,0,0
2025,17,SF,CHI,LB,0,0,0,0,0,0,0,0,0,0,0,0
2025,17,SF,CHI,OL,0,0,0,0,0,0,0,0,0,0,0,0
2025,17,SF,CHI,QB,42,25,330,2,0,5,18,0,0,0,0,0
2025,17,SF,CHI,RB,0,0,0,0,0,17,92,2,7,5,34,0
2025,17,SF,CHI,SPEC,0,0,0,0,0,0,0,0,0,0,0,0
2025,17,SF,CHI,TE,0,0,0,0,0,0,0,0,14,9,121,1
2025,17,SF,CHI,WR,0,0,0,0,0,0,0,0,18,11,175,1
2025,17,TB,MIA,ALL,22,14,172,2,0,30,145,0,22,14,172,2
2025,17,TB,MIA,DB,0,0,0,0,0,0,0,0,0,0,0,0
2025,17,TB,MIA,DL,0,0,0,0,0,0,0,0,0,0,0,0
2025,17,TB,MIA,LB,0,0,0,0,0,0,0,0,0,0,0,0
2025,17,TB,MIA,OL,0,0,0,0,0,0,0,0,0,0,0,0
2025,17,TB,MIA,QB,22,14,172,2,0,4,5,0,1,1,-6,0
2025,17,TB,MIA,RB,0,0,0,0,0,23,139,0,3,3,29,0
2025,17,TB,MIA,SPEC,0,0,0,0,0,0,0,0,0,0,0,0
2025,17,TB,MIA,TE,0,0,0,0,0,1,-7,0,11,7,74,1
2025,17,TB,MIA,WR,0,0,0,0,0,2,8,0,7,3,75,1
2025,17,TEN,NO,ALL,27,22,333,2,0,23,103,1,27,22,333,2
2025,17,TEN,NO,DB,0,0,0,0,0,0,0,0,0,0,0,0
2025,17,TEN,NO,DL,0,0,0,0,0,0,0,0,0,0,0,0
2025,17,TEN,NO,LB,0,0,0,0,0,0,0,0,0,0,0,0
2025,17,TEN,NO,OL,0,0,0,0,0,0,0,0,0,0,0,0
2025,17,TEN,NO,QB,27,22,333,2,0,4,6,0,0,0,0,0
2025,17,TEN,NO,RB,0,0,0,0,0,16,97,1,1,1,4,0
2025,17,TEN,NO,SPEC,0,0,0,0,0,0,0,0,0,0,0,0
2025,17,TEN,NO,TE,0,0,0,0,0,3,0,0,6,6,105,0
2025,17,TEN,NO,WR,0,0,0,0,0,0,0,0,20,15,224,2
2025,17,WAS,DAL,ALL,37,19,307,2,0,44,211,1,36,19,307,2
2025,17,WAS,DAL,DB,0,0,0,0,0,0,0,0,0,0,0,0
2025,17,WAS,DAL,DL,0,0,0,0,0,0,0,0,0,0,0,0
2025,17,WAS,DAL,LB,0,0,0,0,0,0,0,0,0,0,0,0
2025,17,WAS,DAL,OL,0,0,0,0,0,0,0,0,0,0,0,0
2025,17,WAS,DAL,OTHER,0,0,0,0,0,0,0,0,0,0,0,0
2025,17,WAS,DAL,QB,37,19,307,2,0,4,24,0,0,0,0,0
2025,17,WAS,DAL,RB,0,0,0,0,0,40,187,1,5,1,14,0
2025,17,WAS,DAL,SPEC,0,0,0,0,0,0,0,0,0,0,0,0
2025,17,WAS,DAL,TE,0,0,0,0,0,0,0,0,6,4,52,1
2025,17,WAS,DAL,WR,0,0,0,0,0,0,0,0,25,14,241,1
2025,18,ARI,LA,ALL,40,25,259,4,0,31,143,0,37,25,259,4
2025,18,ARI,LA,DB,0,0,0,0,0,0,0,0,0,0,0,0
2025,18,ARI,LA,DL,0,0,0,0,0,0,0,0,0,0,0,0
2025,18,ARI,LA,LB,0,0,0,0,0,0,0,0,0,0,0,0
2025,18,ARI,LA,OL,0,0,0,0,0,0,0,0,0,0,0,0
2025,18,ARI,LA,QB,40,25,259,4,0,4,0,0,0,0,0,0
2025,18,ARI,LA,RB,0,0,0,0,0,25,119,0,6,4,31,0
2025,18,ARI,LA,SPEC,0,0,0,0,0,0,0,0,0,0,0,0
2025,18,ARI,LA,TE,0,0,0,0,0,0,0,0,14,9,127,3
2025,18,ARI,LA,WR,0,0,0,0,0,2,24,0,17,12,101,1
2025,18,ATL,NO,ALL,35,23,259,1,0,26,108,1,34,23,259,1
2025,18,ATL,NO,DB,0,0,0,0,0,0,0,0,0,0,0,0
2025,18,ATL,NO,DL,0,0,0,0,0,0,0,0,0,0,0,0
2025,18,ATL,NO,LB,0,0,0,0,0,0,0,0,0,0,0,0
2025,18,ATL,NO,OL,0,0,0,0,0,0,0,0,0,0,0,0
2025,18,ATL,NO,QB,35,23,259,1,0,3,34,1,0,0,0,0
2025,18,ATL,NO,RB,0,0,0,0,0,23,74,0,5,5,43,0
2025,18,ATL,NO,SPEC,0,0,0,0,0,0,0,0,0,0,0,0
2025,18,ATL,NO,TE,0,0,0,0,0,0,0,0,8,6,93,0
2025,18,ATL,NO,WR,0,0,0,0,0,0,0,0,21,12,123,1
2025,18,BAL,PIT,ALL,47,31,294,1,0,24,100,2,44,31,294,1
2025,18,BAL,PIT,DB,0,0,0,0,0,0,0,0,0,0,0,0
2025,18,BAL,PIT,DL,0,0,0,0,0,0,0,0,0,0,0,0
2025,18,BAL,PIT,LB,0,0,0,0,0,0,0,0,0,0,0,0
2025,18,BAL,PIT,QB,47,31,294,1,0,1,20,0,0,0,0,0
2025,18,BAL,PIT,RB,0,0,0,0,0,22,78,2,15,14,100,0
2025,18,BAL,PIT,SPEC,0,0,0,0,0,0,0,0,0,0,0,0
2025,18,BAL,PIT,TE,0,0,0,0,0,1,2,0,7,4,53,0
2025,18,BAL,PIT,WR,0,0,0,0,0,0,0,0,22,13,141,1
2025,18,BUF,NYJ,ALL,22,11,60,1,0,23,69,0,22,11,60,1
2025,18,BUF,NYJ,DB,0,0,0,0,0,0,0,0,0,0,0,0
2025,18,BUF,NYJ,DL,0,0,0,0,0,0,0,0,0,0,0,0
2025,18,BUF,NYJ,LB,0,0,0,0,0,0,0,0,0,0,0,0
2025,18,BUF,NYJ,OL,0,0,0,0,0,0,0,0,0,0,0,0
2025,18,BUF,NYJ,QB,22,11,60,1,0,3,7,0,0,0,0,0
2025,18,BUF,NYJ,RB,0,0,0,0,0,19,60,0,5,2,6,1
2025,18,BUF,NYJ,SPEC,0,0,0,0,0,0,0,0,0,0,0,0
2025,18,BUF,NYJ,WR,0,0,0,0,0,1,2,0,17,9,54,0
2025,18,CAR,TB,ALL,22,16,203,1,0,42,140,0,22,16,203,1
2025,18,CAR,TB,DB,0,0,0,0,0,0,0,0,0,0,0,0
2025,18,CAR,TB,DL,0,0,0,0,0,0,0,0,0,0,0,0
2025,18,CAR,TB,LB,0,0,0,0,0,0,0,0,0,0,0,0
2025,18,CAR,TB,OTHER,0,0,0,0,0,0,0,0,0,0,0,0
2025,18,CAR,TB,QB,22,16,203,1,0,4,31,0,0,0,0,0
2025,18,CAR,TB,RB,0,0,0,0,0,37,104,0,4,3,31,0
2025,18,CAR,TB,SPEC,0,0,0,0,0,0,0,0,0,0,0,0
2025,18,CAR,TB,TE,0,0,0,0,0,0,0,0,10,7,94,1
2025,18,CAR,TB,WR,0,0,0,0,0,1,5,0,8,6,78,0
2025,18,CHI,DET,ALL,42,27,331,1,0,27,122,0,36,27,331,1
2025,18,CHI,DET,DB,0,0,0,0,0,0,0,0,0,0,0,0
2025,18,CHI,DET,DL,0,0,0,0,0,0,0,0,0,0,0,0
2025,18,CHI,DET,LB,0,0,0,0,0,0,0,0,0,0,0,0
2025,18,CHI,DET,OL,0,0,0,0,0,0,0,0,0,0,0,0
2025,18,CHI,DET,QB,42,27,331,1,0,0,0,0,0,0,0,0
2025,18,CHI,DET,RB,0,0,0,0,0,27,122,0,6,4,46,1
2025,18,CHI,DET,SPEC,0,0,0,0,0,0,0,0,0,0,0,0
2025,18,CHI,DET,TE,0,0,0,0,0,0,0,0,3,2,2,0
2025,18,CHI,DET,WR,0,0,0,0,0,0,0,0,27,21,283,0
2025,18,CIN,CLE,ALL,22,11,111,0,0,24,118,0,21,11,111,0
2025,18,CIN,CLE,DB,0,0,0,0,0,0,0,0,0,0,0,0
2025,18,CIN,CLE,DL,0,0,0,0,0,0,0,0,0,0,0,0
2025,18,CIN,CLE,LB,0,0,0,0,0,0,0,0,0,0,0,0
2025,18,CIN,CLE,QB,22,11,111,0,0,3,26,0,0,0,0,0
2025,18,CIN,CLE,RB,0,0,0,0,0,16,65,0,6,4,32,0
2025,18,CIN,CLE,SPEC,0,0,0,0,0,0,0,0,0,0,0,0
2025,18,CIN,CLE,TE,0,0,0,0,0,0,0,0,3,1,6,0
2025,18,CIN,CLE,WR,0,0,0,0,0,5,27,0,12,6,73,0
2025,18,CLE,CIN,ALL,39,29,236,3,0,25,142,0,38,29,236,3
2025,18,CLE,CIN,DB,0,0,0,0,0,0,0,0,0,0,0,0
2025,18,CLE,CIN,DL,0,0,0,0,0,0,0,0,0,0,0,0
2025,18,CLE,CIN,LB,0,0,0,0,0,0,0,0,0,0,0,0
2025,18,CLE,CIN,OL,0,0,0,0,0,0,0,0,0,0,0,0
2025,18,CLE,CIN,QB,39,29,236,3,0,3,19,0,0,0,0,0
2025,18,CLE,CIN,RB,0,0,0,0,0,21,114,0,10,7,28,1
2025,18,CLE,CIN,SPEC,0,0,0,0,0,0,0,0,0,0,0,0
2025,18,CLE,CIN,TE,0,0,0,0,0,0,0,0,6,6,35,0
2025,18,CLE,CIN,WR,0,0,0,0,0,1,9,0,22,16,173,2
2025,18,DAL,NYG,ALL,33,22,230,2,0,32,161,1,32,22,230,2
2025,18,DAL,NYG,DB,0,0,0,0,0,0,0,0,0,0,0,0
2025,18,DAL,NYG,DL,0,0,0,0,0,0,0,0,0,0,0,0
2025,18,DAL,NYG,LB,0,0,0,0,0,0,0,0,0,0,0,0
2025,18,DAL,NYG,OL,0,0,0,0,0,0,0,0,0,0,0,0
2025,18,DAL,NYG,QB,32,22,230,2,0,5,32,0,0,0,0,0
2025,18,DAL,NYG,RB,0,0,0,0,0,27,129,1,9,8,56,1
2025,18,DAL,NYG,SPEC,0,0,0,0,0,0,0,0,0,0,0,0
2025,18,DAL,NYG,TE,0,0,0,0,0,0,0,0,3,2,38,1
2025,18,DAL,NYG,WR,1,0,0,0,0,0,0,0,20,12,136,0
2025,18,DEN,LAC,ALL,44,20,136,0,0,21,113,0,38,20,136,0
2025,18,DEN,LAC,DB,0,0,0,0,0,0,0,0,0,0,0,0
2025,18,DEN,LAC,DL,0,0,0,0,0,0,0,0,0,0,0,0
2025,18,DEN,LAC,LB,0,0,0,0,0,0,0,0,0,0,0,0
2025,18,DEN,LAC,OL,0,0,0,0,0,0,0,0,0,0,0,0
2025,18,DEN,LAC,QB,44,20,136,0,0,9,69,0,0,0,0,0
2025,18,DEN,LAC,RB,0,0,0,0,0,12,44,0,5,4,6,0
2025,18,DEN,LAC,SPEC,0,0,0,0,0,0,0,0,0,0,0,0
2025,18,DEN,LAC,TE,0,0,0,0,0,0,0,0,8,4,35,0
2025,18,DEN,LAC,WR,0,0,0,0,0,0,0,0,25,12,95,0
2025,18,DET,CHI,ALL,33,20,212,2,0,18,65,0,29,20,212,2
2025,18,DET,CHI,DB,0,0,0,0,0,0,0,0,0,0,0,0
2025,18,DET,CHI,DL,0,0,0,0,0,0,0,0,0,0,0,0
2025,18,DET,CHI,LB,0,0,0,0,0,0,0,0,0,0,0,0
2025,18,DET,CHI,QB,33,20,212,2,0,1,1,0,0,0,0,0
2025,18,DET,CHI,RB,0,0,0,0,0,16,54,0,3,2,23,0
2025,18,DET,CHI,SPEC,0,0,0,0,0,0,0,0,0,0,0,0
2025,18,DET,CHI,TE,0,0,0,0,0,0,0,0,16,12,107,1
2025,18,DET,CHI,WR,0,0,0,0,0,1,10,0,10,6,82,1
2025,18,GB,MIN,ALL,31,21,239,0,0,31,137,1,30,21,239,0
2025,18,GB,MIN,DB,0,0,0,0,0,0,0,0,0,0,0,0
2025,18,GB,MIN,DL,0,0,0,0,0,0,0,0,0,0,0,0
2025,18,GB,MIN,LB,0,0,0,0,0,0,0,0,0,0,0,0
2025,18,GB,MIN,QB,31,21,239,0,0,2,7,0,0,0,0,0
2025,18,GB,MIN,RB,0,0,0,0,0,28,127,1,6,5,25,0
2025,18,GB,MIN,SPEC,0,0,0,0,0,0,0,0,0,0,0,0
2025,18,GB,MIN,TE,0,0,0,0,0,0,0,0,7,4,56,0
2025,18,GB,MIN,WR,0,0,0,0,0,1,3,0,17,12,158,0
2025,18,HOU,IND,ALL,35,22,286,2,0,28,76,1,33,22,286,2
2025,18,HOU,IND,DB,0,0,0,0,0,0,0,0,0,0,0,0
2025,18,HOU,IND,DL,0,0,0,0,0,0,0,0,0,0,0,0
2025,18,HOU,IND,LB,0,0,0,0,0,0,0,0,0,0,0,0
2025,18,HOU,IND,QB,34,21,270,2,0,3,21,1,0,0,-3,0
2025,18,HOU,IND,RB,0,0,0,0,0,24,60,0,4,4,37,0
2025,18,HOU,IND,SPEC,1,1,16,0,0,0,0,0,0,0,0,0
2025,18,HOU,IND,TE,0,0,0,0,0,0,0,0,12,8,48,0
2025,18,HOU,IND,WR,0,0,0,0,0,1,-5,0,17,10,204,2
2025,18,IND,HOU,ALL,32,17,205,1,0,32,134,1,28,17,205,1
2025,18,IND,HOU,DB,0,0,0,0,0,0,0,0,0,0,0,0
2025,18,IND,HOU,DL,0,0,0,0,0,0,0,0,0,0,0,0
2025,18,IND,HOU,LB,0,0,0,0,0,0,0,0,0,0,0,0
2025,18,IND,HOU,OL,0,0,0,0,0,0,0,0,0,0,0,0
2025,18,IND,HOU,QB,32,17,205,1,0,3,17,1,0,0,0,0
2025,18,IND,HOU,RB,0,0,0,0,0,29,117,0,5,3,6,0
2025,18,IND,HOU,SPEC,0,0,0,0,0,0,0,0,0,0,0,0
2025,18,IND,HOU,TE,0,0,0,0,0,0,0,0,6,5,82,0
2025,18,IND,HOU,WR,0,0,0,0,0,0,0,0,17,9,117,1
2025,18,JAX,TEN,ALL,33,20,124,0,0,19,77,1,33,20,124,0
2025,18,JAX,TEN,DB,0,0,0,0,0,0,0,0,0,0,0,0
2025,18,JAX,TEN,DL,0,0,0,0,0,0,0,0,0,0,0,0
2025,18,JAX,TEN,LB,0,0,0,0,0,0,0,0,0,0,0,0
2025,18,JAX,TEN,OL,0,0,0,0,0,0,0,0,0,0,0,0
2025,18,JAX,TEN,QB,33,20,124,0,0,2,11,1,0,0,0,0
2025,18,JAX,TEN,RB,0,0,0,0,0,17,66,0,10,10,26,0
2025,18,JAX,TEN,SPEC,0,0,0,0,0,0,0,0,0,0,0,0
2025,18,JAX,TEN,TE,0,0,0,0,0,0,0,0,8,3,16,0
2025,18,JAX,TEN,WR,0,0,0,0,0,0,0,0,15,7,82,0
2025,18,KC,LV,ALL,26,11,105,0,0,32,118,0,26,11,105,0
2025,18,KC,LV,DB,0,0,0,0,0,1,3,0,0,0,0,0
2025,18,KC,LV,DL,0,0,0,0,0,0,0,0,0,0,0,0
2025,18,KC,LV,LB,0,0,0,0,0,0,0,0,0,0,0,0
2025,18,KC,LV,OL,0,0,0,0,0,0,0,0,0,0,0,0
2025,18,KC,LV,QB,26,11,105,0,0,2,16,0,0,0,0,0
2025,18,KC,LV,RB,0,0,0,0,0,27,92,0,6,4,12,0
2025,18,KC,LV,SPEC,0,0,0,0,0,0,0,0,0,0,0,0
2025,18,KC,LV,TE,0,0,0,0,0,0,0,0,5,3,47,0
2025,18,KC,LV,WR,0,0,0,0,0,2,7,0,15,4,46,0
2025,18,LA,ARI,ALL,32,23,271,2,0,15,79,0,28,23,271,2
2025,18,LA,ARI,DB,0,0,0,0,0,0,0,0,0,0,0,0
2025,18,LA,ARI,DL,0,0,0,0,0,0,0,0,0,0,0,0
2025,18,LA,ARI,LB,0,0,0,0,0,0,0,0,0,0,0,0
2025,18,LA,ARI,OL,0,0,0,0,0,0,0,0,0,0,0,0
2025,18,LA,ARI,QB,31,22,243,2,0,3,19,0,0,0,0,0
2025,18,LA,ARI,RB,0,0,0,0,0,12,60,0,7,6,64,0
2025,18,LA,ARI,SPEC,1,1,28,0,0,0,0,0,0,0,0,0
2025,18,LA,ARI,TE,0,0,0,0,0,0,0,0,13,12,108,1
2025,18,LA,ARI,WR,0,0,0,0,0,0,0,0,8,5,99,1
2025,18,LAC,DEN,ALL,23,14,141,0,0,31,116,0,23,14,141,0
2025,18,LAC,DEN,DB,0,0,0,0,0,0,0,0,0,0,0,0
2025,18,LAC,DEN,DL,0,0,0,0,0,0,0,0,0,0,0,0
2025,18,LAC,DEN,LB,0,0,0,0,0,0,0,0,0,0,0,0
2025,18,LAC,DEN,QB,23,14,141,0,0,8,49,0,0,0,0,0
2025,18,LAC,DEN,RB,0,0,0,0,0,23,67,0,8,4,50,0
2025,18,LAC,DEN,SPEC,0,0,0,0,0,0,0,0,0,0,0,0
2025,18,LAC,DEN,TE,0,0,0,0,0,0,0,0,4,3,45,0
2025,18,LAC,DEN,WR,0,0,0,0,0,0,0,0,11,7,46,0
2025,18,LV,KC,ALL,31,18,146,0,0,23,84,0,30,18,146,0
2025,18,LV,KC,DB,0,0,0,0,0,0,0,0,0,0,0,0
2025,18,LV,KC,DL,0,0,0,0,0,0,0,0,0,0,0,0
2025,18,LV,KC,LB,0,0,0,0,0,0,0,0,0,0,0,0
2025,18,LV,KC,OL,0,0,0,0,0,0,0,0,0,0,0,0
2025,18,LV,KC,QB,31,18,146,0,0,2,4,0,0,0,0,0
2025,18,LV,KC,RB,0,0,0,0,0,21,80,0,8,5,23,0
2025,18,LV,KC,SPEC,0,0,0,0,0,0,0,0,0,0,0,0
2025,18,LV,KC,TE,0,0,0,0,0,0,0,0,11,6,42,0
2025,18,LV,KC,WR,0,0,0,0,0,0,0,0,11,7,81,0
2025,18,MIA,NE,ALL,22,17,214,1,0,34,243,4,20,17,214,1
2025,18,MIA,NE,DB,0,0,0,0,0,0,0,0,0,0,0,0
2025,18,MIA,NE,DL,0,0,0,0,0,0,0,0,0,0,0,0
2025,18,MIA,NE,LB,0,0,0,0,0,0,0,0,0,0,0,0
2025,18,MIA,NE,OL,0,0,0,0,0,0,0,0,0,0,0,0
2025,18,MIA,NE,QB,22,17,214,1,0,8,41,0,0,0,0,0
2025,18,MIA,NE,RB,0,0,0,0,0,25,197,4,2,2,22,1
2025,18,MIA,NE,SPEC,0,0,0,0,0,0,0,0,0,0,0,0
2025,18,MIA,NE,TE,0,0,0,0,0,0,0,0,7,7,61,0
2025,18,MIA,NE,WR,0,0,0,0,0,1,5,0,11,8,131,0
2025,18,MIN,GB,ALL,11,6,34,0,0,35,128,0,10,6,34,0
2025,18,MIN,GB,DB,0,0,0,0,0,0,0,0,0,0,0,0
2025,18,MIN,GB,DL,0,0,0,0,0,0,0,0,0,0,0,0
2025,18,MIN,GB,LB,0,0,0,0,0,0,0,0,0,0,0,0
2025,18,MIN,GB,OL,0,0,0,0,0,0,0,0,0,0,0,0
2025,18,MIN,GB,QB,11,6,34,0,0,4,23,0,0,0,0,0
2025,18,MIN,GB,RB,0,0,0,0,0,31,105,0,1,1,4,0
2025,18,MIN,GB,SPEC,0,0,0,0,0,0,0,0,0,0,0,0
2025,18,MIN,GB,TE,0,0,0,0,0,0,0,0,3,2,7,0
2025,18,MIN,GB,WR,0,0,0,0,0,0,0,0,6,3,23,0
2025,18,NE,MIA,ALL,25,16,137,1,0,25,63,0,24,16,137,1
2025,18,NE,MIA,DB,0,0,0,0,0,0,0,0,0,0,0,0
2025,18,NE,MIA,DL,0,0,0,0,0,0,0,0,0,0,0,0
2025,18,NE,MIA,LB,0,0,0,0,0,0,0,0,0,0,0,0
2025,18,NE,MIA,OL,0,0,0,0,0,0,0,0,0,0,0,0
2025,18,NE,MIA,QB,25,16,137,1,0,1,9,0,0,0,0,0
2025,18,NE,MIA,RB,0,0,0,0,0,22,32,0,5,4,22,0
2025,18,NE,MIA,SPEC,0,0,0,0,0,0,0,0,0,0,0,0
2025,18,NE,MIA,TE,0,0,0,0,0,0,0,0,5,4,39,0
2025,18,NE,MIA,WR,0,0,0,0,0,2,22,0,14,8,76,1
2025,18,NO,ATL,ALL,32,18,180,1,0,25,49,0,30,18,180,1
2025,18,NO,ATL,DB,0,0,0,0,0,0,0,0,0,0,0,0
2025,18,NO,ATL,DL,0,0,0,0,0,0,0,0,0,0,0,0
2025,18,NO,ATL,LB,0,0,0,0,0,0,0,0,0,0,0,0
2025,18,NO,ATL,OL,0,0,0,0,0,0,0,0,0,0,0,0
2025,18,NO,ATL,QB,32,18,180,1,0,3,0,0,0,0,0,0
2025,18,NO,ATL,RB,0,0,0,0,0,22,49,0,5,4,13,0
2025,18,NO,ATL,SPEC,0,0,0,0,0,0,0,0,0,0,0,0
2025,18,NO,ATL,TE,0,0,0,0,0,0,0,0,9,6,58,0
2025,18,NO,ATL,WR,0,0,0,0,0,0,0,0,16,8,109,1
2025,18,NYG,DAL,ALL,24,14,143,0,0,30,143,2,23,14,143,0
2025,18,NYG,DAL,DB,0,0,0,0,0,0,0,0,0,0,0,0
2025,18,NYG,DAL,DL,0,0,0,0,0,0,0,0,0,0,0,0
2025,18,NYG,DAL,LB,0,0,0,0,0,0,0,0,0,0,0,0
2025,18,NYG,DAL,QB,24,14,143,0,0,6,42,0,0,0,0,0
2025,18,NYG,DAL,RB,0,0,0,0,0,23,94,2,3,3,15,0
2025,18,NYG,DAL,SPEC,0,0,0,0,0,0,0,0,0,0,0,0
2025,18,NYG,DAL,TE,0,0,0,0,0,0,0,0,6,4,47,0
2025,18,NYG,DAL,WR,0,0,0,0,0,1,7,0,14,7,81,0
2025,18,NYJ,BUF,ALL,29,22,259,4,0,43,211,1,28,22,259,4
2025,18,NYJ,BUF,DB,0,0,0,0,0,0,0,0,0,0,0,0
2025,18,NYJ,BUF,DL,0,0,0,0,0,0,0,0,0,0,0,0
2025,18,NYJ,BUF,LB,0,0,0,0,0,0,0,0,0,0,0,0
2025,18,NYJ,BUF,OL,0,0,0,0,0,0,0,0,0,0,0,0
2025,18,NYJ,BUF,QB,29,22,259,4,0,5,5,0,0,0,0,0
2025,18,NYJ,BUF,RB,0,0,0,0,0,38,206,1,5,5,65,2
2025,18,NYJ,BUF,SPEC,0,0,0,0,0,0,0,0,0,0,0,0
2025,18,NYJ,BUF,TE,0,0,0,0,0,0,0,0,9,9,103,1
2025,18,NYJ,BUF,WR,0,0,0,0,0,0,0,0,14,8,91,1
2025,18,PHI,WAS,ALL,22,14,131,1,0,41,143,2,19,14,131,1
2025,18,PHI,WAS,DB,0,0,0,0,0,0,0,0,0,0,0,0
2025,18,PHI,WAS,DL,0,0,0,0,0,0,0,0,0,0,0,0
2025,18,PHI,WAS,LB,0,0,0,0,0,0,0,0,0,0,0,0
2025,18,PHI,WAS,OL,0,0,0,0,0,0,0,0,0,0,0,0
2025,18,PHI,WAS,QB,22,14,131,1,0,9,45,1,0,0,0,0
2025,18,PHI,WAS,RB,0,0,0,0,0,30,97,1,2,2,26,0
2025,18,PHI,WAS,SPEC,0,0,0,0,0,0,0,0,0,0,0,0
2025,18,PHI,WAS,TE,0,0,0,0,0,0,0,0,4,4,16,1
2025,18,PHI,WAS,WR,0,0,0,0,0,2,1,0,13,8,89,0
2025,18,PIT,BAL,ALL,18,11,238,3,0,27,137,0,17,11,238,3
2025,18,PIT,BAL,DB,0,0,0,0,0,0,0,0,0,0,0,0
2025,18,PIT,BAL,DL,0,0,0,0,0,0,0,0,0,0,0,0
2025,18,PIT,BAL,LB,0,0,0,0,0,0,0,0,0,0,0,0
2025,18,PIT,BAL,OL,0,0,0,0,0,0,0,0,0,0,0,0
2025,18,PIT,BAL,QB,18,11,238,3,0,4,9,0,0,0,0,0
2025,18,PIT,BAL,RB,0,0,0,0,0,23,128,0,2,1,8,0
2025,18,PIT,BAL,SPEC,0,0,0,0,0,0,0,0,0,0,0,0
2025,18,PIT,BAL,TE,0,0,0,0,0,0,0,0,5,4,46,0
2025,18,PIT,BAL,WR,0,0,0,0,0,0,0,0,10,6,184,3
2025,18,SEA,SF,ALL,27,19,127,0,0,12,53,0,27,19,127,0
2025,18,SEA,SF,DB,0,0,0,0,0,0,0,0,0,0,0,0
2025,18,SEA,SF,DL,0,0,0,0,0,0,0,0,0,0,0,0
2025,18,SEA,SF,LB,0,0,0,0,0,0,0,0,0,0,0,0
2025,18,SEA,SF,QB,27,19,127,0,0,2,21,0,0,0,0,0
2025,18,SEA,SF,RB,0,0,0,0,0,10,32,0,9,7,39,0
2025,18,SEA,SF,SPEC,0,0,0,0,0,0,0,0,0,0,0,0
2025,18,SEA,SF,TE,0,0,0,0,0,0,0,0,7,5,29,0
2025,18,SEA,SF,WR,0,0,0,0,0,0,0,0,11,7,59,0
2025,18,SF,SEA,ALL,26,20,198,0,0,39,180,1,26,20,198,0
2025,18,SF,SEA,DB,0,0,0,0,0,0,0,0,0,0,0,0
2025,18,SF,SEA,DL,0,0,0,0,0,0,0,0,0,0,0,0
2025,18,SF,SEA,LB,0,0,0,0,0,0,0,0,0,0,0,0
2025,18,SF,SEA,OL,0,0,0,0,0,0,0,0,0,0,0,0
2025,18,SF,SEA,QB,26,20,198,0,0,6,9,0,0,0,0,0
2025,18,SF,SEA,RB,0,0,0,0,0,33,171,1,8,7,59,0
2025,18,SF,SEA,SPEC,0,0,0,0,0,0,0,0,0,0,0,0
2025,18,SF,SEA,TE,0,0,0,0,0,0,0,0,6,4,24,0
2025,18,SF,SEA,WR,0,0,0,0,0,0,0,0,12,9,115,0
2025,18,TB,CAR,ALL,35,24,266,2,0,14,19,0,30,24,266,2
2025,18,TB,CAR,DB,0,0,0,0,0,0,0,0,0,0,0,0
2025,18,TB,CAR,DL,0,0,0,0,0,0,0,0,0,0,0,0
2025,18,TB,CAR,LB,0,0,0,0,0,0,0,0,0,0,0,0
2025,18,TB,CAR,OL,0,0,0,0,0,0,0,0,0,0,0,0
2025,18,TB,CAR,QB,35,24,266,2,0,2,-1,0,0,0,0,0
2025,18,TB,CAR,RB,0,0,0,0,0,12,20,0,4,4,27,0
2025,18,TB,CAR,SPEC,0,0,0,0,0,0,0,0,0,0,0,0
2025,18,TB,CAR,TE,0,0,0,0,0,0,0,0,6,4,43,1
2025,18,TB,CAR,WR,0,0,0,0,0,0,0,0,20,16,196,1
2025,18,TEN,JAX,ALL,32,24,271,3,0,24,64,1,31,24,271,3
2025,18,TEN,JAX,DB,0,0,0,0,0,0,0,0,0,0,0,0
2025,18,TEN,JAX,DL,0,0,0,0,0,0,0,0,0,0,0,0
2025,18,TEN,JAX,LB,0,0,0,0,0,0,0,0,0,0,0,0
2025,18,TEN,JAX,OL,0,0,0,0,0,0,0,0,0,0,0,0
2025,18,TEN,JAX,QB,32,24,271,3,0,5,9,0,0,0,0,0
2025,18,TEN,JAX,RB,0,0,0,0,0,19,55,1,1,1,6,0
2025,18,TEN,JAX,SPEC,0,0,0,0,0,0,0,0,0,0,0,0
2025,18,TEN,JAX,TE,0,0,0,0,0,0,0,0,8,8,73,2
2025,18,TEN,JAX,WR,0,0,0,0,0,0,0,0,22,15,192,1
2025,18,WAS,PHI,ALL,40,21,241,1,0,19,80,1,34,21,241,1
2025,18,WAS,PHI,DB,0,0,0,0,0,0,0,0,0,0,0,0
2025,18,WAS,PHI,DL,0,0,0,0,0,0,0,0,0,0,0,0
2025,18,WAS,PHI,LB,0,0,0,0,0,0,0,0,0,0,0,0
2025,18,WAS,PHI,QB,40,21,241,1,0,2,3,0,0,0,0,0
2025,18,WAS,PHI,RB,0,0,0,0,0,17,77,1,5,4,45,0
2025,18,WAS,PHI,SPEC,0,0,0,0,0,0,0,0,0,0,0,0
2025,18,WAS,PHI,TE,0,0,0,0,0,0,0,0,8,6,51,1
2025,18,WAS,PHI,WR,0,0,0,0,0,0,0,0,21,11,145,0
2026,1,LA,SF,ALL,34,25,205,3,0,30,174,0,34,25,205,3
2026,1,LA,SF,DB,0,0,0,0,0,0,0,0,0,0,0,0
2026,1,LA,SF,DL,0,0,0,0,0,0,0,0,0,0,0,0
2026,1,LA,SF,LB,0,0,0,0,0,0,0,0,0,0,0,0
2026,1,LA,SF,OL,0,0,0,0,0,0,0,0,1,1,2,0
2026,1,LA,SF,QB,34,25,205,3,0,5,29,0,0,0,0,0
2026,1,LA,SF,RB,0,0,0,0,0,24,133,0,9,6,25,0
2026,1,LA,SF,SPEC,0,0,0,0,0,0,0,0,0,0,0,0
2026,1,LA,SF,TE,0,0,0,0,0,0,0,0,7,4,31,0
2026,1,LA,SF,WR,0,0,0,0,0,1,12,0,17,14,147,3
2026,1,NE,SEA,ALL,24,17,200,1,0,22,97,0,24,17,200,1
2026,1,NE,SEA,DB,0,0,0,0,0,0,0,0,0,0,0,0
2026,1,NE,SEA,DL,0,0,0,0,0,0,0,0,0,0,0,0
2026,1,NE,SEA,LB,0,0,0,0,0,0,0,0,0,0,0,0
2026,1,NE,SEA,OL,0,0,0,0,0,0,0,0,0,0,0,0
2026,1,NE,SEA,OTHER,0,0,0,0,0,0,0,0,0,0,0,0
2026,1,NE,SEA,QB,24,17,200,1,0,2,13,0,0,0,0,0
2026,1,NE,SEA,RB,0,0,0,0,0,20,84,0,5,4,26,0
2026,1,NE,SEA,SPEC,0,0,0,0,0,0,0,0,0,0,0,0
2026,1,NE,SEA,TE,0,0,0,0,0,0,0,0,2,2,13,0
2026,1,NE,SEA,WR,0,0,0,0,0,0,0,0,17,11,161,1
2026,1,SEA,NE,ALL,33,23,178,1,0,31,109,0,31,23,178,1
2026,1,SEA,NE,DB,0,0,0,0,0,0,0,0,0,0,0,0
2026,1,SEA,NE,DL,0,0,0,0,0,0,0,0,0,0,0,0
2026,1,SEA,NE,LB,0,0,0,0,0,0,0,0,0,0,0,0
2026,1,SEA,NE,OL,0,0,0,0,0,0,0,0,0,0,0,0
2026,1,SEA,NE,QB,33,23,178,1,0,7,47,0,0,0,0,0
2026,1,SEA,NE,RB,0,0,0,0,0,24,62,0,8,7,53,0
2026,1,SEA,NE,SPEC,0,0,0,0,0,0,0,0,0,0,0,0
2026,1,SEA,NE,TE,0,0,0,0,0,0,0,0,4,4,28,1
2026,1,SEA,NE,WR,0,0,0,0,0,0,0,0,19,12,97,0
2026,1,SF,LA,ALL,28,17,168,0,0,29,122,1,27,17,168,0
2026,1,SF,LA,DB,0,0,0,0,0,0,0,0,0,0,0,0
2026,1,SF,LA,DL,0,0,0,0,0,0,0,0,0,0,0,0
2026,1,SF,LA,LB,0,0,0,0,0,0,0,0,0,0,0,0
2026,1,SF,LA,OL,0,0,0,0,0,0,0,0,0,0,0,0
2026,1,SF,LA,QB,28,17,168,0,0,3,8,0,0,0,0,0
2026,1,SF,LA,RB,0,0,0,0,0,26,114,1,4,4,29,0
2026,1,SF,LA,SPEC,0,0,0,0,0,0,0,0,0,0,0,0
2026,1,SF,LA,TE,0,0,0,0,0,0,0,0,6,4,31,0
2026,1,SF,LA,WR,0,0,0,0,0,0,0,0,17,9,108,0
